scenario_model,scenario_depth,omitted_isolate,combo,rank,overall_score,is_eligible,is_near_tie,is_winner,scoring_version,source_data_hash,source_data_commit
hac,20x,AJ292__202310,seqkit-dorado,1,94.55366927269792,True,False,True,1.0,ee7a50a277fef6153a1cc05f9cc2afd227e940efbd36a4c2b0abe9a57580901b,4d6b8cb1d482e5066f9ca575ebd3b67af4a32562
hac,20x,AJ292__202310,chopper-dorado,2,92.10148046741337,True,True,False,1.0,ee7a50a277fef6153a1cc05f9cc2afd227e940efbd36a4c2b0abe9a57580901b,4d6b8cb1d482e5066f9ca575ebd3b67af4a32562
hac,20x,AJ292__202310,unprocessed-porechop_abi,3,91.14798777375003,True,True,False,1.0,ee7a50a277fef6153a1cc05f9cc2afd227e940efbd36a4c2b0abe9a57580901b,4d6b8cb1d482e5066f9ca575ebd3b67af4a32562
hac,20x,AJ292__202310,unprocessed-dorado,4,89.38490701194425,True,False,False,1.0,ee7a50a277fef6153a1cc05f9cc2afd227e940efbd36a4c2b0abe9a57580901b,4d6b8cb1d482e5066f9ca575ebd3b67af4a32562
hac,20x,AJ292__202310,seqkit-barbell,5,85.71744555353746,True,True,False,1.0,ee7a50a277fef6153a1cc05f9cc2afd227e940efbd36a4c2b0abe9a57580901b,4d6b8cb1d482e5066f9ca575ebd3b67af4a32562
hac,20x,AJ292__202310,unprocessed-untrimmed,6,85.47869422310532,True,True,False,1.0,ee7a50a277fef6153a1cc05f9cc2afd227e940efbd36a4c2b0abe9a57580901b,4d6b8cb1d482e5066f9ca575ebd3b67af4a32562
hac,20x,AJ292__202310,chopper-barbell,7,82.7527051009722,True,True,False,1.0,ee7a50a277fef6153a1cc05f9cc2afd227e940efbd36a4c2b0abe9a57580901b,4d6b8cb1d482e5066f9ca575ebd3b67af4a32562
hac,20x,AJ292__202310,fastplong-all,8,82.02333230041904,True,True,False,1.0,ee7a50a277fef6153a1cc05f9cc2afd227e940efbd36a4c2b0abe9a57580901b,4d6b8cb1d482e5066f9ca575ebd3b67af4a32562
hac,20x,AJ292__202310,seqkit-porechop_abi,9,81.86315448377977,True,True,False,1.0,ee7a50a277fef6153a1cc05f9cc2afd227e940efbd36a4c2b0abe9a57580901b,4d6b8cb1d482e5066f9ca575ebd3b67af4a32562
hac,20x,AJ292__202310,chopper-porechop_abi,10,79.40509443713927,True,False,False,1.0,ee7a50a277fef6153a1cc05f9cc2afd227e940efbd36a4c2b0abe9a57580901b,4d6b8cb1d482e5066f9ca575ebd3b67af4a32562
hac,20x,AJ292__202310,unprocessed-barbell,11,75.6860749175992,True,True,False,1.0,ee7a50a277fef6153a1cc05f9cc2afd227e940efbd36a4c2b0abe9a57580901b,4d6b8cb1d482e5066f9ca575ebd3b67af4a32562
hac,20x,AJ292__202310,seqkit-untrimmed,12,75.59736058936906,True,True,False,1.0,ee7a50a277fef6153a1cc05f9cc2afd227e940efbd36a4c2b0abe9a57580901b,4d6b8cb1d482e5066f9ca575ebd3b67af4a32562
hac,20x,AJ292__202310,chopper-untrimmed,13,72.00092900959172,True,False,False,1.0,ee7a50a277fef6153a1cc05f9cc2afd227e940efbd36a4c2b0abe9a57580901b,4d6b8cb1d482e5066f9ca575ebd3b67af4a32562
hac,20x,AJ292__202310,filtlong-porechop_abi,14,61.08896267194401,True,False,False,1.0,ee7a50a277fef6153a1cc05f9cc2afd227e940efbd36a4c2b0abe9a57580901b,4d6b8cb1d482e5066f9ca575ebd3b67af4a32562
hac,20x,AJ292__202310,filtlong-untrimmed,15,58.37674607529679,True,True,False,1.0,ee7a50a277fef6153a1cc05f9cc2afd227e940efbd36a4c2b0abe9a57580901b,4d6b8cb1d482e5066f9ca575ebd3b67af4a32562
hac,20x,AJ292__202310,filtlong-dorado,16,57.915501869061536,True,True,False,1.0,ee7a50a277fef6153a1cc05f9cc2afd227e940efbd36a4c2b0abe9a57580901b,4d6b8cb1d482e5066f9ca575ebd3b67af4a32562
hac,20x,AJ292__202310,filtlong-barbell,17,50.87679810544591,True,False,False,1.0,ee7a50a277fef6153a1cc05f9cc2afd227e940efbd36a4c2b0abe9a57580901b,4d6b8cb1d482e5066f9ca575ebd3b67af4a32562
hac,20x,AMtb_1__202402,seqkit-dorado,1,94.54224109791181,True,False,True,1.0,ee7a50a277fef6153a1cc05f9cc2afd227e940efbd36a4c2b0abe9a57580901b,4d6b8cb1d482e5066f9ca575ebd3b67af4a32562
hac,20x,AMtb_1__202402,chopper-dorado,2,92.03754532688154,True,True,False,1.0,ee7a50a277fef6153a1cc05f9cc2afd227e940efbd36a4c2b0abe9a57580901b,4d6b8cb1d482e5066f9ca575ebd3b67af4a32562
hac,20x,AMtb_1__202402,unprocessed-porechop_abi,3,91.20050630122755,True,True,False,1.0,ee7a50a277fef6153a1cc05f9cc2afd227e940efbd36a4c2b0abe9a57580901b,4d6b8cb1d482e5066f9ca575ebd3b67af4a32562
hac,20x,AMtb_1__202402,unprocessed-dorado,4,89.58587621345234,True,False,False,1.0,ee7a50a277fef6153a1cc05f9cc2afd227e940efbd36a4c2b0abe9a57580901b,4d6b8cb1d482e5066f9ca575ebd3b67af4a32562
hac,20x,AMtb_1__202402,seqkit-barbell,5,88.19261377327817,True,False,False,1.0,ee7a50a277fef6153a1cc05f9cc2afd227e940efbd36a4c2b0abe9a57580901b,4d6b8cb1d482e5066f9ca575ebd3b67af4a32562
hac,20x,AMtb_1__202402,unprocessed-untrimmed,6,85.52955280531428,True,False,False,1.0,ee7a50a277fef6153a1cc05f9cc2afd227e940efbd36a4c2b0abe9a57580901b,4d6b8cb1d482e5066f9ca575ebd3b67af4a32562
hac,20x,AMtb_1__202402,chopper-barbell,7,82.7159486435357,True,True,False,1.0,ee7a50a277fef6153a1cc05f9cc2afd227e940efbd36a4c2b0abe9a57580901b,4d6b8cb1d482e5066f9ca575ebd3b67af4a32562
hac,20x,AMtb_1__202402,fastplong-all,8,82.12834176956382,True,True,False,1.0,ee7a50a277fef6153a1cc05f9cc2afd227e940efbd36a4c2b0abe9a57580901b,4d6b8cb1d482e5066f9ca575ebd3b67af4a32562
hac,20x,AMtb_1__202402,seqkit-porechop_abi,9,81.99245499805718,True,True,False,1.0,ee7a50a277fef6153a1cc05f9cc2afd227e940efbd36a4c2b0abe9a57580901b,4d6b8cb1d482e5066f9ca575ebd3b67af4a32562
hac,20x,AMtb_1__202402,chopper-porechop_abi,10,79.43475959665797,True,False,False,1.0,ee7a50a277fef6153a1cc05f9cc2afd227e940efbd36a4c2b0abe9a57580901b,4d6b8cb1d482e5066f9ca575ebd3b67af4a32562
hac,20x,AMtb_1__202402,seqkit-untrimmed,11,76.89241721793859,True,False,False,1.0,ee7a50a277fef6153a1cc05f9cc2afd227e940efbd36a4c2b0abe9a57580901b,4d6b8cb1d482e5066f9ca575ebd3b67af4a32562
hac,20x,AMtb_1__202402,unprocessed-barbell,12,75.59245514062695,True,False,False,1.0,ee7a50a277fef6153a1cc05f9cc2afd227e940efbd36a4c2b0abe9a57580901b,4d6b8cb1d482e5066f9ca575ebd3b67af4a32562
hac,20x,AMtb_1__202402,chopper-untrimmed,13,72.01233286503182,True,False,False,1.0,ee7a50a277fef6153a1cc05f9cc2afd227e940efbd36a4c2b0abe9a57580901b,4d6b8cb1d482e5066f9ca575ebd3b67af4a32562
hac,20x,AMtb_1__202402,filtlong-untrimmed,14,61.4304932733929,True,True,False,1.0,ee7a50a277fef6153a1cc05f9cc2afd227e940efbd36a4c2b0abe9a57580901b,4d6b8cb1d482e5066f9ca575ebd3b67af4a32562
hac,20x,AMtb_1__202402,filtlong-dorado,15,61.27067953312007,True,True,False,1.0,ee7a50a277fef6153a1cc05f9cc2afd227e940efbd36a4c2b0abe9a57580901b,4d6b8cb1d482e5066f9ca575ebd3b67af4a32562
hac,20x,AMtb_1__202402,filtlong-porechop_abi,16,61.12450220869654,True,True,False,1.0,ee7a50a277fef6153a1cc05f9cc2afd227e940efbd36a4c2b0abe9a57580901b,4d6b8cb1d482e5066f9ca575ebd3b67af4a32562
hac,20x,AMtb_1__202402,filtlong-barbell,17,53.25725923092525,True,False,False,1.0,ee7a50a277fef6153a1cc05f9cc2afd227e940efbd36a4c2b0abe9a57580901b,4d6b8cb1d482e5066f9ca575ebd3b67af4a32562
hac,20x,ATCC_10708__202309,seqkit-dorado,1,94.76376026400672,True,False,True,1.0,ee7a50a277fef6153a1cc05f9cc2afd227e940efbd36a4c2b0abe9a57580901b,4d6b8cb1d482e5066f9ca575ebd3b67af4a32562
hac,20x,ATCC_10708__202309,chopper-dorado,2,93.25776980250008,True,True,False,1.0,ee7a50a277fef6153a1cc05f9cc2afd227e940efbd36a4c2b0abe9a57580901b,4d6b8cb1d482e5066f9ca575ebd3b67af4a32562
hac,20x,ATCC_10708__202309,unprocessed-porechop_abi,3,92.50940173055955,True,True,False,1.0,ee7a50a277fef6153a1cc05f9cc2afd227e940efbd36a4c2b0abe9a57580901b,4d6b8cb1d482e5066f9ca575ebd3b67af4a32562
hac,20x,ATCC_10708__202309,unprocessed-dorado,4,90.85627640878486,True,False,False,1.0,ee7a50a277fef6153a1cc05f9cc2afd227e940efbd36a4c2b0abe9a57580901b,4d6b8cb1d482e5066f9ca575ebd3b67af4a32562
hac,20x,ATCC_10708__202309,unprocessed-untrimmed,5,86.02960967691402,True,True,False,1.0,ee7a50a277fef6153a1cc05f9cc2afd227e940efbd36a4c2b0abe9a57580901b,4d6b8cb1d482e5066f9ca575ebd3b67af4a32562
hac,20x,ATCC_10708__202309,seqkit-barbell,6,85.83160271752313,True,True,False,1.0,ee7a50a277fef6153a1cc05f9cc2afd227e940efbd36a4c2b0abe9a57580901b,4d6b8cb1d482e5066f9ca575ebd3b67af4a32562
hac,20x,ATCC_10708__202309,chopper-barbell,7,82.82181820140352,True,True,False,1.0,ee7a50a277fef6153a1cc05f9cc2afd227e940efbd36a4c2b0abe9a57580901b,4d6b8cb1d482e5066f9ca575ebd3b67af4a32562
hac,20x,ATCC_10708__202309,fastplong-all,8,82.2836224444698,True,True,False,1.0,ee7a50a277fef6153a1cc05f9cc2afd227e940efbd36a4c2b0abe9a57580901b,4d6b8cb1d482e5066f9ca575ebd3b67af4a32562
hac,20x,ATCC_10708__202309,seqkit-porechop_abi,9,82.075498724785,True,True,False,1.0,ee7a50a277fef6153a1cc05f9cc2afd227e940efbd36a4c2b0abe9a57580901b,4d6b8cb1d482e5066f9ca575ebd3b67af4a32562
hac,20x,ATCC_10708__202309,chopper-porechop_abi,10,80.54539494105833,True,False,False,1.0,ee7a50a277fef6153a1cc05f9cc2afd227e940efbd36a4c2b0abe9a57580901b,4d6b8cb1d482e5066f9ca575ebd3b67af4a32562
hac,20x,ATCC_10708__202309,seqkit-untrimmed,11,77.6341604399937,True,False,False,1.0,ee7a50a277fef6153a1cc05f9cc2afd227e940efbd36a4c2b0abe9a57580901b,4d6b8cb1d482e5066f9ca575ebd3b67af4a32562
hac,20x,ATCC_10708__202309,unprocessed-barbell,12,76.00042619014967,True,False,False,1.0,ee7a50a277fef6153a1cc05f9cc2afd227e940efbd36a4c2b0abe9a57580901b,4d6b8cb1d482e5066f9ca575ebd3b67af4a32562
hac,20x,ATCC_10708__202309,chopper-untrimmed,13,74.24975024633737,True,False,False,1.0,ee7a50a277fef6153a1cc05f9cc2afd227e940efbd36a4c2b0abe9a57580901b,4d6b8cb1d482e5066f9ca575ebd3b67af4a32562
hac,20x,ATCC_10708__202309,filtlong-porechop_abi,14,61.11178096226364,True,False,False,1.0,ee7a50a277fef6153a1cc05f9cc2afd227e940efbd36a4c2b0abe9a57580901b,4d6b8cb1d482e5066f9ca575ebd3b67af4a32562
hac,20x,ATCC_10708__202309,filtlong-untrimmed,15,58.36303868409655,True,True,False,1.0,ee7a50a277fef6153a1cc05f9cc2afd227e940efbd36a4c2b0abe9a57580901b,4d6b8cb1d482e5066f9ca575ebd3b67af4a32562
hac,20x,ATCC_10708__202309,filtlong-dorado,16,57.92690407637869,True,True,False,1.0,ee7a50a277fef6153a1cc05f9cc2afd227e940efbd36a4c2b0abe9a57580901b,4d6b8cb1d482e5066f9ca575ebd3b67af4a32562
hac,20x,ATCC_10708__202309,filtlong-barbell,17,50.85457776156934,True,False,False,1.0,ee7a50a277fef6153a1cc05f9cc2afd227e940efbd36a4c2b0abe9a57580901b,4d6b8cb1d482e5066f9ca575ebd3b67af4a32562
hac,20x,ATCC_17802__202309,seqkit-dorado,1,94.67466992253343,True,False,True,1.0,ee7a50a277fef6153a1cc05f9cc2afd227e940efbd36a4c2b0abe9a57580901b,4d6b8cb1d482e5066f9ca575ebd3b67af4a32562
hac,20x,ATCC_17802__202309,chopper-dorado,2,92.14941814336316,True,True,False,1.0,ee7a50a277fef6153a1cc05f9cc2afd227e940efbd36a4c2b0abe9a57580901b,4d6b8cb1d482e5066f9ca575ebd3b67af4a32562
hac,20x,ATCC_17802__202309,unprocessed-porechop_abi,3,92.12157513532993,True,True,False,1.0,ee7a50a277fef6153a1cc05f9cc2afd227e940efbd36a4c2b0abe9a57580901b,4d6b8cb1d482e5066f9ca575ebd3b67af4a32562
hac,20x,ATCC_17802__202309,unprocessed-dorado,4,90.51744703649575,True,False,False,1.0,ee7a50a277fef6153a1cc05f9cc2afd227e940efbd36a4c2b0abe9a57580901b,4d6b8cb1d482e5066f9ca575ebd3b67af4a32562
hac,20x,ATCC_17802__202309,seqkit-barbell,5,85.78592496534105,True,True,False,1.0,ee7a50a277fef6153a1cc05f9cc2afd227e940efbd36a4c2b0abe9a57580901b,4d6b8cb1d482e5066f9ca575ebd3b67af4a32562
hac,20x,ATCC_17802__202309,unprocessed-untrimmed,6,85.74645678139477,True,True,False,1.0,ee7a50a277fef6153a1cc05f9cc2afd227e940efbd36a4c2b0abe9a57580901b,4d6b8cb1d482e5066f9ca575ebd3b67af4a32562
hac,20x,ATCC_17802__202309,chopper-barbell,7,83.0319081386555,True,True,False,1.0,ee7a50a277fef6153a1cc05f9cc2afd227e940efbd36a4c2b0abe9a57580901b,4d6b8cb1d482e5066f9ca575ebd3b67af4a32562
hac,20x,ATCC_17802__202309,seqkit-porechop_abi,8,82.37005850885302,True,True,False,1.0,ee7a50a277fef6153a1cc05f9cc2afd227e940efbd36a4c2b0abe9a57580901b,4d6b8cb1d482e5066f9ca575ebd3b67af4a32562
hac,20x,ATCC_17802__202309,fastplong-all,9,82.07354467166405,True,True,False,1.0,ee7a50a277fef6153a1cc05f9cc2afd227e940efbd36a4c2b0abe9a57580901b,4d6b8cb1d482e5066f9ca575ebd3b67af4a32562
hac,20x,ATCC_17802__202309,chopper-porechop_abi,10,79.56033726311506,True,False,False,1.0,ee7a50a277fef6153a1cc05f9cc2afd227e940efbd36a4c2b0abe9a57580901b,4d6b8cb1d482e5066f9ca575ebd3b67af4a32562
hac,20x,ATCC_17802__202309,unprocessed-barbell,11,75.77054768486032,True,True,False,1.0,ee7a50a277fef6153a1cc05f9cc2afd227e940efbd36a4c2b0abe9a57580901b,4d6b8cb1d482e5066f9ca575ebd3b67af4a32562
hac,20x,ATCC_17802__202309,seqkit-untrimmed,12,75.70694485884127,True,True,False,1.0,ee7a50a277fef6153a1cc05f9cc2afd227e940efbd36a4c2b0abe9a57580901b,4d6b8cb1d482e5066f9ca575ebd3b67af4a32562
hac,20x,ATCC_17802__202309,chopper-untrimmed,13,74.0579799155107,True,False,False,1.0,ee7a50a277fef6153a1cc05f9cc2afd227e940efbd36a4c2b0abe9a57580901b,4d6b8cb1d482e5066f9ca575ebd3b67af4a32562
hac,20x,ATCC_17802__202309,filtlong-porechop_abi,14,61.157447435625166,True,False,False,1.0,ee7a50a277fef6153a1cc05f9cc2afd227e940efbd36a4c2b0abe9a57580901b,4d6b8cb1d482e5066f9ca575ebd3b67af4a32562
hac,20x,ATCC_17802__202309,filtlong-untrimmed,15,58.44066670009104,True,True,False,1.0,ee7a50a277fef6153a1cc05f9cc2afd227e940efbd36a4c2b0abe9a57580901b,4d6b8cb1d482e5066f9ca575ebd3b67af4a32562
hac,20x,ATCC_17802__202309,filtlong-dorado,16,57.95887183412925,True,True,False,1.0,ee7a50a277fef6153a1cc05f9cc2afd227e940efbd36a4c2b0abe9a57580901b,4d6b8cb1d482e5066f9ca575ebd3b67af4a32562
hac,20x,ATCC_17802__202309,filtlong-barbell,17,50.92535912531102,True,False,False,1.0,ee7a50a277fef6153a1cc05f9cc2afd227e940efbd36a4c2b0abe9a57580901b,4d6b8cb1d482e5066f9ca575ebd3b67af4a32562
hac,20x,ATCC_19119__202309,seqkit-dorado,1,94.40979926006763,True,False,True,1.0,ee7a50a277fef6153a1cc05f9cc2afd227e940efbd36a4c2b0abe9a57580901b,4d6b8cb1d482e5066f9ca575ebd3b67af4a32562
hac,20x,ATCC_19119__202309,chopper-dorado,2,92.16997856271962,True,False,False,1.0,ee7a50a277fef6153a1cc05f9cc2afd227e940efbd36a4c2b0abe9a57580901b,4d6b8cb1d482e5066f9ca575ebd3b67af4a32562
hac,20x,ATCC_19119__202309,unprocessed-porechop_abi,3,91.12515779719553,True,False,False,1.0,ee7a50a277fef6153a1cc05f9cc2afd227e940efbd36a4c2b0abe9a57580901b,4d6b8cb1d482e5066f9ca575ebd3b67af4a32562
hac,20x,ATCC_19119__202309,unprocessed-dorado,4,89.47621830439407,True,False,False,1.0,ee7a50a277fef6153a1cc05f9cc2afd227e940efbd36a4c2b0abe9a57580901b,4d6b8cb1d482e5066f9ca575ebd3b67af4a32562
hac,20x,ATCC_19119__202309,seqkit-barbell,5,85.83616667728576,True,True,False,1.0,ee7a50a277fef6153a1cc05f9cc2afd227e940efbd36a4c2b0abe9a57580901b,4d6b8cb1d482e5066f9ca575ebd3b67af4a32562
hac,20x,ATCC_19119__202309,unprocessed-untrimmed,6,85.36971096640418,True,True,False,1.0,ee7a50a277fef6153a1cc05f9cc2afd227e940efbd36a4c2b0abe9a57580901b,4d6b8cb1d482e5066f9ca575ebd3b67af4a32562
hac,20x,ATCC_19119__202309,chopper-barbell,7,82.52042045678088,True,True,False,1.0,ee7a50a277fef6153a1cc05f9cc2afd227e940efbd36a4c2b0abe9a57580901b,4d6b8cb1d482e5066f9ca575ebd3b67af4a32562
hac,20x,ATCC_19119__202309,fastplong-all,8,82.08724599213953,True,True,False,1.0,ee7a50a277fef6153a1cc05f9cc2afd227e940efbd36a4c2b0abe9a57580901b,4d6b8cb1d482e5066f9ca575ebd3b67af4a32562
hac,20x,ATCC_19119__202309,seqkit-porechop_abi,9,81.83804501750578,True,True,False,1.0,ee7a50a277fef6153a1cc05f9cc2afd227e940efbd36a4c2b0abe9a57580901b,4d6b8cb1d482e5066f9ca575ebd3b67af4a32562
hac,20x,ATCC_19119__202309,chopper-porechop_abi,10,79.28634480314908,True,False,False,1.0,ee7a50a277fef6153a1cc05f9cc2afd227e940efbd36a4c2b0abe9a57580901b,4d6b8cb1d482e5066f9ca575ebd3b67af4a32562
hac,20x,ATCC_19119__202309,seqkit-untrimmed,11,77.06300700353574,True,False,False,1.0,ee7a50a277fef6153a1cc05f9cc2afd227e940efbd36a4c2b0abe9a57580901b,4d6b8cb1d482e5066f9ca575ebd3b67af4a32562
hac,20x,ATCC_19119__202309,unprocessed-barbell,12,75.48971035751829,True,False,False,1.0,ee7a50a277fef6153a1cc05f9cc2afd227e940efbd36a4c2b0abe9a57580901b,4d6b8cb1d482e5066f9ca575ebd3b67af4a32562
hac,20x,ATCC_19119__202309,chopper-untrimmed,13,73.34326113295127,True,False,False,1.0,ee7a50a277fef6153a1cc05f9cc2afd227e940efbd36a4c2b0abe9a57580901b,4d6b8cb1d482e5066f9ca575ebd3b67af4a32562
hac,20x,ATCC_19119__202309,filtlong-porechop_abi,14,60.95195707514015,True,False,False,1.0,ee7a50a277fef6153a1cc05f9cc2afd227e940efbd36a4c2b0abe9a57580901b,4d6b8cb1d482e5066f9ca575ebd3b67af4a32562
hac,20x,ATCC_19119__202309,filtlong-untrimmed,15,58.24203042460747,True,True,False,1.0,ee7a50a277fef6153a1cc05f9cc2afd227e940efbd36a4c2b0abe9a57580901b,4d6b8cb1d482e5066f9ca575ebd3b67af4a32562
hac,20x,ATCC_19119__202309,filtlong-dorado,16,57.82872969604496,True,True,False,1.0,ee7a50a277fef6153a1cc05f9cc2afd227e940efbd36a4c2b0abe9a57580901b,4d6b8cb1d482e5066f9ca575ebd3b67af4a32562
hac,20x,ATCC_19119__202309,filtlong-barbell,17,50.758696677313274,True,False,False,1.0,ee7a50a277fef6153a1cc05f9cc2afd227e940efbd36a4c2b0abe9a57580901b,4d6b8cb1d482e5066f9ca575ebd3b67af4a32562
hac,20x,ATCC_25922__202309,seqkit-dorado,1,94.79796643970398,True,False,True,1.0,ee7a50a277fef6153a1cc05f9cc2afd227e940efbd36a4c2b0abe9a57580901b,4d6b8cb1d482e5066f9ca575ebd3b67af4a32562
hac,20x,ATCC_25922__202309,fastplong-all,2,93.78684549913741,True,False,False,1.0,ee7a50a277fef6153a1cc05f9cc2afd227e940efbd36a4c2b0abe9a57580901b,4d6b8cb1d482e5066f9ca575ebd3b67af4a32562
hac,20x,ATCC_25922__202309,chopper-dorado,3,92.42115516929334,True,True,False,1.0,ee7a50a277fef6153a1cc05f9cc2afd227e940efbd36a4c2b0abe9a57580901b,4d6b8cb1d482e5066f9ca575ebd3b67af4a32562
hac,20x,ATCC_25922__202309,unprocessed-porechop_abi,4,91.65260246397047,True,True,False,1.0,ee7a50a277fef6153a1cc05f9cc2afd227e940efbd36a4c2b0abe9a57580901b,4d6b8cb1d482e5066f9ca575ebd3b67af4a32562
hac,20x,ATCC_25922__202309,chopper-porechop_abi,5,91.5214806409624,True,True,False,1.0,ee7a50a277fef6153a1cc05f9cc2afd227e940efbd36a4c2b0abe9a57580901b,4d6b8cb1d482e5066f9ca575ebd3b67af4a32562
hac,20x,ATCC_25922__202309,unprocessed-dorado,6,89.65203652939579,True,False,False,1.0,ee7a50a277fef6153a1cc05f9cc2afd227e940efbd36a4c2b0abe9a57580901b,4d6b8cb1d482e5066f9ca575ebd3b67af4a32562
hac,20x,ATCC_25922__202309,unprocessed-barbell,7,87.79664191786313,True,True,False,1.0,ee7a50a277fef6153a1cc05f9cc2afd227e940efbd36a4c2b0abe9a57580901b,4d6b8cb1d482e5066f9ca575ebd3b67af4a32562
hac,20x,ATCC_25922__202309,seqkit-barbell,8,87.78357154536289,True,True,False,1.0,ee7a50a277fef6153a1cc05f9cc2afd227e940efbd36a4c2b0abe9a57580901b,4d6b8cb1d482e5066f9ca575ebd3b67af4a32562
hac,20x,ATCC_25922__202309,unprocessed-untrimmed,9,87.3669943980053,True,True,False,1.0,ee7a50a277fef6153a1cc05f9cc2afd227e940efbd36a4c2b0abe9a57580901b,4d6b8cb1d482e5066f9ca575ebd3b67af4a32562
hac,20x,ATCC_25922__202309,chopper-barbell,10,85.94366042678017,True,False,False,1.0,ee7a50a277fef6153a1cc05f9cc2afd227e940efbd36a4c2b0abe9a57580901b,4d6b8cb1d482e5066f9ca575ebd3b67af4a32562
hac,20x,ATCC_25922__202309,filtlong-porechop_abi,11,84.70501045635065,True,True,False,1.0,ee7a50a277fef6153a1cc05f9cc2afd227e940efbd36a4c2b0abe9a57580901b,4d6b8cb1d482e5066f9ca575ebd3b67af4a32562
hac,20x,ATCC_25922__202309,chopper-untrimmed,12,83.94936895635405,True,True,False,1.0,ee7a50a277fef6153a1cc05f9cc2afd227e940efbd36a4c2b0abe9a57580901b,4d6b8cb1d482e5066f9ca575ebd3b67af4a32562
hac,20x,ATCC_25922__202309,seqkit-porechop_abi,13,82.31523936700451,True,True,False,1.0,ee7a50a277fef6153a1cc05f9cc2afd227e940efbd36a4c2b0abe9a57580901b,4d6b8cb1d482e5066f9ca575ebd3b67af4a32562
hac,20x,ATCC_25922__202309,filtlong-untrimmed,14,81.65485494916102,True,True,False,1.0,ee7a50a277fef6153a1cc05f9cc2afd227e940efbd36a4c2b0abe9a57580901b,4d6b8cb1d482e5066f9ca575ebd3b67af4a32562
hac,20x,ATCC_25922__202309,filtlong-dorado,15,80.98355120749666,True,True,False,1.0,ee7a50a277fef6153a1cc05f9cc2afd227e940efbd36a4c2b0abe9a57580901b,4d6b8cb1d482e5066f9ca575ebd3b67af4a32562
hac,20x,ATCC_25922__202309,seqkit-untrimmed,16,75.95690590494338,True,False,False,1.0,ee7a50a277fef6153a1cc05f9cc2afd227e940efbd36a4c2b0abe9a57580901b,4d6b8cb1d482e5066f9ca575ebd3b67af4a32562
hac,20x,ATCC_25922__202309,filtlong-barbell,17,74.03679570173281,True,False,False,1.0,ee7a50a277fef6153a1cc05f9cc2afd227e940efbd36a4c2b0abe9a57580901b,4d6b8cb1d482e5066f9ca575ebd3b67af4a32562
hac,20x,ATCC_33560__202309,seqkit-dorado,1,95.40079751231856,True,False,True,1.0,ee7a50a277fef6153a1cc05f9cc2afd227e940efbd36a4c2b0abe9a57580901b,4d6b8cb1d482e5066f9ca575ebd3b67af4a32562
hac,20x,ATCC_33560__202309,chopper-dorado,2,92.65177103384292,True,True,False,1.0,ee7a50a277fef6153a1cc05f9cc2afd227e940efbd36a4c2b0abe9a57580901b,4d6b8cb1d482e5066f9ca575ebd3b67af4a32562
hac,20x,ATCC_33560__202309,unprocessed-porechop_abi,3,92.21438592296599,True,True,False,1.0,ee7a50a277fef6153a1cc05f9cc2afd227e940efbd36a4c2b0abe9a57580901b,4d6b8cb1d482e5066f9ca575ebd3b67af4a32562
hac,20x,ATCC_33560__202309,unprocessed-dorado,4,90.37360676945445,True,False,False,1.0,ee7a50a277fef6153a1cc05f9cc2afd227e940efbd36a4c2b0abe9a57580901b,4d6b8cb1d482e5066f9ca575ebd3b67af4a32562
hac,20x,ATCC_33560__202309,seqkit-barbell,5,87.14231909817686,True,True,False,1.0,ee7a50a277fef6153a1cc05f9cc2afd227e940efbd36a4c2b0abe9a57580901b,4d6b8cb1d482e5066f9ca575ebd3b67af4a32562
hac,20x,ATCC_33560__202309,unprocessed-untrimmed,6,86.65984733978979,True,True,False,1.0,ee7a50a277fef6153a1cc05f9cc2afd227e940efbd36a4c2b0abe9a57580901b,4d6b8cb1d482e5066f9ca575ebd3b67af4a32562
hac,20x,ATCC_33560__202309,chopper-barbell,7,84.65854249801218,True,False,False,1.0,ee7a50a277fef6153a1cc05f9cc2afd227e940efbd36a4c2b0abe9a57580901b,4d6b8cb1d482e5066f9ca575ebd3b67af4a32562
hac,20x,ATCC_33560__202309,fastplong-all,8,82.93895997568838,True,True,False,1.0,ee7a50a277fef6153a1cc05f9cc2afd227e940efbd36a4c2b0abe9a57580901b,4d6b8cb1d482e5066f9ca575ebd3b67af4a32562
hac,20x,ATCC_33560__202309,seqkit-porechop_abi,9,82.92608809364233,True,True,False,1.0,ee7a50a277fef6153a1cc05f9cc2afd227e940efbd36a4c2b0abe9a57580901b,4d6b8cb1d482e5066f9ca575ebd3b67af4a32562
hac,20x,ATCC_33560__202309,chopper-porechop_abi,10,80.64042107907197,True,False,False,1.0,ee7a50a277fef6153a1cc05f9cc2afd227e940efbd36a4c2b0abe9a57580901b,4d6b8cb1d482e5066f9ca575ebd3b67af4a32562
hac,20x,ATCC_33560__202309,unprocessed-barbell,11,76.99936437022548,True,True,False,1.0,ee7a50a277fef6153a1cc05f9cc2afd227e940efbd36a4c2b0abe9a57580901b,4d6b8cb1d482e5066f9ca575ebd3b67af4a32562
hac,20x,ATCC_33560__202309,seqkit-untrimmed,12,76.53354831949106,True,True,False,1.0,ee7a50a277fef6153a1cc05f9cc2afd227e940efbd36a4c2b0abe9a57580901b,4d6b8cb1d482e5066f9ca575ebd3b67af4a32562
hac,20x,ATCC_33560__202309,chopper-untrimmed,13,73.59935642115869,True,False,False,1.0,ee7a50a277fef6153a1cc05f9cc2afd227e940efbd36a4c2b0abe9a57580901b,4d6b8cb1d482e5066f9ca575ebd3b67af4a32562
hac,20x,ATCC_33560__202309,filtlong-porechop_abi,14,61.69406918567543,True,False,False,1.0,ee7a50a277fef6153a1cc05f9cc2afd227e940efbd36a4c2b0abe9a57580901b,4d6b8cb1d482e5066f9ca575ebd3b67af4a32562
hac,20x,ATCC_33560__202309,filtlong-untrimmed,15,58.95446001557297,True,True,False,1.0,ee7a50a277fef6153a1cc05f9cc2afd227e940efbd36a4c2b0abe9a57580901b,4d6b8cb1d482e5066f9ca575ebd3b67af4a32562
hac,20x,ATCC_33560__202309,filtlong-dorado,16,58.72609114783018,True,True,False,1.0,ee7a50a277fef6153a1cc05f9cc2afd227e940efbd36a4c2b0abe9a57580901b,4d6b8cb1d482e5066f9ca575ebd3b67af4a32562
hac,20x,ATCC_33560__202309,filtlong-barbell,17,52.426850122787236,True,False,False,1.0,ee7a50a277fef6153a1cc05f9cc2afd227e940efbd36a4c2b0abe9a57580901b,4d6b8cb1d482e5066f9ca575ebd3b67af4a32562
hac,20x,ATCC_35221__202309,seqkit-dorado,1,95.07197172452932,True,False,True,1.0,ee7a50a277fef6153a1cc05f9cc2afd227e940efbd36a4c2b0abe9a57580901b,4d6b8cb1d482e5066f9ca575ebd3b67af4a32562
hac,20x,ATCC_35221__202309,chopper-dorado,2,92.83673898370087,True,False,False,1.0,ee7a50a277fef6153a1cc05f9cc2afd227e940efbd36a4c2b0abe9a57580901b,4d6b8cb1d482e5066f9ca575ebd3b67af4a32562
hac,20x,ATCC_35221__202309,unprocessed-porechop_abi,3,91.79645751595115,True,False,False,1.0,ee7a50a277fef6153a1cc05f9cc2afd227e940efbd36a4c2b0abe9a57580901b,4d6b8cb1d482e5066f9ca575ebd3b67af4a32562
hac,20x,ATCC_35221__202309,unprocessed-dorado,4,90.21831053496764,True,False,False,1.0,ee7a50a277fef6153a1cc05f9cc2afd227e940efbd36a4c2b0abe9a57580901b,4d6b8cb1d482e5066f9ca575ebd3b67af4a32562
hac,20x,ATCC_35221__202309,seqkit-barbell,5,88.07186258567022,True,False,False,1.0,ee7a50a277fef6153a1cc05f9cc2afd227e940efbd36a4c2b0abe9a57580901b,4d6b8cb1d482e5066f9ca575ebd3b67af4a32562
hac,20x,ATCC_35221__202309,unprocessed-untrimmed,6,86.31046125555497,True,False,False,1.0,ee7a50a277fef6153a1cc05f9cc2afd227e940efbd36a4c2b0abe9a57580901b,4d6b8cb1d482e5066f9ca575ebd3b67af4a32562
hac,20x,ATCC_35221__202309,chopper-barbell,7,84.67139038450969,True,False,False,1.0,ee7a50a277fef6153a1cc05f9cc2afd227e940efbd36a4c2b0abe9a57580901b,4d6b8cb1d482e5066f9ca575ebd3b67af4a32562
hac,20x,ATCC_35221__202309,fastplong-all,8,82.53708027619234,True,True,False,1.0,ee7a50a277fef6153a1cc05f9cc2afd227e940efbd36a4c2b0abe9a57580901b,4d6b8cb1d482e5066f9ca575ebd3b67af4a32562
hac,20x,ATCC_35221__202309,seqkit-porechop_abi,9,82.44312784042539,True,True,False,1.0,ee7a50a277fef6153a1cc05f9cc2afd227e940efbd36a4c2b0abe9a57580901b,4d6b8cb1d482e5066f9ca575ebd3b67af4a32562
hac,20x,ATCC_35221__202309,chopper-porechop_abi,10,79.99874836103116,True,False,False,1.0,ee7a50a277fef6153a1cc05f9cc2afd227e940efbd36a4c2b0abe9a57580901b,4d6b8cb1d482e5066f9ca575ebd3b67af4a32562
hac,20x,ATCC_35221__202309,unprocessed-barbell,11,76.7894659837612,True,True,False,1.0,ee7a50a277fef6153a1cc05f9cc2afd227e940efbd36a4c2b0abe9a57580901b,4d6b8cb1d482e5066f9ca575ebd3b67af4a32562
hac,20x,ATCC_35221__202309,seqkit-untrimmed,12,76.13623769850072,True,True,False,1.0,ee7a50a277fef6153a1cc05f9cc2afd227e940efbd36a4c2b0abe9a57580901b,4d6b8cb1d482e5066f9ca575ebd3b67af4a32562
hac,20x,ATCC_35221__202309,chopper-untrimmed,13,72.69506219825541,True,False,False,1.0,ee7a50a277fef6153a1cc05f9cc2afd227e940efbd36a4c2b0abe9a57580901b,4d6b8cb1d482e5066f9ca575ebd3b67af4a32562
hac,20x,ATCC_35221__202309,filtlong-porechop_abi,14,61.36980663240433,True,False,False,1.0,ee7a50a277fef6153a1cc05f9cc2afd227e940efbd36a4c2b0abe9a57580901b,4d6b8cb1d482e5066f9ca575ebd3b67af4a32562
hac,20x,ATCC_35221__202309,filtlong-untrimmed,15,58.78089539834522,True,True,False,1.0,ee7a50a277fef6153a1cc05f9cc2afd227e940efbd36a4c2b0abe9a57580901b,4d6b8cb1d482e5066f9ca575ebd3b67af4a32562
hac,20x,ATCC_35221__202309,filtlong-dorado,16,58.38814475832985,True,True,False,1.0,ee7a50a277fef6153a1cc05f9cc2afd227e940efbd36a4c2b0abe9a57580901b,4d6b8cb1d482e5066f9ca575ebd3b67af4a32562
hac,20x,ATCC_35221__202309,filtlong-barbell,17,53.449626157295796,True,False,False,1.0,ee7a50a277fef6153a1cc05f9cc2afd227e940efbd36a4c2b0abe9a57580901b,4d6b8cb1d482e5066f9ca575ebd3b67af4a32562
hac,20x,ATCC_35897__202309,seqkit-dorado,1,94.43948563040776,True,False,True,1.0,ee7a50a277fef6153a1cc05f9cc2afd227e940efbd36a4c2b0abe9a57580901b,4d6b8cb1d482e5066f9ca575ebd3b67af4a32562
hac,20x,ATCC_35897__202309,chopper-dorado,2,92.22933820233865,True,False,False,1.0,ee7a50a277fef6153a1cc05f9cc2afd227e940efbd36a4c2b0abe9a57580901b,4d6b8cb1d482e5066f9ca575ebd3b67af4a32562
hac,20x,ATCC_35897__202309,unprocessed-porechop_abi,3,91.20506691006051,True,False,False,1.0,ee7a50a277fef6153a1cc05f9cc2afd227e940efbd36a4c2b0abe9a57580901b,4d6b8cb1d482e5066f9ca575ebd3b67af4a32562
hac,20x,ATCC_35897__202309,unprocessed-dorado,4,89.61187923179547,True,False,False,1.0,ee7a50a277fef6153a1cc05f9cc2afd227e940efbd36a4c2b0abe9a57580901b,4d6b8cb1d482e5066f9ca575ebd3b67af4a32562
hac,20x,ATCC_35897__202309,seqkit-barbell,5,85.69003305205769,True,True,False,1.0,ee7a50a277fef6153a1cc05f9cc2afd227e940efbd36a4c2b0abe9a57580901b,4d6b8cb1d482e5066f9ca575ebd3b67af4a32562
hac,20x,ATCC_35897__202309,unprocessed-untrimmed,6,85.64143812235561,True,True,False,1.0,ee7a50a277fef6153a1cc05f9cc2afd227e940efbd36a4c2b0abe9a57580901b,4d6b8cb1d482e5066f9ca575ebd3b67af4a32562
hac,20x,ATCC_35897__202309,chopper-barbell,7,82.61403045598789,True,True,False,1.0,ee7a50a277fef6153a1cc05f9cc2afd227e940efbd36a4c2b0abe9a57580901b,4d6b8cb1d482e5066f9ca575ebd3b67af4a32562
hac,20x,ATCC_35897__202309,fastplong-all,8,81.9525274288999,True,True,False,1.0,ee7a50a277fef6153a1cc05f9cc2afd227e940efbd36a4c2b0abe9a57580901b,4d6b8cb1d482e5066f9ca575ebd3b67af4a32562
hac,20x,ATCC_35897__202309,seqkit-porechop_abi,9,81.83802369611008,True,True,False,1.0,ee7a50a277fef6153a1cc05f9cc2afd227e940efbd36a4c2b0abe9a57580901b,4d6b8cb1d482e5066f9ca575ebd3b67af4a32562
hac,20x,ATCC_35897__202309,chopper-porechop_abi,10,79.38224337061058,True,False,False,1.0,ee7a50a277fef6153a1cc05f9cc2afd227e940efbd36a4c2b0abe9a57580901b,4d6b8cb1d482e5066f9ca575ebd3b67af4a32562
hac,20x,ATCC_35897__202309,unprocessed-barbell,11,76.72777046348156,True,False,False,1.0,ee7a50a277fef6153a1cc05f9cc2afd227e940efbd36a4c2b0abe9a57580901b,4d6b8cb1d482e5066f9ca575ebd3b67af4a32562
hac,20x,ATCC_35897__202309,seqkit-untrimmed,12,75.66813334728526,True,False,False,1.0,ee7a50a277fef6153a1cc05f9cc2afd227e940efbd36a4c2b0abe9a57580901b,4d6b8cb1d482e5066f9ca575ebd3b67af4a32562
hac,20x,ATCC_35897__202309,chopper-untrimmed,13,72.02146923303015,True,False,False,1.0,ee7a50a277fef6153a1cc05f9cc2afd227e940efbd36a4c2b0abe9a57580901b,4d6b8cb1d482e5066f9ca575ebd3b67af4a32562
hac,20x,ATCC_35897__202309,filtlong-porechop_abi,14,60.915413833921576,True,False,False,1.0,ee7a50a277fef6153a1cc05f9cc2afd227e940efbd36a4c2b0abe9a57580901b,4d6b8cb1d482e5066f9ca575ebd3b67af4a32562
hac,20x,ATCC_35897__202309,filtlong-untrimmed,15,58.237452599862465,True,True,False,1.0,ee7a50a277fef6153a1cc05f9cc2afd227e940efbd36a4c2b0abe9a57580901b,4d6b8cb1d482e5066f9ca575ebd3b67af4a32562
hac,20x,ATCC_35897__202309,filtlong-dorado,16,57.81045566870899,True,True,False,1.0,ee7a50a277fef6153a1cc05f9cc2afd227e940efbd36a4c2b0abe9a57580901b,4d6b8cb1d482e5066f9ca575ebd3b67af4a32562
hac,20x,ATCC_35897__202309,filtlong-barbell,17,50.731279315099215,True,False,False,1.0,ee7a50a277fef6153a1cc05f9cc2afd227e940efbd36a4c2b0abe9a57580901b,4d6b8cb1d482e5066f9ca575ebd3b67af4a32562
hac,20x,ATCC_BAA-679__202309,seqkit-dorado,1,94.6841673488914,True,False,True,1.0,ee7a50a277fef6153a1cc05f9cc2afd227e940efbd36a4c2b0abe9a57580901b,4d6b8cb1d482e5066f9ca575ebd3b67af4a32562
hac,20x,ATCC_BAA-679__202309,chopper-dorado,2,92.5125220366099,True,False,False,1.0,ee7a50a277fef6153a1cc05f9cc2afd227e940efbd36a4c2b0abe9a57580901b,4d6b8cb1d482e5066f9ca575ebd3b67af4a32562
hac,20x,ATCC_BAA-679__202309,unprocessed-porechop_abi,3,91.5087754601072,True,False,False,1.0,ee7a50a277fef6153a1cc05f9cc2afd227e940efbd36a4c2b0abe9a57580901b,4d6b8cb1d482e5066f9ca575ebd3b67af4a32562
hac,20x,ATCC_BAA-679__202309,unprocessed-dorado,4,89.47166842776227,True,False,False,1.0,ee7a50a277fef6153a1cc05f9cc2afd227e940efbd36a4c2b0abe9a57580901b,4d6b8cb1d482e5066f9ca575ebd3b67af4a32562
hac,20x,ATCC_BAA-679__202309,unprocessed-untrimmed,5,87.07511173183089,True,False,False,1.0,ee7a50a277fef6153a1cc05f9cc2afd227e940efbd36a4c2b0abe9a57580901b,4d6b8cb1d482e5066f9ca575ebd3b67af4a32562
hac,20x,ATCC_BAA-679__202309,seqkit-barbell,6,85.62380982608042,True,True,False,1.0,ee7a50a277fef6153a1cc05f9cc2afd227e940efbd36a4c2b0abe9a57580901b,4d6b8cb1d482e5066f9ca575ebd3b67af4a32562
hac,20x,ATCC_BAA-679__202309,chopper-barbell,7,84.88617564092223,True,True,False,1.0,ee7a50a277fef6153a1cc05f9cc2afd227e940efbd36a4c2b0abe9a57580901b,4d6b8cb1d482e5066f9ca575ebd3b67af4a32562
hac,20x,ATCC_BAA-679__202309,fastplong-all,8,82.44115634374012,True,True,False,1.0,ee7a50a277fef6153a1cc05f9cc2afd227e940efbd36a4c2b0abe9a57580901b,4d6b8cb1d482e5066f9ca575ebd3b67af4a32562
hac,20x,ATCC_BAA-679__202309,seqkit-porechop_abi,9,81.90655100649141,True,True,False,1.0,ee7a50a277fef6153a1cc05f9cc2afd227e940efbd36a4c2b0abe9a57580901b,4d6b8cb1d482e5066f9ca575ebd3b67af4a32562
hac,20x,ATCC_BAA-679__202309,chopper-porechop_abi,10,81.21194191257868,True,True,False,1.0,ee7a50a277fef6153a1cc05f9cc2afd227e940efbd36a4c2b0abe9a57580901b,4d6b8cb1d482e5066f9ca575ebd3b67af4a32562
hac,20x,ATCC_BAA-679__202309,seqkit-untrimmed,11,75.80056259379607,True,True,False,1.0,ee7a50a277fef6153a1cc05f9cc2afd227e940efbd36a4c2b0abe9a57580901b,4d6b8cb1d482e5066f9ca575ebd3b67af4a32562
hac,20x,ATCC_BAA-679__202309,unprocessed-barbell,12,75.63583533305068,True,True,False,1.0,ee7a50a277fef6153a1cc05f9cc2afd227e940efbd36a4c2b0abe9a57580901b,4d6b8cb1d482e5066f9ca575ebd3b67af4a32562
hac,20x,ATCC_BAA-679__202309,chopper-untrimmed,13,74.31139360654166,True,False,False,1.0,ee7a50a277fef6153a1cc05f9cc2afd227e940efbd36a4c2b0abe9a57580901b,4d6b8cb1d482e5066f9ca575ebd3b67af4a32562
hac,20x,ATCC_BAA-679__202309,filtlong-porechop_abi,14,60.910849531555705,True,False,False,1.0,ee7a50a277fef6153a1cc05f9cc2afd227e940efbd36a4c2b0abe9a57580901b,4d6b8cb1d482e5066f9ca575ebd3b67af4a32562
hac,20x,ATCC_BAA-679__202309,filtlong-untrimmed,15,58.21690496416326,True,True,False,1.0,ee7a50a277fef6153a1cc05f9cc2afd227e940efbd36a4c2b0abe9a57580901b,4d6b8cb1d482e5066f9ca575ebd3b67af4a32562
hac,20x,ATCC_BAA-679__202309,filtlong-dorado,16,57.78990673598693,True,True,False,1.0,ee7a50a277fef6153a1cc05f9cc2afd227e940efbd36a4c2b0abe9a57580901b,4d6b8cb1d482e5066f9ca575ebd3b67af4a32562
hac,20x,ATCC_BAA-679__202309,filtlong-barbell,17,50.95733038237715,True,False,False,1.0,ee7a50a277fef6153a1cc05f9cc2afd227e940efbd36a4c2b0abe9a57580901b,4d6b8cb1d482e5066f9ca575ebd3b67af4a32562
hac,20x,BPH2947__202310,seqkit-dorado,1,94.5102774573859,True,True,True,1.0,ee7a50a277fef6153a1cc05f9cc2afd227e940efbd36a4c2b0abe9a57580901b,4d6b8cb1d482e5066f9ca575ebd3b67af4a32562
hac,20x,BPH2947__202310,seqkit-porechop_abi,2,93.6289234958059,True,True,False,1.0,ee7a50a277fef6153a1cc05f9cc2afd227e940efbd36a4c2b0abe9a57580901b,4d6b8cb1d482e5066f9ca575ebd3b67af4a32562
hac,20x,BPH2947__202310,chopper-dorado,3,92.00328962519063,True,True,False,1.0,ee7a50a277fef6153a1cc05f9cc2afd227e940efbd36a4c2b0abe9a57580901b,4d6b8cb1d482e5066f9ca575ebd3b67af4a32562
hac,20x,BPH2947__202310,unprocessed-porechop_abi,4,91.04066687828113,True,True,False,1.0,ee7a50a277fef6153a1cc05f9cc2afd227e940efbd36a4c2b0abe9a57580901b,4d6b8cb1d482e5066f9ca575ebd3b67af4a32562
hac,20x,BPH2947__202310,unprocessed-dorado,5,89.15884144807647,True,True,False,1.0,ee7a50a277fef6153a1cc05f9cc2afd227e940efbd36a4c2b0abe9a57580901b,4d6b8cb1d482e5066f9ca575ebd3b67af4a32562
hac,20x,BPH2947__202310,unprocessed-untrimmed,6,88.56446586333048,True,True,False,1.0,ee7a50a277fef6153a1cc05f9cc2afd227e940efbd36a4c2b0abe9a57580901b,4d6b8cb1d482e5066f9ca575ebd3b67af4a32562
hac,20x,BPH2947__202310,seqkit-barbell,7,87.7477611786273,True,True,False,1.0,ee7a50a277fef6153a1cc05f9cc2afd227e940efbd36a4c2b0abe9a57580901b,4d6b8cb1d482e5066f9ca575ebd3b67af4a32562
hac,20x,BPH2947__202310,seqkit-untrimmed,8,87.13264240623128,True,True,False,1.0,ee7a50a277fef6153a1cc05f9cc2afd227e940efbd36a4c2b0abe9a57580901b,4d6b8cb1d482e5066f9ca575ebd3b67af4a32562
hac,20x,BPH2947__202310,chopper-barbell,9,84.176647572482,True,False,False,1.0,ee7a50a277fef6153a1cc05f9cc2afd227e940efbd36a4c2b0abe9a57580901b,4d6b8cb1d482e5066f9ca575ebd3b67af4a32562
hac,20x,BPH2947__202310,fastplong-all,10,81.8840305955075,True,False,False,1.0,ee7a50a277fef6153a1cc05f9cc2afd227e940efbd36a4c2b0abe9a57580901b,4d6b8cb1d482e5066f9ca575ebd3b67af4a32562
hac,20x,BPH2947__202310,chopper-porechop_abi,11,79.32515445439225,True,False,False,1.0,ee7a50a277fef6153a1cc05f9cc2afd227e940efbd36a4c2b0abe9a57580901b,4d6b8cb1d482e5066f9ca575ebd3b67af4a32562
hac,20x,BPH2947__202310,unprocessed-barbell,12,77.73024946344042,True,False,False,1.0,ee7a50a277fef6153a1cc05f9cc2afd227e940efbd36a4c2b0abe9a57580901b,4d6b8cb1d482e5066f9ca575ebd3b67af4a32562
hac,20x,BPH2947__202310,chopper-untrimmed,13,73.27933382661291,True,True,False,1.0,ee7a50a277fef6153a1cc05f9cc2afd227e940efbd36a4c2b0abe9a57580901b,4d6b8cb1d482e5066f9ca575ebd3b67af4a32562
hac,20x,BPH2947__202310,filtlong-porechop_abi,14,72.38436301742918,True,True,False,1.0,ee7a50a277fef6153a1cc05f9cc2afd227e940efbd36a4c2b0abe9a57580901b,4d6b8cb1d482e5066f9ca575ebd3b67af4a32562
hac,20x,BPH2947__202310,filtlong-untrimmed,15,69.64931852097773,True,True,False,1.0,ee7a50a277fef6153a1cc05f9cc2afd227e940efbd36a4c2b0abe9a57580901b,4d6b8cb1d482e5066f9ca575ebd3b67af4a32562
hac,20x,BPH2947__202310,filtlong-dorado,16,69.18578809720961,True,True,False,1.0,ee7a50a277fef6153a1cc05f9cc2afd227e940efbd36a4c2b0abe9a57580901b,4d6b8cb1d482e5066f9ca575ebd3b67af4a32562
hac,20x,BPH2947__202310,filtlong-barbell,17,65.35054190599719,True,False,False,1.0,ee7a50a277fef6153a1cc05f9cc2afd227e940efbd36a4c2b0abe9a57580901b,4d6b8cb1d482e5066f9ca575ebd3b67af4a32562
hac,20x,MMC234__202311,seqkit-dorado,1,95.31406734662805,True,False,True,1.0,ee7a50a277fef6153a1cc05f9cc2afd227e940efbd36a4c2b0abe9a57580901b,4d6b8cb1d482e5066f9ca575ebd3b67af4a32562
hac,20x,MMC234__202311,chopper-dorado,2,92.74540149201637,True,True,False,1.0,ee7a50a277fef6153a1cc05f9cc2afd227e940efbd36a4c2b0abe9a57580901b,4d6b8cb1d482e5066f9ca575ebd3b67af4a32562
hac,20x,MMC234__202311,unprocessed-porechop_abi,3,92.12310869218898,True,True,False,1.0,ee7a50a277fef6153a1cc05f9cc2afd227e940efbd36a4c2b0abe9a57580901b,4d6b8cb1d482e5066f9ca575ebd3b67af4a32562
hac,20x,MMC234__202311,unprocessed-dorado,4,90.06533907369898,True,False,False,1.0,ee7a50a277fef6153a1cc05f9cc2afd227e940efbd36a4c2b0abe9a57580901b,4d6b8cb1d482e5066f9ca575ebd3b67af4a32562
hac,20x,MMC234__202311,unprocessed-untrimmed,5,86.41538922938707,True,True,False,1.0,ee7a50a277fef6153a1cc05f9cc2afd227e940efbd36a4c2b0abe9a57580901b,4d6b8cb1d482e5066f9ca575ebd3b67af4a32562
hac,20x,MMC234__202311,seqkit-barbell,6,86.411614024586,True,True,False,1.0,ee7a50a277fef6153a1cc05f9cc2afd227e940efbd36a4c2b0abe9a57580901b,4d6b8cb1d482e5066f9ca575ebd3b67af4a32562
hac,20x,MMC234__202311,chopper-barbell,7,83.42239244418182,True,True,False,1.0,ee7a50a277fef6153a1cc05f9cc2afd227e940efbd36a4c2b0abe9a57580901b,4d6b8cb1d482e5066f9ca575ebd3b67af4a32562
hac,20x,MMC234__202311,fastplong-all,8,82.87733581015802,True,True,False,1.0,ee7a50a277fef6153a1cc05f9cc2afd227e940efbd36a4c2b0abe9a57580901b,4d6b8cb1d482e5066f9ca575ebd3b67af4a32562
hac,20x,MMC234__202311,seqkit-porechop_abi,9,82.70803627123615,True,True,False,1.0,ee7a50a277fef6153a1cc05f9cc2afd227e940efbd36a4c2b0abe9a57580901b,4d6b8cb1d482e5066f9ca575ebd3b67af4a32562
hac,20x,MMC234__202311,chopper-porechop_abi,10,80.31477477590728,True,False,False,1.0,ee7a50a277fef6153a1cc05f9cc2afd227e940efbd36a4c2b0abe9a57580901b,4d6b8cb1d482e5066f9ca575ebd3b67af4a32562
hac,20x,MMC234__202311,unprocessed-barbell,11,77.528867468725,True,False,False,1.0,ee7a50a277fef6153a1cc05f9cc2afd227e940efbd36a4c2b0abe9a57580901b,4d6b8cb1d482e5066f9ca575ebd3b67af4a32562
hac,20x,MMC234__202311,seqkit-untrimmed,12,76.2298750121298,True,False,False,1.0,ee7a50a277fef6153a1cc05f9cc2afd227e940efbd36a4c2b0abe9a57580901b,4d6b8cb1d482e5066f9ca575ebd3b67af4a32562
hac,20x,MMC234__202311,chopper-untrimmed,13,72.85721916245203,True,False,False,1.0,ee7a50a277fef6153a1cc05f9cc2afd227e940efbd36a4c2b0abe9a57580901b,4d6b8cb1d482e5066f9ca575ebd3b67af4a32562
hac,20x,MMC234__202311,filtlong-porechop_abi,14,61.65981101334371,True,False,False,1.0,ee7a50a277fef6153a1cc05f9cc2afd227e940efbd36a4c2b0abe9a57580901b,4d6b8cb1d482e5066f9ca575ebd3b67af4a32562
hac,20x,MMC234__202311,filtlong-untrimmed,15,58.819736423298075,True,True,False,1.0,ee7a50a277fef6153a1cc05f9cc2afd227e940efbd36a4c2b0abe9a57580901b,4d6b8cb1d482e5066f9ca575ebd3b67af4a32562
hac,20x,MMC234__202311,filtlong-dorado,16,58.57082826308137,True,True,False,1.0,ee7a50a277fef6153a1cc05f9cc2afd227e940efbd36a4c2b0abe9a57580901b,4d6b8cb1d482e5066f9ca575ebd3b67af4a32562
hac,20x,MMC234__202311,filtlong-barbell,17,52.34376422690233,True,False,False,1.0,ee7a50a277fef6153a1cc05f9cc2afd227e940efbd36a4c2b0abe9a57580901b,4d6b8cb1d482e5066f9ca575ebd3b67af4a32562
hac,20x,RDH275__202311,seqkit-dorado,1,94.46690059106444,True,False,True,1.0,ee7a50a277fef6153a1cc05f9cc2afd227e940efbd36a4c2b0abe9a57580901b,4d6b8cb1d482e5066f9ca575ebd3b67af4a32562
hac,20x,RDH275__202311,chopper-dorado,2,92.78579588544731,True,False,False,1.0,ee7a50a277fef6153a1cc05f9cc2afd227e940efbd36a4c2b0abe9a57580901b,4d6b8cb1d482e5066f9ca575ebd3b67af4a32562
hac,20x,RDH275__202311,unprocessed-porechop_abi,3,91.41742395741599,True,True,False,1.0,ee7a50a277fef6153a1cc05f9cc2afd227e940efbd36a4c2b0abe9a57580901b,4d6b8cb1d482e5066f9ca575ebd3b67af4a32562
hac,20x,RDH275__202311,unprocessed-dorado,4,90.46500366111621,True,True,False,1.0,ee7a50a277fef6153a1cc05f9cc2afd227e940efbd36a4c2b0abe9a57580901b,4d6b8cb1d482e5066f9ca575ebd3b67af4a32562
hac,20x,RDH275__202311,unprocessed-untrimmed,5,86.85134219465832,True,False,False,1.0,ee7a50a277fef6153a1cc05f9cc2afd227e940efbd36a4c2b0abe9a57580901b,4d6b8cb1d482e5066f9ca575ebd3b67af4a32562
hac,20x,RDH275__202311,seqkit-barbell,6,85.70554010904787,True,False,False,1.0,ee7a50a277fef6153a1cc05f9cc2afd227e940efbd36a4c2b0abe9a57580901b,4d6b8cb1d482e5066f9ca575ebd3b67af4a32562
hac,20x,RDH275__202311,chopper-barbell,7,84.44011850370734,True,False,False,1.0,ee7a50a277fef6153a1cc05f9cc2afd227e940efbd36a4c2b0abe9a57580901b,4d6b8cb1d482e5066f9ca575ebd3b67af4a32562
hac,20x,RDH275__202311,fastplong-all,8,82.00505078604536,True,True,False,1.0,ee7a50a277fef6153a1cc05f9cc2afd227e940efbd36a4c2b0abe9a57580901b,4d6b8cb1d482e5066f9ca575ebd3b67af4a32562
hac,20x,RDH275__202311,seqkit-porechop_abi,9,81.82204316072519,True,True,False,1.0,ee7a50a277fef6153a1cc05f9cc2afd227e940efbd36a4c2b0abe9a57580901b,4d6b8cb1d482e5066f9ca575ebd3b67af4a32562
hac,20x,RDH275__202311,chopper-porechop_abi,10,79.4119399863584,True,False,False,1.0,ee7a50a277fef6153a1cc05f9cc2afd227e940efbd36a4c2b0abe9a57580901b,4d6b8cb1d482e5066f9ca575ebd3b67af4a32562
hac,20x,RDH275__202311,seqkit-untrimmed,11,77.50093862720153,True,False,False,1.0,ee7a50a277fef6153a1cc05f9cc2afd227e940efbd36a4c2b0abe9a57580901b,4d6b8cb1d482e5066f9ca575ebd3b67af4a32562
hac,20x,RDH275__202311,unprocessed-barbell,12,76.07395297389239,True,False,False,1.0,ee7a50a277fef6153a1cc05f9cc2afd227e940efbd36a4c2b0abe9a57580901b,4d6b8cb1d482e5066f9ca575ebd3b67af4a32562
hac,20x,RDH275__202311,chopper-untrimmed,13,73.27705826869095,True,False,False,1.0,ee7a50a277fef6153a1cc05f9cc2afd227e940efbd36a4c2b0abe9a57580901b,4d6b8cb1d482e5066f9ca575ebd3b67af4a32562
hac,20x,RDH275__202311,filtlong-porechop_abi,14,61.03416085416043,True,False,False,1.0,ee7a50a277fef6153a1cc05f9cc2afd227e940efbd36a4c2b0abe9a57580901b,4d6b8cb1d482e5066f9ca575ebd3b67af4a32562
hac,20x,RDH275__202311,filtlong-untrimmed,15,58.230602040935665,True,True,False,1.0,ee7a50a277fef6153a1cc05f9cc2afd227e940efbd36a4c2b0abe9a57580901b,4d6b8cb1d482e5066f9ca575ebd3b67af4a32562
hac,20x,RDH275__202311,filtlong-dorado,16,57.8081684443071,True,True,False,1.0,ee7a50a277fef6153a1cc05f9cc2afd227e940efbd36a4c2b0abe9a57580901b,4d6b8cb1d482e5066f9ca575ebd3b67af4a32562
hac,20x,RDH275__202311,filtlong-barbell,17,51.436426375611376,True,False,False,1.0,ee7a50a277fef6153a1cc05f9cc2afd227e940efbd36a4c2b0abe9a57580901b,4d6b8cb1d482e5066f9ca575ebd3b67af4a32562
hac,100x,AJ292__202310,seqkit-barbell,1,98.71896679332751,True,True,True,1.0,ee7a50a277fef6153a1cc05f9cc2afd227e940efbd36a4c2b0abe9a57580901b,4d6b8cb1d482e5066f9ca575ebd3b67af4a32562
hac,100x,AJ292__202310,seqkit-dorado,2,98.68240373566154,True,True,False,1.0,ee7a50a277fef6153a1cc05f9cc2afd227e940efbd36a4c2b0abe9a57580901b,4d6b8cb1d482e5066f9ca575ebd3b67af4a32562
hac,100x,AJ292__202310,chopper-barbell,3,98.57052445486208,True,True,False,1.0,ee7a50a277fef6153a1cc05f9cc2afd227e940efbd36a4c2b0abe9a57580901b,4d6b8cb1d482e5066f9ca575ebd3b67af4a32562
hac,100x,AJ292__202310,chopper-dorado,4,98.48593958800349,True,True,False,1.0,ee7a50a277fef6153a1cc05f9cc2afd227e940efbd36a4c2b0abe9a57580901b,4d6b8cb1d482e5066f9ca575ebd3b67af4a32562
hac,100x,AJ292__202310,seqkit-porechop_abi,5,98.43126429662793,True,True,False,1.0,ee7a50a277fef6153a1cc05f9cc2afd227e940efbd36a4c2b0abe9a57580901b,4d6b8cb1d482e5066f9ca575ebd3b67af4a32562
hac,100x,AJ292__202310,unprocessed-barbell,6,98.15726451015034,True,True,False,1.0,ee7a50a277fef6153a1cc05f9cc2afd227e940efbd36a4c2b0abe9a57580901b,4d6b8cb1d482e5066f9ca575ebd3b67af4a32562
hac,100x,AJ292__202310,unprocessed-dorado,7,97.13227174151676,True,False,False,1.0,ee7a50a277fef6153a1cc05f9cc2afd227e940efbd36a4c2b0abe9a57580901b,4d6b8cb1d482e5066f9ca575ebd3b67af4a32562
hac,100x,AJ292__202310,unprocessed-untrimmed,8,95.73260647286983,True,False,False,1.0,ee7a50a277fef6153a1cc05f9cc2afd227e940efbd36a4c2b0abe9a57580901b,4d6b8cb1d482e5066f9ca575ebd3b67af4a32562
hac,100x,AJ292__202310,seqkit-untrimmed,9,94.4133346987159,True,False,False,1.0,ee7a50a277fef6153a1cc05f9cc2afd227e940efbd36a4c2b0abe9a57580901b,4d6b8cb1d482e5066f9ca575ebd3b67af4a32562
hac,100x,AJ292__202310,chopper-untrimmed,10,92.11844858761553,True,False,False,1.0,ee7a50a277fef6153a1cc05f9cc2afd227e940efbd36a4c2b0abe9a57580901b,4d6b8cb1d482e5066f9ca575ebd3b67af4a32562
hac,100x,AJ292__202310,fastplong-all,11,86.96687833822467,True,True,False,1.0,ee7a50a277fef6153a1cc05f9cc2afd227e940efbd36a4c2b0abe9a57580901b,4d6b8cb1d482e5066f9ca575ebd3b67af4a32562
hac,100x,AJ292__202310,chopper-porechop_abi,12,86.87086306721018,True,True,False,1.0,ee7a50a277fef6153a1cc05f9cc2afd227e940efbd36a4c2b0abe9a57580901b,4d6b8cb1d482e5066f9ca575ebd3b67af4a32562
hac,100x,AJ292__202310,unprocessed-porechop_abi,13,86.81845009195625,True,True,False,1.0,ee7a50a277fef6153a1cc05f9cc2afd227e940efbd36a4c2b0abe9a57580901b,4d6b8cb1d482e5066f9ca575ebd3b67af4a32562
hac,100x,AJ292__202310,filtlong-dorado,14,64.59276275007078,True,True,False,1.0,ee7a50a277fef6153a1cc05f9cc2afd227e940efbd36a4c2b0abe9a57580901b,4d6b8cb1d482e5066f9ca575ebd3b67af4a32562
hac,100x,AJ292__202310,filtlong-barbell,15,64.51517127398479,True,True,False,1.0,ee7a50a277fef6153a1cc05f9cc2afd227e940efbd36a4c2b0abe9a57580901b,4d6b8cb1d482e5066f9ca575ebd3b67af4a32562
hac,100x,AJ292__202310,filtlong-untrimmed,16,64.29368910922457,True,True,False,1.0,ee7a50a277fef6153a1cc05f9cc2afd227e940efbd36a4c2b0abe9a57580901b,4d6b8cb1d482e5066f9ca575ebd3b67af4a32562
hac,100x,AJ292__202310,filtlong-porechop_abi,17,64.28106913862466,True,True,False,1.0,ee7a50a277fef6153a1cc05f9cc2afd227e940efbd36a4c2b0abe9a57580901b,4d6b8cb1d482e5066f9ca575ebd3b67af4a32562
hac,100x,AMtb_1__202402,seqkit-barbell,1,98.67557727692291,True,True,True,1.0,ee7a50a277fef6153a1cc05f9cc2afd227e940efbd36a4c2b0abe9a57580901b,4d6b8cb1d482e5066f9ca575ebd3b67af4a32562
hac,100x,AMtb_1__202402,seqkit-dorado,2,98.63901457318863,True,True,False,1.0,ee7a50a277fef6153a1cc05f9cc2afd227e940efbd36a4c2b0abe9a57580901b,4d6b8cb1d482e5066f9ca575ebd3b67af4a32562
hac,100x,AMtb_1__202402,chopper-barbell,3,98.52942146521245,True,True,False,1.0,ee7a50a277fef6153a1cc05f9cc2afd227e940efbd36a4c2b0abe9a57580901b,4d6b8cb1d482e5066f9ca575ebd3b67af4a32562
hac,100x,AMtb_1__202402,chopper-dorado,4,98.4425514122459,True,True,False,1.0,ee7a50a277fef6153a1cc05f9cc2afd227e940efbd36a4c2b0abe9a57580901b,4d6b8cb1d482e5066f9ca575ebd3b67af4a32562
hac,100x,AMtb_1__202402,seqkit-porechop_abi,5,98.41984728406574,True,True,False,1.0,ee7a50a277fef6153a1cc05f9cc2afd227e940efbd36a4c2b0abe9a57580901b,4d6b8cb1d482e5066f9ca575ebd3b67af4a32562
hac,100x,AMtb_1__202402,unprocessed-barbell,6,98.14356301934362,True,True,False,1.0,ee7a50a277fef6153a1cc05f9cc2afd227e940efbd36a4c2b0abe9a57580901b,4d6b8cb1d482e5066f9ca575ebd3b67af4a32562
hac,100x,AMtb_1__202402,unprocessed-dorado,7,97.10943758770023,True,False,False,1.0,ee7a50a277fef6153a1cc05f9cc2afd227e940efbd36a4c2b0abe9a57580901b,4d6b8cb1d482e5066f9ca575ebd3b67af4a32562
hac,100x,AMtb_1__202402,unprocessed-untrimmed,8,95.71890303504253,True,False,False,1.0,ee7a50a277fef6153a1cc05f9cc2afd227e940efbd36a4c2b0abe9a57580901b,4d6b8cb1d482e5066f9ca575ebd3b67af4a32562
hac,100x,AMtb_1__202402,seqkit-untrimmed,9,94.36768336233891,True,False,False,1.0,ee7a50a277fef6153a1cc05f9cc2afd227e940efbd36a4c2b0abe9a57580901b,4d6b8cb1d482e5066f9ca575ebd3b67af4a32562
hac,100x,AMtb_1__202402,chopper-untrimmed,10,92.07962392264285,True,False,False,1.0,ee7a50a277fef6153a1cc05f9cc2afd227e940efbd36a4c2b0abe9a57580901b,4d6b8cb1d482e5066f9ca575ebd3b67af4a32562
hac,100x,AMtb_1__202402,fastplong-all,11,86.91892049811459,True,True,False,1.0,ee7a50a277fef6153a1cc05f9cc2afd227e940efbd36a4c2b0abe9a57580901b,4d6b8cb1d482e5066f9ca575ebd3b67af4a32562
hac,100x,AMtb_1__202402,chopper-porechop_abi,12,86.83889178026507,True,True,False,1.0,ee7a50a277fef6153a1cc05f9cc2afd227e940efbd36a4c2b0abe9a57580901b,4d6b8cb1d482e5066f9ca575ebd3b67af4a32562
hac,100x,AMtb_1__202402,unprocessed-porechop_abi,13,86.80018043563996,True,True,False,1.0,ee7a50a277fef6153a1cc05f9cc2afd227e940efbd36a4c2b0abe9a57580901b,4d6b8cb1d482e5066f9ca575ebd3b67af4a32562
hac,100x,AMtb_1__202402,filtlong-dorado,14,64.53567141843145,True,True,False,1.0,ee7a50a277fef6153a1cc05f9cc2afd227e940efbd36a4c2b0abe9a57580901b,4d6b8cb1d482e5066f9ca575ebd3b67af4a32562
hac,100x,AMtb_1__202402,filtlong-barbell,15,64.4763511430808,True,True,False,1.0,ee7a50a277fef6153a1cc05f9cc2afd227e940efbd36a4c2b0abe9a57580901b,4d6b8cb1d482e5066f9ca575ebd3b67af4a32562
hac,100x,AMtb_1__202402,filtlong-porechop_abi,16,64.24453115860288,True,True,False,1.0,ee7a50a277fef6153a1cc05f9cc2afd227e940efbd36a4c2b0abe9a57580901b,4d6b8cb1d482e5066f9ca575ebd3b67af4a32562
hac,100x,AMtb_1__202402,filtlong-untrimmed,17,64.23659777758525,True,True,False,1.0,ee7a50a277fef6153a1cc05f9cc2afd227e940efbd36a4c2b0abe9a57580901b,4d6b8cb1d482e5066f9ca575ebd3b67af4a32562
hac,100x,ATCC_10708__202309,seqkit-barbell,1,98.68241412750078,True,True,True,1.0,ee7a50a277fef6153a1cc05f9cc2afd227e940efbd36a4c2b0abe9a57580901b,4d6b8cb1d482e5066f9ca575ebd3b67af4a32562
hac,100x,ATCC_10708__202309,seqkit-dorado,2,98.65499103138981,True,True,False,1.0,ee7a50a277fef6153a1cc05f9cc2afd227e940efbd36a4c2b0abe9a57580901b,4d6b8cb1d482e5066f9ca575ebd3b67af4a32562
hac,100x,ATCC_10708__202309,chopper-barbell,3,98.59335295375917,True,True,False,1.0,ee7a50a277fef6153a1cc05f9cc2afd227e940efbd36a4c2b0abe9a57580901b,4d6b8cb1d482e5066f9ca575ebd3b67af4a32562
hac,100x,ATCC_10708__202309,chopper-dorado,4,98.53159136685815,True,True,False,1.0,ee7a50a277fef6153a1cc05f9cc2afd227e940efbd36a4c2b0abe9a57580901b,4d6b8cb1d482e5066f9ca575ebd3b67af4a32562
hac,100x,ATCC_10708__202309,seqkit-porechop_abi,5,98.47463221131719,True,True,False,1.0,ee7a50a277fef6153a1cc05f9cc2afd227e940efbd36a4c2b0abe9a57580901b,4d6b8cb1d482e5066f9ca575ebd3b67af4a32562
hac,100x,ATCC_10708__202309,unprocessed-dorado,6,98.47004110494477,True,True,False,1.0,ee7a50a277fef6153a1cc05f9cc2afd227e940efbd36a4c2b0abe9a57580901b,4d6b8cb1d482e5066f9ca575ebd3b67af4a32562
hac,100x,ATCC_10708__202309,unprocessed-barbell,7,98.145837820506,True,True,False,1.0,ee7a50a277fef6153a1cc05f9cc2afd227e940efbd36a4c2b0abe9a57580901b,4d6b8cb1d482e5066f9ca575ebd3b67af4a32562
hac,100x,ATCC_10708__202309,unprocessed-untrimmed,8,95.73944317088139,True,True,False,1.0,ee7a50a277fef6153a1cc05f9cc2afd227e940efbd36a4c2b0abe9a57580901b,4d6b8cb1d482e5066f9ca575ebd3b67af4a32562
hac,100x,ATCC_10708__202309,seqkit-untrimmed,9,95.71686897428768,True,True,False,1.0,ee7a50a277fef6153a1cc05f9cc2afd227e940efbd36a4c2b0abe9a57580901b,4d6b8cb1d482e5066f9ca575ebd3b67af4a32562
hac,100x,ATCC_10708__202309,chopper-untrimmed,10,93.44479736812089,True,False,False,1.0,ee7a50a277fef6153a1cc05f9cc2afd227e940efbd36a4c2b0abe9a57580901b,4d6b8cb1d482e5066f9ca575ebd3b67af4a32562
hac,100x,ATCC_10708__202309,fastplong-all,11,87.06504358067836,True,True,False,1.0,ee7a50a277fef6153a1cc05f9cc2afd227e940efbd36a4c2b0abe9a57580901b,4d6b8cb1d482e5066f9ca575ebd3b67af4a32562
hac,100x,ATCC_10708__202309,chopper-porechop_abi,12,86.86171442091786,True,True,False,1.0,ee7a50a277fef6153a1cc05f9cc2afd227e940efbd36a4c2b0abe9a57580901b,4d6b8cb1d482e5066f9ca575ebd3b67af4a32562
hac,100x,ATCC_10708__202309,unprocessed-porechop_abi,13,86.80245300008777,True,True,False,1.0,ee7a50a277fef6153a1cc05f9cc2afd227e940efbd36a4c2b0abe9a57580901b,4d6b8cb1d482e5066f9ca575ebd3b67af4a32562
hac,100x,ATCC_10708__202309,filtlong-dorado,14,64.56096828054922,True,True,False,1.0,ee7a50a277fef6153a1cc05f9cc2afd227e940efbd36a4c2b0abe9a57580901b,4d6b8cb1d482e5066f9ca575ebd3b67af4a32562
hac,100x,ATCC_10708__202309,filtlong-barbell,15,64.50831711152979,True,True,False,1.0,ee7a50a277fef6153a1cc05f9cc2afd227e940efbd36a4c2b0abe9a57580901b,4d6b8cb1d482e5066f9ca575ebd3b67af4a32562
hac,100x,ATCC_10708__202309,filtlong-porechop_abi,16,64.25594474651524,True,True,False,1.0,ee7a50a277fef6153a1cc05f9cc2afd227e940efbd36a4c2b0abe9a57580901b,4d6b8cb1d482e5066f9ca575ebd3b67af4a32562
hac,100x,ATCC_10708__202309,filtlong-untrimmed,17,64.25257880817287,True,True,False,1.0,ee7a50a277fef6153a1cc05f9cc2afd227e940efbd36a4c2b0abe9a57580901b,4d6b8cb1d482e5066f9ca575ebd3b67af4a32562
hac,100x,ATCC_17802__202309,seqkit-barbell,1,98.73037249742974,True,True,True,1.0,ee7a50a277fef6153a1cc05f9cc2afd227e940efbd36a4c2b0abe9a57580901b,4d6b8cb1d482e5066f9ca575ebd3b67af4a32562
hac,100x,ATCC_17802__202309,seqkit-dorado,2,98.65042706258855,True,True,False,1.0,ee7a50a277fef6153a1cc05f9cc2afd227e940efbd36a4c2b0abe9a57580901b,4d6b8cb1d482e5066f9ca575ebd3b67af4a32562
hac,100x,ATCC_17802__202309,chopper-barbell,3,98.56138576312398,True,True,False,1.0,ee7a50a277fef6153a1cc05f9cc2afd227e940efbd36a4c2b0abe9a57580901b,4d6b8cb1d482e5066f9ca575ebd3b67af4a32562
hac,100x,ATCC_17802__202309,chopper-dorado,4,98.46538062534383,True,True,False,1.0,ee7a50a277fef6153a1cc05f9cc2afd227e940efbd36a4c2b0abe9a57580901b,4d6b8cb1d482e5066f9ca575ebd3b67af4a32562
hac,100x,ATCC_17802__202309,seqkit-porechop_abi,5,98.45865945456359,True,True,False,1.0,ee7a50a277fef6153a1cc05f9cc2afd227e940efbd36a4c2b0abe9a57580901b,4d6b8cb1d482e5066f9ca575ebd3b67af4a32562
hac,100x,ATCC_17802__202309,unprocessed-barbell,6,98.1618260272553,True,True,False,1.0,ee7a50a277fef6153a1cc05f9cc2afd227e940efbd36a4c2b0abe9a57580901b,4d6b8cb1d482e5066f9ca575ebd3b67af4a32562
hac,100x,ATCC_17802__202309,unprocessed-dorado,7,97.17337121782508,True,True,False,1.0,ee7a50a277fef6153a1cc05f9cc2afd227e940efbd36a4c2b0abe9a57580901b,4d6b8cb1d482e5066f9ca575ebd3b67af4a32562
hac,100x,ATCC_17802__202309,unprocessed-untrimmed,8,95.74173261294246,True,False,False,1.0,ee7a50a277fef6153a1cc05f9cc2afd227e940efbd36a4c2b0abe9a57580901b,4d6b8cb1d482e5066f9ca575ebd3b67af4a32562
hac,100x,ATCC_17802__202309,seqkit-untrimmed,9,94.39964284768509,True,True,False,1.0,ee7a50a277fef6153a1cc05f9cc2afd227e940efbd36a4c2b0abe9a57580901b,4d6b8cb1d482e5066f9ca575ebd3b67af4a32562
hac,100x,ATCC_17802__202309,chopper-untrimmed,10,93.45622096945019,True,True,False,1.0,ee7a50a277fef6153a1cc05f9cc2afd227e940efbd36a4c2b0abe9a57580901b,4d6b8cb1d482e5066f9ca575ebd3b67af4a32562
hac,100x,ATCC_17802__202309,fastplong-all,11,86.95088516306507,True,True,False,1.0,ee7a50a277fef6153a1cc05f9cc2afd227e940efbd36a4c2b0abe9a57580901b,4d6b8cb1d482e5066f9ca575ebd3b67af4a32562
hac,100x,ATCC_17802__202309,chopper-porechop_abi,12,86.87542481482097,True,True,False,1.0,ee7a50a277fef6153a1cc05f9cc2afd227e940efbd36a4c2b0abe9a57580901b,4d6b8cb1d482e5066f9ca575ebd3b67af4a32562
hac,100x,ATCC_17802__202309,unprocessed-porechop_abi,13,86.8252967772505,True,True,False,1.0,ee7a50a277fef6153a1cc05f9cc2afd227e940efbd36a4c2b0abe9a57580901b,4d6b8cb1d482e5066f9ca575ebd3b67af4a32562
hac,100x,ATCC_17802__202309,filtlong-dorado,14,64.5767715637502,True,True,False,1.0,ee7a50a277fef6153a1cc05f9cc2afd227e940efbd36a4c2b0abe9a57580901b,4d6b8cb1d482e5066f9ca575ebd3b67af4a32562
hac,100x,ATCC_17802__202309,filtlong-barbell,15,64.51745165543855,True,True,False,1.0,ee7a50a277fef6153a1cc05f9cc2afd227e940efbd36a4c2b0abe9a57580901b,4d6b8cb1d482e5066f9ca575ebd3b67af4a32562
hac,100x,ATCC_17802__202309,filtlong-porechop_abi,16,64.28214707255715,True,True,False,1.0,ee7a50a277fef6153a1cc05f9cc2afd227e940efbd36a4c2b0abe9a57580901b,4d6b8cb1d482e5066f9ca575ebd3b67af4a32562
hac,100x,ATCC_17802__202309,filtlong-untrimmed,17,64.27312875105787,True,True,False,1.0,ee7a50a277fef6153a1cc05f9cc2afd227e940efbd36a4c2b0abe9a57580901b,4d6b8cb1d482e5066f9ca575ebd3b67af4a32562
hac,100x,ATCC_19119__202309,seqkit-barbell,1,98.63903287511694,True,True,True,1.0,ee7a50a277fef6153a1cc05f9cc2afd227e940efbd36a4c2b0abe9a57580901b,4d6b8cb1d482e5066f9ca575ebd3b67af4a32562
hac,100x,ATCC_19119__202309,seqkit-dorado,2,98.60475322395553,True,True,False,1.0,ee7a50a277fef6153a1cc05f9cc2afd227e940efbd36a4c2b0abe9a57580901b,4d6b8cb1d482e5066f9ca575ebd3b67af4a32562
hac,100x,ATCC_19119__202309,chopper-barbell,3,98.49516053765302,True,True,False,1.0,ee7a50a277fef6153a1cc05f9cc2afd227e940efbd36a4c2b0abe9a57580901b,4d6b8cb1d482e5066f9ca575ebd3b67af4a32562
hac,100x,ATCC_19119__202309,chopper-dorado,4,98.43569040628294,True,True,False,1.0,ee7a50a277fef6153a1cc05f9cc2afd227e940efbd36a4c2b0abe9a57580901b,4d6b8cb1d482e5066f9ca575ebd3b67af4a32562
hac,100x,ATCC_19119__202309,seqkit-porechop_abi,5,98.39243379254457,True,True,False,1.0,ee7a50a277fef6153a1cc05f9cc2afd227e940efbd36a4c2b0abe9a57580901b,4d6b8cb1d482e5066f9ca575ebd3b67af4a32562
hac,100x,ATCC_19119__202309,unprocessed-barbell,6,98.24401667973838,True,True,False,1.0,ee7a50a277fef6153a1cc05f9cc2afd227e940efbd36a4c2b0abe9a57580901b,4d6b8cb1d482e5066f9ca575ebd3b67af4a32562
hac,100x,ATCC_19119__202309,unprocessed-dorado,7,97.10486491584297,True,True,False,1.0,ee7a50a277fef6153a1cc05f9cc2afd227e940efbd36a4c2b0abe9a57580901b,4d6b8cb1d482e5066f9ca575ebd3b67af4a32562
hac,100x,ATCC_19119__202309,unprocessed-untrimmed,8,97.06809772667944,True,True,False,1.0,ee7a50a277fef6153a1cc05f9cc2afd227e940efbd36a4c2b0abe9a57580901b,4d6b8cb1d482e5066f9ca575ebd3b67af4a32562
hac,100x,ATCC_19119__202309,seqkit-untrimmed,9,94.31515481350817,True,True,False,1.0,ee7a50a277fef6153a1cc05f9cc2afd227e940efbd36a4c2b0abe9a57580901b,4d6b8cb1d482e5066f9ca575ebd3b67af4a32562
hac,100x,ATCC_19119__202309,chopper-untrimmed,10,93.41511533972847,True,True,False,1.0,ee7a50a277fef6153a1cc05f9cc2afd227e940efbd36a4c2b0abe9a57580901b,4d6b8cb1d482e5066f9ca575ebd3b67af4a32562
hac,100x,ATCC_19119__202309,fastplong-all,11,86.89150989899734,True,True,False,1.0,ee7a50a277fef6153a1cc05f9cc2afd227e940efbd36a4c2b0abe9a57580901b,4d6b8cb1d482e5066f9ca575ebd3b67af4a32562
hac,100x,ATCC_19119__202309,chopper-porechop_abi,12,86.82746897671593,True,True,False,1.0,ee7a50a277fef6153a1cc05f9cc2afd227e940efbd36a4c2b0abe9a57580901b,4d6b8cb1d482e5066f9ca575ebd3b67af4a32562
hac,100x,ATCC_19119__202309,unprocessed-porechop_abi,13,86.76820609191593,True,True,False,1.0,ee7a50a277fef6153a1cc05f9cc2afd227e940efbd36a4c2b0abe9a57580901b,4d6b8cb1d482e5066f9ca575ebd3b67af4a32562
hac,100x,ATCC_19119__202309,filtlong-dorado,14,64.50598731589056,True,True,False,1.0,ee7a50a277fef6153a1cc05f9cc2afd227e940efbd36a4c2b0abe9a57580901b,4d6b8cb1d482e5066f9ca575ebd3b67af4a32562
hac,100x,ATCC_19119__202309,filtlong-barbell,15,64.45351786905934,True,True,False,1.0,ee7a50a277fef6153a1cc05f9cc2afd227e940efbd36a4c2b0abe9a57580901b,4d6b8cb1d482e5066f9ca575ebd3b67af4a32562
hac,100x,ATCC_19119__202309,filtlong-porechop_abi,16,64.21484705606198,True,True,False,1.0,ee7a50a277fef6153a1cc05f9cc2afd227e940efbd36a4c2b0abe9a57580901b,4d6b8cb1d482e5066f9ca575ebd3b67af4a32562
hac,100x,ATCC_19119__202309,filtlong-untrimmed,17,64.20691367504436,True,True,False,1.0,ee7a50a277fef6153a1cc05f9cc2afd227e940efbd36a4c2b0abe9a57580901b,4d6b8cb1d482e5066f9ca575ebd3b67af4a32562
hac,100x,ATCC_25922__202309,seqkit-barbell,1,98.6892731180011,True,True,True,1.0,ee7a50a277fef6153a1cc05f9cc2afd227e940efbd36a4c2b0abe9a57580901b,4d6b8cb1d482e5066f9ca575ebd3b67af4a32562
hac,100x,ATCC_25922__202309,seqkit-dorado,2,98.65729216509999,True,True,False,1.0,ee7a50a277fef6153a1cc05f9cc2afd227e940efbd36a4c2b0abe9a57580901b,4d6b8cb1d482e5066f9ca575ebd3b67af4a32562
hac,100x,ATCC_25922__202309,chopper-barbell,3,98.52486102998202,True,True,False,1.0,ee7a50a277fef6153a1cc05f9cc2afd227e940efbd36a4c2b0abe9a57580901b,4d6b8cb1d482e5066f9ca575ebd3b67af4a32562
hac,100x,ATCC_25922__202309,chopper-dorado,4,98.4790852757481,True,True,False,1.0,ee7a50a277fef6153a1cc05f9cc2afd227e940efbd36a4c2b0abe9a57580901b,4d6b8cb1d482e5066f9ca575ebd3b67af4a32562
hac,100x,ATCC_25922__202309,fastplong-all,5,98.47008246691259,True,True,False,1.0,ee7a50a277fef6153a1cc05f9cc2afd227e940efbd36a4c2b0abe9a57580901b,4d6b8cb1d482e5066f9ca575ebd3b67af4a32562
hac,100x,ATCC_25922__202309,seqkit-porechop_abi,6,98.40843736395229,True,True,False,1.0,ee7a50a277fef6153a1cc05f9cc2afd227e940efbd36a4c2b0abe9a57580901b,4d6b8cb1d482e5066f9ca575ebd3b67af4a32562
hac,100x,ATCC_25922__202309,chopper-porechop_abi,7,98.32839588335635,True,True,False,1.0,ee7a50a277fef6153a1cc05f9cc2afd227e940efbd36a4c2b0abe9a57580901b,4d6b8cb1d482e5066f9ca575ebd3b67af4a32562
hac,100x,ATCC_25922__202309,unprocessed-barbell,8,98.20521055367487,True,True,False,1.0,ee7a50a277fef6153a1cc05f9cc2afd227e940efbd36a4c2b0abe9a57580901b,4d6b8cb1d482e5066f9ca575ebd3b67af4a32562
hac,100x,ATCC_25922__202309,unprocessed-dorado,9,97.09803289632164,True,False,False,1.0,ee7a50a277fef6153a1cc05f9cc2afd227e940efbd36a4c2b0abe9a57580901b,4d6b8cb1d482e5066f9ca575ebd3b67af4a32562
hac,100x,ATCC_25922__202309,unprocessed-untrimmed,10,95.80353149074972,True,False,False,1.0,ee7a50a277fef6153a1cc05f9cc2afd227e940efbd36a4c2b0abe9a57580901b,4d6b8cb1d482e5066f9ca575ebd3b67af4a32562
hac,100x,ATCC_25922__202309,seqkit-untrimmed,11,94.3334378005011,True,False,False,1.0,ee7a50a277fef6153a1cc05f9cc2afd227e940efbd36a4c2b0abe9a57580901b,4d6b8cb1d482e5066f9ca575ebd3b67af4a32562
hac,100x,ATCC_25922__202309,chopper-untrimmed,12,93.28081894281426,True,False,False,1.0,ee7a50a277fef6153a1cc05f9cc2afd227e940efbd36a4c2b0abe9a57580901b,4d6b8cb1d482e5066f9ca575ebd3b67af4a32562
hac,100x,ATCC_25922__202309,filtlong-dorado,13,87.5352305341171,True,True,False,1.0,ee7a50a277fef6153a1cc05f9cc2afd227e940efbd36a4c2b0abe9a57580901b,4d6b8cb1d482e5066f9ca575ebd3b67af4a32562
hac,100x,ATCC_25922__202309,filtlong-barbell,14,87.46220960741427,True,True,False,1.0,ee7a50a277fef6153a1cc05f9cc2afd227e940efbd36a4c2b0abe9a57580901b,4d6b8cb1d482e5066f9ca575ebd3b67af4a32562
hac,100x,ATCC_25922__202309,filtlong-untrimmed,15,87.26355620747674,True,True,False,1.0,ee7a50a277fef6153a1cc05f9cc2afd227e940efbd36a4c2b0abe9a57580901b,4d6b8cb1d482e5066f9ca575ebd3b67af4a32562
hac,100x,ATCC_25922__202309,filtlong-porechop_abi,16,87.17102227212797,True,True,False,1.0,ee7a50a277fef6153a1cc05f9cc2afd227e940efbd36a4c2b0abe9a57580901b,4d6b8cb1d482e5066f9ca575ebd3b67af4a32562
hac,100x,ATCC_25922__202309,unprocessed-porechop_abi,17,86.81846264929072,True,True,False,1.0,ee7a50a277fef6153a1cc05f9cc2afd227e940efbd36a4c2b0abe9a57580901b,4d6b8cb1d482e5066f9ca575ebd3b67af4a32562
hac,100x,ATCC_33560__202309,seqkit-barbell,1,98.77375973768558,True,True,True,1.0,ee7a50a277fef6153a1cc05f9cc2afd227e940efbd36a4c2b0abe9a57580901b,4d6b8cb1d482e5066f9ca575ebd3b67af4a32562
hac,100x,ATCC_33560__202309,seqkit-dorado,2,98.73262789641016,True,True,False,1.0,ee7a50a277fef6153a1cc05f9cc2afd227e940efbd36a4c2b0abe9a57580901b,4d6b8cb1d482e5066f9ca575ebd3b67af4a32562
hac,100x,ATCC_33560__202309,chopper-barbell,3,98.65042776804462,True,True,False,1.0,ee7a50a277fef6153a1cc05f9cc2afd227e940efbd36a4c2b0abe9a57580901b,4d6b8cb1d482e5066f9ca575ebd3b67af4a32562
hac,100x,ATCC_33560__202309,chopper-dorado,4,98.54757561718198,True,True,False,1.0,ee7a50a277fef6153a1cc05f9cc2afd227e940efbd36a4c2b0abe9a57580901b,4d6b8cb1d482e5066f9ca575ebd3b67af4a32562
hac,100x,ATCC_33560__202309,seqkit-porechop_abi,5,98.47691487553031,True,True,False,1.0,ee7a50a277fef6153a1cc05f9cc2afd227e940efbd36a4c2b0abe9a57580901b,4d6b8cb1d482e5066f9ca575ebd3b67af4a32562
hac,100x,ATCC_33560__202309,unprocessed-barbell,6,98.34220595490302,True,True,False,1.0,ee7a50a277fef6153a1cc05f9cc2afd227e940efbd36a4c2b0abe9a57580901b,4d6b8cb1d482e5066f9ca575ebd3b67af4a32562
hac,100x,ATCC_33560__202309,unprocessed-dorado,7,97.20760766472301,True,False,False,1.0,ee7a50a277fef6153a1cc05f9cc2afd227e940efbd36a4c2b0abe9a57580901b,4d6b8cb1d482e5066f9ca575ebd3b67af4a32562
hac,100x,ATCC_33560__202309,unprocessed-untrimmed,8,95.75999378970924,True,False,False,1.0,ee7a50a277fef6153a1cc05f9cc2afd227e940efbd36a4c2b0abe9a57580901b,4d6b8cb1d482e5066f9ca575ebd3b67af4a32562
hac,100x,ATCC_33560__202309,seqkit-untrimmed,9,94.44758552257404,True,False,False,1.0,ee7a50a277fef6153a1cc05f9cc2afd227e940efbd36a4c2b0abe9a57580901b,4d6b8cb1d482e5066f9ca575ebd3b67af4a32562
hac,100x,ATCC_33560__202309,chopper-untrimmed,10,92.18236727980384,True,False,False,1.0,ee7a50a277fef6153a1cc05f9cc2afd227e940efbd36a4c2b0abe9a57580901b,4d6b8cb1d482e5066f9ca575ebd3b67af4a32562
hac,100x,ATCC_33560__202309,fastplong-all,11,87.03993588529275,True,True,False,1.0,ee7a50a277fef6153a1cc05f9cc2afd227e940efbd36a4c2b0abe9a57580901b,4d6b8cb1d482e5066f9ca575ebd3b67af4a32562
hac,100x,ATCC_33560__202309,chopper-porechop_abi,12,86.9895817064124,True,True,False,1.0,ee7a50a277fef6153a1cc05f9cc2afd227e940efbd36a4c2b0abe9a57580901b,4d6b8cb1d482e5066f9ca575ebd3b67af4a32562
hac,100x,ATCC_33560__202309,unprocessed-porechop_abi,13,86.82985959700875,True,True,False,1.0,ee7a50a277fef6153a1cc05f9cc2afd227e940efbd36a4c2b0abe9a57580901b,4d6b8cb1d482e5066f9ca575ebd3b67af4a32562
hac,100x,ATCC_33560__202309,filtlong-dorado,14,64.55849604496912,True,True,False,1.0,ee7a50a277fef6153a1cc05f9cc2afd227e940efbd36a4c2b0abe9a57580901b,4d6b8cb1d482e5066f9ca575ebd3b67af4a32562
hac,100x,ATCC_33560__202309,filtlong-barbell,15,64.5311453287612,True,True,False,1.0,ee7a50a277fef6153a1cc05f9cc2afd227e940efbd36a4c2b0abe9a57580901b,4d6b8cb1d482e5066f9ca575ebd3b67af4a32562
hac,100x,ATCC_33560__202309,filtlong-untrimmed,16,64.28453907078958,True,True,False,1.0,ee7a50a277fef6153a1cc05f9cc2afd227e940efbd36a4c2b0abe9a57580901b,4d6b8cb1d482e5066f9ca575ebd3b67af4a32562
hac,100x,ATCC_33560__202309,filtlong-porechop_abi,17,64.26747343066927,True,True,False,1.0,ee7a50a277fef6153a1cc05f9cc2afd227e940efbd36a4c2b0abe9a57580901b,4d6b8cb1d482e5066f9ca575ebd3b67af4a32562
hac,100x,ATCC_35221__202309,seqkit-dorado,1,98.79200319012341,True,True,True,1.0,ee7a50a277fef6153a1cc05f9cc2afd227e940efbd36a4c2b0abe9a57580901b,4d6b8cb1d482e5066f9ca575ebd3b67af4a32562
hac,100x,ATCC_35221__202309,seqkit-barbell,2,98.77375458946277,True,True,False,1.0,ee7a50a277fef6153a1cc05f9cc2afd227e940efbd36a4c2b0abe9a57580901b,4d6b8cb1d482e5066f9ca575ebd3b67af4a32562
hac,100x,ATCC_35221__202309,chopper-barbell,3,98.60705925362782,True,True,False,1.0,ee7a50a277fef6153a1cc05f9cc2afd227e940efbd36a4c2b0abe9a57580901b,4d6b8cb1d482e5066f9ca575ebd3b67af4a32562
hac,100x,ATCC_35221__202309,seqkit-porechop_abi,4,98.54771352404144,True,True,False,1.0,ee7a50a277fef6153a1cc05f9cc2afd227e940efbd36a4c2b0abe9a57580901b,4d6b8cb1d482e5066f9ca575ebd3b67af4a32562
hac,100x,ATCC_35221__202309,chopper-dorado,5,98.49963354846382,True,True,False,1.0,ee7a50a277fef6153a1cc05f9cc2afd227e940efbd36a4c2b0abe9a57580901b,4d6b8cb1d482e5066f9ca575ebd3b67af4a32562
hac,100x,ATCC_35221__202309,unprocessed-barbell,6,98.23718331257292,True,True,False,1.0,ee7a50a277fef6153a1cc05f9cc2afd227e940efbd36a4c2b0abe9a57580901b,4d6b8cb1d482e5066f9ca575ebd3b67af4a32562
hac,100x,ATCC_35221__202309,unprocessed-dorado,7,97.1619554690905,True,False,False,1.0,ee7a50a277fef6153a1cc05f9cc2afd227e940efbd36a4c2b0abe9a57580901b,4d6b8cb1d482e5066f9ca575ebd3b67af4a32562
hac,100x,ATCC_35221__202309,unprocessed-untrimmed,8,95.84448470644202,True,False,False,1.0,ee7a50a277fef6153a1cc05f9cc2afd227e940efbd36a4c2b0abe9a57580901b,4d6b8cb1d482e5066f9ca575ebd3b67af4a32562
hac,100x,ATCC_35221__202309,seqkit-untrimmed,9,94.3585431059735,True,False,False,1.0,ee7a50a277fef6153a1cc05f9cc2afd227e940efbd36a4c2b0abe9a57580901b,4d6b8cb1d482e5066f9ca575ebd3b67af4a32562
hac,100x,ATCC_35221__202309,chopper-untrimmed,10,92.15510757571872,True,False,False,1.0,ee7a50a277fef6153a1cc05f9cc2afd227e940efbd36a4c2b0abe9a57580901b,4d6b8cb1d482e5066f9ca575ebd3b67af4a32562
hac,100x,ATCC_35221__202309,fastplong-all,11,87.04222095803797,True,True,False,1.0,ee7a50a277fef6153a1cc05f9cc2afd227e940efbd36a4c2b0abe9a57580901b,4d6b8cb1d482e5066f9ca575ebd3b67af4a32562
hac,100x,ATCC_35221__202309,chopper-porechop_abi,12,86.95305595647851,True,True,False,1.0,ee7a50a277fef6153a1cc05f9cc2afd227e940efbd36a4c2b0abe9a57580901b,4d6b8cb1d482e5066f9ca575ebd3b67af4a32562
hac,100x,ATCC_35221__202309,unprocessed-porechop_abi,13,86.86410857669924,True,True,False,1.0,ee7a50a277fef6153a1cc05f9cc2afd227e940efbd36a4c2b0abe9a57580901b,4d6b8cb1d482e5066f9ca575ebd3b67af4a32562
hac,100x,ATCC_35221__202309,filtlong-dorado,14,64.58590845204662,True,True,False,1.0,ee7a50a277fef6153a1cc05f9cc2afd227e940efbd36a4c2b0abe9a57580901b,4d6b8cb1d482e5066f9ca575ebd3b67af4a32562
hac,100x,ATCC_35221__202309,filtlong-barbell,15,64.54941751487067,True,True,False,1.0,ee7a50a277fef6153a1cc05f9cc2afd227e940efbd36a4c2b0abe9a57580901b,4d6b8cb1d482e5066f9ca575ebd3b67af4a32562
hac,100x,ATCC_35221__202309,filtlong-porechop_abi,16,64.32673244704569,True,True,False,1.0,ee7a50a277fef6153a1cc05f9cc2afd227e940efbd36a4c2b0abe9a57580901b,4d6b8cb1d482e5066f9ca575ebd3b67af4a32562
hac,100x,ATCC_35221__202309,filtlong-untrimmed,17,64.30509906602805,True,True,False,1.0,ee7a50a277fef6153a1cc05f9cc2afd227e940efbd36a4c2b0abe9a57580901b,4d6b8cb1d482e5066f9ca575ebd3b67af4a32562
hac,100x,ATCC_35897__202309,seqkit-barbell,1,98.64360442272023,True,True,True,1.0,ee7a50a277fef6153a1cc05f9cc2afd227e940efbd36a4c2b0abe9a57580901b,4d6b8cb1d482e5066f9ca575ebd3b67af4a32562
hac,100x,ATCC_35897__202309,seqkit-dorado,2,98.60704078197908,True,True,False,1.0,ee7a50a277fef6153a1cc05f9cc2afd227e940efbd36a4c2b0abe9a57580901b,4d6b8cb1d482e5066f9ca575ebd3b67af4a32562
hac,100x,ATCC_35897__202309,chopper-barbell,3,98.4974494395292,True,True,False,1.0,ee7a50a277fef6153a1cc05f9cc2afd227e940efbd36a4c2b0abe9a57580901b,4d6b8cb1d482e5066f9ca575ebd3b67af4a32562
hac,100x,ATCC_35897__202309,chopper-dorado,4,98.42199133364136,True,True,False,1.0,ee7a50a277fef6153a1cc05f9cc2afd227e940efbd36a4c2b0abe9a57580901b,4d6b8cb1d482e5066f9ca575ebd3b67af4a32562
hac,100x,ATCC_35897__202309,seqkit-porechop_abi,5,98.36275657466105,True,True,False,1.0,ee7a50a277fef6153a1cc05f9cc2afd227e940efbd36a4c2b0abe9a57580901b,4d6b8cb1d482e5066f9ca575ebd3b67af4a32562
hac,100x,ATCC_35897__202309,unprocessed-barbell,6,98.10701960740575,True,True,False,1.0,ee7a50a277fef6153a1cc05f9cc2afd227e940efbd36a4c2b0abe9a57580901b,4d6b8cb1d482e5066f9ca575ebd3b67af4a32562
hac,100x,ATCC_35897__202309,unprocessed-dorado,7,97.1002928787395,True,False,False,1.0,ee7a50a277fef6153a1cc05f9cc2afd227e940efbd36a4c2b0abe9a57580901b,4d6b8cb1d482e5066f9ca575ebd3b67af4a32562
hac,100x,ATCC_35897__202309,unprocessed-untrimmed,8,95.68008083083764,True,False,False,1.0,ee7a50a277fef6153a1cc05f9cc2afd227e940efbd36a4c2b0abe9a57580901b,4d6b8cb1d482e5066f9ca575ebd3b67af4a32562
hac,100x,ATCC_35897__202309,seqkit-untrimmed,9,94.28547386072529,True,False,False,1.0,ee7a50a277fef6153a1cc05f9cc2afd227e940efbd36a4c2b0abe9a57580901b,4d6b8cb1d482e5066f9ca575ebd3b67af4a32562
hac,100x,ATCC_35897__202309,chopper-untrimmed,10,92.02710355399844,True,False,False,1.0,ee7a50a277fef6153a1cc05f9cc2afd227e940efbd36a4c2b0abe9a57580901b,4d6b8cb1d482e5066f9ca575ebd3b67af4a32562
hac,100x,ATCC_35897__202309,fastplong-all,11,86.90978004023836,True,True,False,1.0,ee7a50a277fef6153a1cc05f9cc2afd227e940efbd36a4c2b0abe9a57580901b,4d6b8cb1d482e5066f9ca575ebd3b67af4a32562
hac,100x,ATCC_35897__202309,chopper-porechop_abi,12,86.80691745051791,True,True,False,1.0,ee7a50a277fef6153a1cc05f9cc2afd227e940efbd36a4c2b0abe9a57580901b,4d6b8cb1d482e5066f9ca575ebd3b67af4a32562
hac,100x,ATCC_35897__202309,unprocessed-porechop_abi,13,86.76135451888814,True,True,False,1.0,ee7a50a277fef6153a1cc05f9cc2afd227e940efbd36a4c2b0abe9a57580901b,4d6b8cb1d482e5066f9ca575ebd3b67af4a32562
hac,100x,ATCC_35897__202309,filtlong-dorado,14,64.47629527803532,True,True,False,1.0,ee7a50a277fef6153a1cc05f9cc2afd227e940efbd36a4c2b0abe9a57580901b,4d6b8cb1d482e5066f9ca575ebd3b67af4a32562
hac,100x,ATCC_35897__202309,filtlong-barbell,15,64.42382583120408,True,True,False,1.0,ee7a50a277fef6153a1cc05f9cc2afd227e940efbd36a4c2b0abe9a57580901b,4d6b8cb1d482e5066f9ca575ebd3b67af4a32562
hac,100x,ATCC_35897__202309,filtlong-porechop_abi,16,64.18515501820676,True,True,False,1.0,ee7a50a277fef6153a1cc05f9cc2afd227e940efbd36a4c2b0abe9a57580901b,4d6b8cb1d482e5066f9ca575ebd3b67af4a32562
hac,100x,ATCC_35897__202309,filtlong-untrimmed,17,64.17722163718912,True,True,False,1.0,ee7a50a277fef6153a1cc05f9cc2afd227e940efbd36a4c2b0abe9a57580901b,4d6b8cb1d482e5066f9ca575ebd3b67af4a32562
hac,100x,ATCC_BAA-679__202309,chopper-barbell,1,98.71893295566973,True,True,True,1.0,ee7a50a277fef6153a1cc05f9cc2afd227e940efbd36a4c2b0abe9a57580901b,4d6b8cb1d482e5066f9ca575ebd3b67af4a32562
hac,100x,ATCC_BAA-679__202309,seqkit-dorado,2,98.70522441299208,True,True,False,1.0,ee7a50a277fef6153a1cc05f9cc2afd227e940efbd36a4c2b0abe9a57580901b,4d6b8cb1d482e5066f9ca575ebd3b67af4a32562
hac,100x,ATCC_BAA-679__202309,seqkit-barbell,3,98.67785088676757,True,True,False,1.0,ee7a50a277fef6153a1cc05f9cc2afd227e940efbd36a4c2b0abe9a57580901b,4d6b8cb1d482e5066f9ca575ebd3b67af4a32562
hac,100x,ATCC_BAA-679__202309,seqkit-porechop_abi,4,98.48376506146832,True,True,False,1.0,ee7a50a277fef6153a1cc05f9cc2afd227e940efbd36a4c2b0abe9a57580901b,4d6b8cb1d482e5066f9ca575ebd3b67af4a32562
hac,100x,ATCC_BAA-679__202309,chopper-dorado,5,98.43340500854003,True,True,False,1.0,ee7a50a277fef6153a1cc05f9cc2afd227e940efbd36a4c2b0abe9a57580901b,4d6b8cb1d482e5066f9ca575ebd3b67af4a32562
hac,100x,ATCC_BAA-679__202309,unprocessed-barbell,6,98.1024549073176,True,True,False,1.0,ee7a50a277fef6153a1cc05f9cc2afd227e940efbd36a4c2b0abe9a57580901b,4d6b8cb1d482e5066f9ca575ebd3b67af4a32562
hac,100x,ATCC_BAA-679__202309,unprocessed-dorado,7,97.1139932912916,True,True,False,1.0,ee7a50a277fef6153a1cc05f9cc2afd227e940efbd36a4c2b0abe9a57580901b,4d6b8cb1d482e5066f9ca575ebd3b67af4a32562
hac,100x,ATCC_BAA-679__202309,unprocessed-untrimmed,8,95.68464191169059,True,False,False,1.0,ee7a50a277fef6153a1cc05f9cc2afd227e940efbd36a4c2b0abe9a57580901b,4d6b8cb1d482e5066f9ca575ebd3b67af4a32562
hac,100x,ATCC_BAA-679__202309,seqkit-untrimmed,9,94.36310111695337,True,False,False,1.0,ee7a50a277fef6153a1cc05f9cc2afd227e940efbd36a4c2b0abe9a57580901b,4d6b8cb1d482e5066f9ca575ebd3b67af4a32562
hac,100x,ATCC_BAA-679__202309,chopper-untrimmed,10,92.14812114722429,True,False,False,1.0,ee7a50a277fef6153a1cc05f9cc2afd227e940efbd36a4c2b0abe9a57580901b,4d6b8cb1d482e5066f9ca575ebd3b67af4a32562
hac,100x,ATCC_BAA-679__202309,fastplong-all,11,86.91434328582483,True,True,False,1.0,ee7a50a277fef6153a1cc05f9cc2afd227e940efbd36a4c2b0abe9a57580901b,4d6b8cb1d482e5066f9ca575ebd3b67af4a32562
hac,100x,ATCC_BAA-679__202309,chopper-porechop_abi,12,86.83431316172705,True,True,False,1.0,ee7a50a277fef6153a1cc05f9cc2afd227e940efbd36a4c2b0abe9a57580901b,4d6b8cb1d482e5066f9ca575ebd3b67af4a32562
hac,100x,ATCC_BAA-679__202309,unprocessed-porechop_abi,13,86.79103610004012,True,True,False,1.0,ee7a50a277fef6153a1cc05f9cc2afd227e940efbd36a4c2b0abe9a57580901b,4d6b8cb1d482e5066f9ca575ebd3b67af4a32562
hac,100x,ATCC_BAA-679__202309,filtlong-dorado,14,64.50598351227893,True,True,False,1.0,ee7a50a277fef6153a1cc05f9cc2afd227e940efbd36a4c2b0abe9a57580901b,4d6b8cb1d482e5066f9ca575ebd3b67af4a32562
hac,100x,ATCC_BAA-679__202309,filtlong-barbell,15,64.44666282586108,True,True,False,1.0,ee7a50a277fef6153a1cc05f9cc2afd227e940efbd36a4c2b0abe9a57580901b,4d6b8cb1d482e5066f9ca575ebd3b67af4a32562
hac,100x,ATCC_BAA-679__202309,filtlong-porechop_abi,16,64.21484325245035,True,True,False,1.0,ee7a50a277fef6153a1cc05f9cc2afd227e940efbd36a4c2b0abe9a57580901b,4d6b8cb1d482e5066f9ca575ebd3b67af4a32562
hac,100x,ATCC_BAA-679__202309,filtlong-untrimmed,17,64.20005863184609,True,True,False,1.0,ee7a50a277fef6153a1cc05f9cc2afd227e940efbd36a4c2b0abe9a57580901b,4d6b8cb1d482e5066f9ca575ebd3b67af4a32562
hac,100x,BPH2947__202310,unprocessed-porechop_abi,1,98.65500801389973,True,True,True,1.0,ee7a50a277fef6153a1cc05f9cc2afd227e940efbd36a4c2b0abe9a57580901b,4d6b8cb1d482e5066f9ca575ebd3b67af4a32562
hac,100x,BPH2947__202310,seqkit-dorado,2,98.60933265888448,True,True,False,1.0,ee7a50a277fef6153a1cc05f9cc2afd227e940efbd36a4c2b0abe9a57580901b,4d6b8cb1d482e5066f9ca575ebd3b67af4a32562
hac,100x,BPH2947__202310,seqkit-barbell,3,98.60021580867254,True,True,False,1.0,ee7a50a277fef6153a1cc05f9cc2afd227e940efbd36a4c2b0abe9a57580901b,4d6b8cb1d482e5066f9ca575ebd3b67af4a32562
hac,100x,BPH2947__202310,chopper-barbell,4,98.47004475264923,True,True,False,1.0,ee7a50a277fef6153a1cc05f9cc2afd227e940efbd36a4c2b0abe9a57580901b,4d6b8cb1d482e5066f9ca575ebd3b67af4a32562
hac,100x,BPH2947__202310,chopper-dorado,5,98.40841818521265,True,True,False,1.0,ee7a50a277fef6153a1cc05f9cc2afd227e940efbd36a4c2b0abe9a57580901b,4d6b8cb1d482e5066f9ca575ebd3b67af4a32562
hac,100x,BPH2947__202310,seqkit-porechop_abi,6,98.3444815671606,True,True,False,1.0,ee7a50a277fef6153a1cc05f9cc2afd227e940efbd36a4c2b0abe9a57580901b,4d6b8cb1d482e5066f9ca575ebd3b67af4a32562
hac,100x,BPH2947__202310,unprocessed-barbell,7,98.24173747258718,True,True,False,1.0,ee7a50a277fef6153a1cc05f9cc2afd227e940efbd36a4c2b0abe9a57580901b,4d6b8cb1d482e5066f9ca575ebd3b67af4a32562
hac,100x,BPH2947__202310,unprocessed-dorado,8,97.03409182181596,True,False,False,1.0,ee7a50a277fef6153a1cc05f9cc2afd227e940efbd36a4c2b0abe9a57580901b,4d6b8cb1d482e5066f9ca575ebd3b67af4a32562
hac,100x,BPH2947__202310,seqkit-untrimmed,9,95.87898379625854,True,True,False,1.0,ee7a50a277fef6153a1cc05f9cc2afd227e940efbd36a4c2b0abe9a57580901b,4d6b8cb1d482e5066f9ca575ebd3b67af4a32562
hac,100x,BPH2947__202310,unprocessed-untrimmed,10,95.75554898451641,True,True,False,1.0,ee7a50a277fef6153a1cc05f9cc2afd227e940efbd36a4c2b0abe9a57580901b,4d6b8cb1d482e5066f9ca575ebd3b67af4a32562
hac,100x,BPH2947__202310,chopper-untrimmed,11,92.03861779883458,True,False,False,1.0,ee7a50a277fef6153a1cc05f9cc2afd227e940efbd36a4c2b0abe9a57580901b,4d6b8cb1d482e5066f9ca575ebd3b67af4a32562
hac,100x,BPH2947__202310,chopper-porechop_abi,12,87.00797259148383,True,True,False,1.0,ee7a50a277fef6153a1cc05f9cc2afd227e940efbd36a4c2b0abe9a57580901b,4d6b8cb1d482e5066f9ca575ebd3b67af4a32562
hac,100x,BPH2947__202310,fastplong-all,13,86.88237795791098,True,True,False,1.0,ee7a50a277fef6153a1cc05f9cc2afd227e940efbd36a4c2b0abe9a57580901b,4d6b8cb1d482e5066f9ca575ebd3b67af4a32562
hac,100x,BPH2947__202310,filtlong-porechop_abi,14,76.01729692510082,True,True,False,1.0,ee7a50a277fef6153a1cc05f9cc2afd227e940efbd36a4c2b0abe9a57580901b,4d6b8cb1d482e5066f9ca575ebd3b67af4a32562
hac,100x,BPH2947__202310,filtlong-dorado,15,75.94068030058165,True,True,False,1.0,ee7a50a277fef6153a1cc05f9cc2afd227e940efbd36a4c2b0abe9a57580901b,4d6b8cb1d482e5066f9ca575ebd3b67af4a32562
hac,100x,BPH2947__202310,filtlong-barbell,16,75.92488585518389,True,True,False,1.0,ee7a50a277fef6153a1cc05f9cc2afd227e940efbd36a4c2b0abe9a57580901b,4d6b8cb1d482e5066f9ca575ebd3b67af4a32562
hac,100x,BPH2947__202310,filtlong-untrimmed,17,75.89291505493638,True,True,False,1.0,ee7a50a277fef6153a1cc05f9cc2afd227e940efbd36a4c2b0abe9a57580901b,4d6b8cb1d482e5066f9ca575ebd3b67af4a32562
hac,100x,MMC234__202311,seqkit-barbell,1,98.87194061931939,True,True,True,1.0,ee7a50a277fef6153a1cc05f9cc2afd227e940efbd36a4c2b0abe9a57580901b,4d6b8cb1d482e5066f9ca575ebd3b67af4a32562
hac,100x,MMC234__202311,seqkit-dorado,2,98.8148232823317,True,True,False,1.0,ee7a50a277fef6153a1cc05f9cc2afd227e940efbd36a4c2b0abe9a57580901b,4d6b8cb1d482e5066f9ca575ebd3b67af4a32562
hac,100x,MMC234__202311,chopper-dorado,3,98.78733142130905,True,True,False,1.0,ee7a50a277fef6153a1cc05f9cc2afd227e940efbd36a4c2b0abe9a57580901b,4d6b8cb1d482e5066f9ca575ebd3b67af4a32562
hac,100x,MMC234__202311,chopper-barbell,4,98.72349700570682,True,True,False,1.0,ee7a50a277fef6153a1cc05f9cc2afd227e940efbd36a4c2b0abe9a57580901b,4d6b8cb1d482e5066f9ca575ebd3b67af4a32562
hac,100x,MMC234__202311,seqkit-porechop_abi,5,98.67328485287709,True,True,False,1.0,ee7a50a277fef6153a1cc05f9cc2afd227e940efbd36a4c2b0abe9a57580901b,4d6b8cb1d482e5066f9ca575ebd3b67af4a32562
hac,100x,MMC234__202311,unprocessed-barbell,6,98.46093351020144,True,True,False,1.0,ee7a50a277fef6153a1cc05f9cc2afd227e940efbd36a4c2b0abe9a57580901b,4d6b8cb1d482e5066f9ca575ebd3b67af4a32562
hac,100x,MMC234__202311,unprocessed-dorado,7,97.45192929740986,True,False,False,1.0,ee7a50a277fef6153a1cc05f9cc2afd227e940efbd36a4c2b0abe9a57580901b,4d6b8cb1d482e5066f9ca575ebd3b67af4a32562
hac,100x,MMC234__202311,unprocessed-untrimmed,8,95.95180165779294,True,False,False,1.0,ee7a50a277fef6153a1cc05f9cc2afd227e940efbd36a4c2b0abe9a57580901b,4d6b8cb1d482e5066f9ca575ebd3b67af4a32562
hac,100x,MMC234__202311,seqkit-untrimmed,9,94.50011005732442,True,False,False,1.0,ee7a50a277fef6153a1cc05f9cc2afd227e940efbd36a4c2b0abe9a57580901b,4d6b8cb1d482e5066f9ca575ebd3b67af4a32562
hac,100x,MMC234__202311,chopper-untrimmed,10,92.23945145124407,True,False,False,1.0,ee7a50a277fef6153a1cc05f9cc2afd227e940efbd36a4c2b0abe9a57580901b,4d6b8cb1d482e5066f9ca575ebd3b67af4a32562
hac,100x,MMC234__202311,fastplong-all,11,87.17692722084959,True,True,False,1.0,ee7a50a277fef6153a1cc05f9cc2afd227e940efbd36a4c2b0abe9a57580901b,4d6b8cb1d482e5066f9ca575ebd3b67af4a32562
hac,100x,MMC234__202311,chopper-porechop_abi,12,87.06493162886382,True,True,False,1.0,ee7a50a277fef6153a1cc05f9cc2afd227e940efbd36a4c2b0abe9a57580901b,4d6b8cb1d482e5066f9ca575ebd3b67af4a32562
hac,100x,MMC234__202311,unprocessed-porechop_abi,13,87.012522973869,True,True,False,1.0,ee7a50a277fef6153a1cc05f9cc2afd227e940efbd36a4c2b0abe9a57580901b,4d6b8cb1d482e5066f9ca575ebd3b67af4a32562
hac,100x,MMC234__202311,filtlong-dorado,14,64.72518890172621,True,True,False,1.0,ee7a50a277fef6153a1cc05f9cc2afd227e940efbd36a4c2b0abe9a57580901b,4d6b8cb1d482e5066f9ca575ebd3b67af4a32562
hac,100x,MMC234__202311,filtlong-barbell,15,64.71382442091516,True,True,False,1.0,ee7a50a277fef6153a1cc05f9cc2afd227e940efbd36a4c2b0abe9a57580901b,4d6b8cb1d482e5066f9ca575ebd3b67af4a32562
hac,100x,MMC234__202311,filtlong-untrimmed,16,64.43753854890691,True,True,False,1.0,ee7a50a277fef6153a1cc05f9cc2afd227e940efbd36a4c2b0abe9a57580901b,4d6b8cb1d482e5066f9ca575ebd3b67af4a32562
hac,100x,MMC234__202311,filtlong-porechop_abi,17,64.4249202745845,True,True,False,1.0,ee7a50a277fef6153a1cc05f9cc2afd227e940efbd36a4c2b0abe9a57580901b,4d6b8cb1d482e5066f9ca575ebd3b67af4a32562
hac,100x,RDH275__202311,seqkit-barbell,1,98.64360549442132,True,True,True,1.0,ee7a50a277fef6153a1cc05f9cc2afd227e940efbd36a4c2b0abe9a57580901b,4d6b8cb1d482e5066f9ca575ebd3b67af4a32562
hac,100x,RDH275__202311,seqkit-dorado,2,98.64130167239797,True,True,False,1.0,ee7a50a277fef6153a1cc05f9cc2afd227e940efbd36a4c2b0abe9a57580901b,4d6b8cb1d482e5066f9ca575ebd3b67af4a32562
hac,100x,RDH275__202311,chopper-barbell,3,98.53399106923571,True,True,False,1.0,ee7a50a277fef6153a1cc05f9cc2afd227e940efbd36a4c2b0abe9a57580901b,4d6b8cb1d482e5066f9ca575ebd3b67af4a32562
hac,100x,RDH275__202311,chopper-dorado,4,98.44026408239304,True,True,False,1.0,ee7a50a277fef6153a1cc05f9cc2afd227e940efbd36a4c2b0abe9a57580901b,4d6b8cb1d482e5066f9ca575ebd3b67af4a32562
hac,100x,RDH275__202311,seqkit-porechop_abi,5,98.38558764755369,True,True,False,1.0,ee7a50a277fef6153a1cc05f9cc2afd227e940efbd36a4c2b0abe9a57580901b,4d6b8cb1d482e5066f9ca575ebd3b67af4a32562
hac,100x,RDH275__202311,unprocessed-barbell,6,98.13214378074068,True,True,False,1.0,ee7a50a277fef6153a1cc05f9cc2afd227e940efbd36a4c2b0abe9a57580901b,4d6b8cb1d482e5066f9ca575ebd3b67af4a32562
hac,100x,RDH275__202311,unprocessed-dorado,7,97.16880208945439,True,True,False,1.0,ee7a50a277fef6153a1cc05f9cc2afd227e940efbd36a4c2b0abe9a57580901b,4d6b8cb1d482e5066f9ca575ebd3b67af4a32562
hac,100x,RDH275__202311,unprocessed-untrimmed,8,97.10463431887695,True,True,False,1.0,ee7a50a277fef6153a1cc05f9cc2afd227e940efbd36a4c2b0abe9a57580901b,4d6b8cb1d482e5066f9ca575ebd3b67af4a32562
hac,100x,RDH275__202311,seqkit-untrimmed,9,95.66208154656279,True,False,False,1.0,ee7a50a277fef6153a1cc05f9cc2afd227e940efbd36a4c2b0abe9a57580901b,4d6b8cb1d482e5066f9ca575ebd3b67af4a32562
hac,100x,RDH275__202311,chopper-untrimmed,10,93.43796388549052,True,False,False,1.0,ee7a50a277fef6153a1cc05f9cc2afd227e940efbd36a4c2b0abe9a57580901b,4d6b8cb1d482e5066f9ca575ebd3b67af4a32562
hac,100x,RDH275__202311,fastplong-all,11,86.92120149196721,True,True,False,1.0,ee7a50a277fef6153a1cc05f9cc2afd227e940efbd36a4c2b0abe9a57580901b,4d6b8cb1d482e5066f9ca575ebd3b67af4a32562
hac,100x,RDH275__202311,chopper-porechop_abi,12,86.82062427069899,True,True,False,1.0,ee7a50a277fef6153a1cc05f9cc2afd227e940efbd36a4c2b0abe9a57580901b,4d6b8cb1d482e5066f9ca575ebd3b67af4a32562
hac,100x,RDH275__202311,unprocessed-porechop_abi,13,86.81387726763984,True,True,False,1.0,ee7a50a277fef6153a1cc05f9cc2afd227e940efbd36a4c2b0abe9a57580901b,4d6b8cb1d482e5066f9ca575ebd3b67af4a32562
hac,100x,RDH275__202311,filtlong-dorado,14,64.50598341970252,True,True,False,1.0,ee7a50a277fef6153a1cc05f9cc2afd227e940efbd36a4c2b0abe9a57580901b,4d6b8cb1d482e5066f9ca575ebd3b67af4a32562
hac,100x,RDH275__202311,filtlong-barbell,15,64.45351397287129,True,True,False,1.0,ee7a50a277fef6153a1cc05f9cc2afd227e940efbd36a4c2b0abe9a57580901b,4d6b8cb1d482e5066f9ca575ebd3b67af4a32562
hac,100x,RDH275__202311,filtlong-porechop_abi,16,64.22626186165951,True,True,False,1.0,ee7a50a277fef6153a1cc05f9cc2afd227e940efbd36a4c2b0abe9a57580901b,4d6b8cb1d482e5066f9ca575ebd3b67af4a32562
hac,100x,RDH275__202311,filtlong-untrimmed,17,64.19320774373742,True,True,False,1.0,ee7a50a277fef6153a1cc05f9cc2afd227e940efbd36a4c2b0abe9a57580901b,4d6b8cb1d482e5066f9ca575ebd3b67af4a32562
sup,20x,AJ292__202310,chopper-porechop_abi,1,97.39128400553236,True,True,True,1.0,ee7a50a277fef6153a1cc05f9cc2afd227e940efbd36a4c2b0abe9a57580901b,4d6b8cb1d482e5066f9ca575ebd3b67af4a32562
sup,20x,AJ292__202310,chopper-dorado,2,97.12353961394086,True,True,False,1.0,ee7a50a277fef6153a1cc05f9cc2afd227e940efbd36a4c2b0abe9a57580901b,4d6b8cb1d482e5066f9ca575ebd3b67af4a32562
sup,20x,AJ292__202310,unprocessed-dorado,3,96.68167717600512,True,True,False,1.0,ee7a50a277fef6153a1cc05f9cc2afd227e940efbd36a4c2b0abe9a57580901b,4d6b8cb1d482e5066f9ca575ebd3b67af4a32562
sup,20x,AJ292__202310,unprocessed-porechop_abi,4,96.49491953999969,True,True,False,1.0,ee7a50a277fef6153a1cc05f9cc2afd227e940efbd36a4c2b0abe9a57580901b,4d6b8cb1d482e5066f9ca575ebd3b67af4a32562
sup,20x,AJ292__202310,fastplong-all,5,95.32176234993015,True,False,False,1.0,ee7a50a277fef6153a1cc05f9cc2afd227e940efbd36a4c2b0abe9a57580901b,4d6b8cb1d482e5066f9ca575ebd3b67af4a32562
sup,20x,AJ292__202310,chopper-untrimmed,6,92.57760062680501,True,False,False,1.0,ee7a50a277fef6153a1cc05f9cc2afd227e940efbd36a4c2b0abe9a57580901b,4d6b8cb1d482e5066f9ca575ebd3b67af4a32562
sup,20x,AJ292__202310,seqkit-untrimmed,7,90.76077020402765,True,True,False,1.0,ee7a50a277fef6153a1cc05f9cc2afd227e940efbd36a4c2b0abe9a57580901b,4d6b8cb1d482e5066f9ca575ebd3b67af4a32562
sup,20x,AJ292__202310,seqkit-barbell,8,90.09723474380804,True,True,False,1.0,ee7a50a277fef6153a1cc05f9cc2afd227e940efbd36a4c2b0abe9a57580901b,4d6b8cb1d482e5066f9ca575ebd3b67af4a32562
sup,20x,AJ292__202310,unprocessed-barbell,9,89.01507662062556,True,True,False,1.0,ee7a50a277fef6153a1cc05f9cc2afd227e940efbd36a4c2b0abe9a57580901b,4d6b8cb1d482e5066f9ca575ebd3b67af4a32562
sup,20x,AJ292__202310,unprocessed-untrimmed,10,88.4821426907589,True,True,False,1.0,ee7a50a277fef6153a1cc05f9cc2afd227e940efbd36a4c2b0abe9a57580901b,4d6b8cb1d482e5066f9ca575ebd3b67af4a32562
sup,20x,AJ292__202310,seqkit-dorado,11,84.37413964572393,True,False,False,1.0,ee7a50a277fef6153a1cc05f9cc2afd227e940efbd36a4c2b0abe9a57580901b,4d6b8cb1d482e5066f9ca575ebd3b67af4a32562
sup,20x,AJ292__202310,seqkit-porechop_abi,12,83.35701539133137,True,False,False,1.0,ee7a50a277fef6153a1cc05f9cc2afd227e940efbd36a4c2b0abe9a57580901b,4d6b8cb1d482e5066f9ca575ebd3b67af4a32562
sup,20x,AJ292__202310,chopper-barbell,13,78.6396035236046,True,False,False,1.0,ee7a50a277fef6153a1cc05f9cc2afd227e940efbd36a4c2b0abe9a57580901b,4d6b8cb1d482e5066f9ca575ebd3b67af4a32562
sup,20x,AJ292__202310,filtlong-untrimmed,14,62.619227251494976,True,True,False,1.0,ee7a50a277fef6153a1cc05f9cc2afd227e940efbd36a4c2b0abe9a57580901b,4d6b8cb1d482e5066f9ca575ebd3b67af4a32562
sup,20x,AJ292__202310,filtlong-dorado,15,62.556999520230484,True,True,False,1.0,ee7a50a277fef6153a1cc05f9cc2afd227e940efbd36a4c2b0abe9a57580901b,4d6b8cb1d482e5066f9ca575ebd3b67af4a32562
sup,20x,AJ292__202310,filtlong-porechop_abi,16,62.19965890731013,True,True,False,1.0,ee7a50a277fef6153a1cc05f9cc2afd227e940efbd36a4c2b0abe9a57580901b,4d6b8cb1d482e5066f9ca575ebd3b67af4a32562
sup,20x,AJ292__202310,filtlong-barbell,17,55.5800736174675,True,False,False,1.0,ee7a50a277fef6153a1cc05f9cc2afd227e940efbd36a4c2b0abe9a57580901b,4d6b8cb1d482e5066f9ca575ebd3b67af4a32562
sup,20x,AMtb_1__202402,chopper-porechop_abi,1,97.37821588793577,True,True,True,1.0,ee7a50a277fef6153a1cc05f9cc2afd227e940efbd36a4c2b0abe9a57580901b,4d6b8cb1d482e5066f9ca575ebd3b67af4a32562
sup,20x,AMtb_1__202402,chopper-dorado,2,97.16692421284137,True,True,False,1.0,ee7a50a277fef6153a1cc05f9cc2afd227e940efbd36a4c2b0abe9a57580901b,4d6b8cb1d482e5066f9ca575ebd3b67af4a32562
sup,20x,AMtb_1__202402,unprocessed-dorado,3,96.70679747314124,True,True,False,1.0,ee7a50a277fef6153a1cc05f9cc2afd227e940efbd36a4c2b0abe9a57580901b,4d6b8cb1d482e5066f9ca575ebd3b67af4a32562
sup,20x,AMtb_1__202402,unprocessed-porechop_abi,4,96.50633885042048,True,True,False,1.0,ee7a50a277fef6153a1cc05f9cc2afd227e940efbd36a4c2b0abe9a57580901b,4d6b8cb1d482e5066f9ca575ebd3b67af4a32562
sup,20x,AMtb_1__202402,fastplong-all,5,95.21964557298061,True,False,False,1.0,ee7a50a277fef6153a1cc05f9cc2afd227e940efbd36a4c2b0abe9a57580901b,4d6b8cb1d482e5066f9ca575ebd3b67af4a32562
sup,20x,AMtb_1__202402,chopper-untrimmed,6,92.59359566116403,True,False,False,1.0,ee7a50a277fef6153a1cc05f9cc2afd227e940efbd36a4c2b0abe9a57580901b,4d6b8cb1d482e5066f9ca575ebd3b67af4a32562
sup,20x,AMtb_1__202402,seqkit-untrimmed,7,90.77218785740962,True,True,False,1.0,ee7a50a277fef6153a1cc05f9cc2afd227e940efbd36a4c2b0abe9a57580901b,4d6b8cb1d482e5066f9ca575ebd3b67af4a32562
sup,20x,AMtb_1__202402,seqkit-barbell,8,90.09266689469024,True,True,False,1.0,ee7a50a277fef6153a1cc05f9cc2afd227e940efbd36a4c2b0abe9a57580901b,4d6b8cb1d482e5066f9ca575ebd3b67af4a32562
sup,20x,AMtb_1__202402,unprocessed-barbell,9,89.04247859405618,True,False,False,1.0,ee7a50a277fef6153a1cc05f9cc2afd227e940efbd36a4c2b0abe9a57580901b,4d6b8cb1d482e5066f9ca575ebd3b67af4a32562
sup,20x,AMtb_1__202402,unprocessed-untrimmed,10,87.09412883542721,True,False,False,1.0,ee7a50a277fef6153a1cc05f9cc2afd227e940efbd36a4c2b0abe9a57580901b,4d6b8cb1d482e5066f9ca575ebd3b67af4a32562
sup,20x,AMtb_1__202402,seqkit-dorado,11,85.20766805703143,True,False,False,1.0,ee7a50a277fef6153a1cc05f9cc2afd227e940efbd36a4c2b0abe9a57580901b,4d6b8cb1d482e5066f9ca575ebd3b67af4a32562
sup,20x,AMtb_1__202402,seqkit-porechop_abi,12,83.31820064044794,True,False,False,1.0,ee7a50a277fef6153a1cc05f9cc2afd227e940efbd36a4c2b0abe9a57580901b,4d6b8cb1d482e5066f9ca575ebd3b67af4a32562
sup,20x,AMtb_1__202402,chopper-barbell,13,78.62133867217263,True,False,False,1.0,ee7a50a277fef6153a1cc05f9cc2afd227e940efbd36a4c2b0abe9a57580901b,4d6b8cb1d482e5066f9ca575ebd3b67af4a32562
sup,20x,AMtb_1__202402,filtlong-dorado,14,63.54035872967723,True,True,False,1.0,ee7a50a277fef6153a1cc05f9cc2afd227e940efbd36a4c2b0abe9a57580901b,4d6b8cb1d482e5066f9ca575ebd3b67af4a32562
sup,20x,AMtb_1__202402,filtlong-untrimmed,15,63.29600391568332,True,True,False,1.0,ee7a50a277fef6153a1cc05f9cc2afd227e940efbd36a4c2b0abe9a57580901b,4d6b8cb1d482e5066f9ca575ebd3b67af4a32562
sup,20x,AMtb_1__202402,filtlong-porechop_abi,16,63.21972261829935,True,True,False,1.0,ee7a50a277fef6153a1cc05f9cc2afd227e940efbd36a4c2b0abe9a57580901b,4d6b8cb1d482e5066f9ca575ebd3b67af4a32562
sup,20x,AMtb_1__202402,filtlong-barbell,17,55.54354194117298,True,False,False,1.0,ee7a50a277fef6153a1cc05f9cc2afd227e940efbd36a4c2b0abe9a57580901b,4d6b8cb1d482e5066f9ca575ebd3b67af4a32562
sup,20x,ATCC_10708__202309,chopper-porechop_abi,1,97.46727481390145,True,True,True,1.0,ee7a50a277fef6153a1cc05f9cc2afd227e940efbd36a4c2b0abe9a57580901b,4d6b8cb1d482e5066f9ca575ebd3b67af4a32562
sup,20x,ATCC_10708__202309,chopper-dorado,2,97.19431868061103,True,True,False,1.0,ee7a50a277fef6153a1cc05f9cc2afd227e940efbd36a4c2b0abe9a57580901b,4d6b8cb1d482e5066f9ca575ebd3b67af4a32562
sup,20x,ATCC_10708__202309,unprocessed-dorado,3,96.80954251153766,True,True,False,1.0,ee7a50a277fef6153a1cc05f9cc2afd227e940efbd36a4c2b0abe9a57580901b,4d6b8cb1d482e5066f9ca575ebd3b67af4a32562
sup,20x,ATCC_10708__202309,unprocessed-porechop_abi,4,96.75522972428367,True,True,False,1.0,ee7a50a277fef6153a1cc05f9cc2afd227e940efbd36a4c2b0abe9a57580901b,4d6b8cb1d482e5066f9ca575ebd3b67af4a32562
sup,20x,ATCC_10708__202309,fastplong-all,5,96.49697740872146,True,True,False,1.0,ee7a50a277fef6153a1cc05f9cc2afd227e940efbd36a4c2b0abe9a57580901b,4d6b8cb1d482e5066f9ca575ebd3b67af4a32562
sup,20x,ATCC_10708__202309,chopper-untrimmed,6,93.08570495825403,True,False,False,1.0,ee7a50a277fef6153a1cc05f9cc2afd227e940efbd36a4c2b0abe9a57580901b,4d6b8cb1d482e5066f9ca575ebd3b67af4a32562
sup,20x,ATCC_10708__202309,seqkit-untrimmed,7,90.84068698589228,True,True,False,1.0,ee7a50a277fef6153a1cc05f9cc2afd227e940efbd36a4c2b0abe9a57580901b,4d6b8cb1d482e5066f9ca575ebd3b67af4a32562
sup,20x,ATCC_10708__202309,seqkit-barbell,8,90.2525104093134,True,True,False,1.0,ee7a50a277fef6153a1cc05f9cc2afd227e940efbd36a4c2b0abe9a57580901b,4d6b8cb1d482e5066f9ca575ebd3b67af4a32562
sup,20x,ATCC_10708__202309,unprocessed-untrimmed,9,89.62474776200459,True,True,False,1.0,ee7a50a277fef6153a1cc05f9cc2afd227e940efbd36a4c2b0abe9a57580901b,4d6b8cb1d482e5066f9ca575ebd3b67af4a32562
sup,20x,ATCC_10708__202309,unprocessed-barbell,10,89.24685674946743,True,True,False,1.0,ee7a50a277fef6153a1cc05f9cc2afd227e940efbd36a4c2b0abe9a57580901b,4d6b8cb1d482e5066f9ca575ebd3b67af4a32562
sup,20x,ATCC_10708__202309,seqkit-dorado,11,84.9524158569605,True,True,False,1.0,ee7a50a277fef6153a1cc05f9cc2afd227e940efbd36a4c2b0abe9a57580901b,4d6b8cb1d482e5066f9ca575ebd3b67af4a32562
sup,20x,ATCC_10708__202309,seqkit-porechop_abi,12,84.58638849782729,True,True,False,1.0,ee7a50a277fef6153a1cc05f9cc2afd227e940efbd36a4c2b0abe9a57580901b,4d6b8cb1d482e5066f9ca575ebd3b67af4a32562
sup,20x,ATCC_10708__202309,chopper-barbell,13,80.04478838496533,True,False,False,1.0,ee7a50a277fef6153a1cc05f9cc2afd227e940efbd36a4c2b0abe9a57580901b,4d6b8cb1d482e5066f9ca575ebd3b67af4a32562
sup,20x,ATCC_10708__202309,filtlong-untrimmed,14,62.6717450207384,True,True,False,1.0,ee7a50a277fef6153a1cc05f9cc2afd227e940efbd36a4c2b0abe9a57580901b,4d6b8cb1d482e5066f9ca575ebd3b67af4a32562
sup,20x,ATCC_10708__202309,filtlong-dorado,15,62.65746712596261,True,True,False,1.0,ee7a50a277fef6153a1cc05f9cc2afd227e940efbd36a4c2b0abe9a57580901b,4d6b8cb1d482e5066f9ca575ebd3b67af4a32562
sup,20x,ATCC_10708__202309,filtlong-porechop_abi,16,62.29533019460769,True,True,False,1.0,ee7a50a277fef6153a1cc05f9cc2afd227e940efbd36a4c2b0abe9a57580901b,4d6b8cb1d482e5066f9ca575ebd3b67af4a32562
sup,20x,ATCC_10708__202309,filtlong-barbell,17,55.591491845664244,True,False,False,1.0,ee7a50a277fef6153a1cc05f9cc2afd227e940efbd36a4c2b0abe9a57580901b,4d6b8cb1d482e5066f9ca575ebd3b67af4a32562
sup,20x,ATCC_17802__202309,chopper-porechop_abi,1,97.42945020173693,True,True,True,1.0,ee7a50a277fef6153a1cc05f9cc2afd227e940efbd36a4c2b0abe9a57580901b,4d6b8cb1d482e5066f9ca575ebd3b67af4a32562
sup,20x,ATCC_17802__202309,chopper-dorado,2,97.33865081656631,True,True,False,1.0,ee7a50a277fef6153a1cc05f9cc2afd227e940efbd36a4c2b0abe9a57580901b,4d6b8cb1d482e5066f9ca575ebd3b67af4a32562
sup,20x,ATCC_17802__202309,unprocessed-dorado,3,96.71641029627206,True,True,False,1.0,ee7a50a277fef6153a1cc05f9cc2afd227e940efbd36a4c2b0abe9a57580901b,4d6b8cb1d482e5066f9ca575ebd3b67af4a32562
sup,20x,ATCC_17802__202309,unprocessed-porechop_abi,4,96.54972332502126,True,True,False,1.0,ee7a50a277fef6153a1cc05f9cc2afd227e940efbd36a4c2b0abe9a57580901b,4d6b8cb1d482e5066f9ca575ebd3b67af4a32562
sup,20x,ATCC_17802__202309,fastplong-all,5,95.8751028228236,True,True,False,1.0,ee7a50a277fef6153a1cc05f9cc2afd227e940efbd36a4c2b0abe9a57580901b,4d6b8cb1d482e5066f9ca575ebd3b67af4a32562
sup,20x,ATCC_17802__202309,chopper-untrimmed,6,92.55725955659632,True,True,False,1.0,ee7a50a277fef6153a1cc05f9cc2afd227e940efbd36a4c2b0abe9a57580901b,4d6b8cb1d482e5066f9ca575ebd3b67af4a32562
sup,20x,ATCC_17802__202309,seqkit-untrimmed,7,92.14284436624166,True,True,False,1.0,ee7a50a277fef6153a1cc05f9cc2afd227e940efbd36a4c2b0abe9a57580901b,4d6b8cb1d482e5066f9ca575ebd3b67af4a32562
sup,20x,ATCC_17802__202309,seqkit-barbell,8,90.33468574881707,True,False,False,1.0,ee7a50a277fef6153a1cc05f9cc2afd227e940efbd36a4c2b0abe9a57580901b,4d6b8cb1d482e5066f9ca575ebd3b67af4a32562
sup,20x,ATCC_17802__202309,unprocessed-untrimmed,9,89.1404229817776,True,True,False,1.0,ee7a50a277fef6153a1cc05f9cc2afd227e940efbd36a4c2b0abe9a57580901b,4d6b8cb1d482e5066f9ca575ebd3b67af4a32562
sup,20x,ATCC_17802__202309,unprocessed-barbell,10,89.05389600643566,True,True,False,1.0,ee7a50a277fef6153a1cc05f9cc2afd227e940efbd36a4c2b0abe9a57580901b,4d6b8cb1d482e5066f9ca575ebd3b67af4a32562
sup,20x,ATCC_17802__202309,seqkit-dorado,11,84.42110283263472,True,False,False,1.0,ee7a50a277fef6153a1cc05f9cc2afd227e940efbd36a4c2b0abe9a57580901b,4d6b8cb1d482e5066f9ca575ebd3b67af4a32562
sup,20x,ATCC_17802__202309,seqkit-porechop_abi,12,83.36420841086684,True,False,False,1.0,ee7a50a277fef6153a1cc05f9cc2afd227e940efbd36a4c2b0abe9a57580901b,4d6b8cb1d482e5066f9ca575ebd3b67af4a32562
sup,20x,ATCC_17802__202309,chopper-barbell,13,78.64213628139771,True,False,False,1.0,ee7a50a277fef6153a1cc05f9cc2afd227e940efbd36a4c2b0abe9a57580901b,4d6b8cb1d482e5066f9ca575ebd3b67af4a32562
sup,20x,ATCC_17802__202309,filtlong-untrimmed,14,62.61694372550521,True,True,False,1.0,ee7a50a277fef6153a1cc05f9cc2afd227e940efbd36a4c2b0abe9a57580901b,4d6b8cb1d482e5066f9ca575ebd3b67af4a32562
sup,20x,ATCC_17802__202309,filtlong-dorado,15,62.593533660859755,True,True,False,1.0,ee7a50a277fef6153a1cc05f9cc2afd227e940efbd36a4c2b0abe9a57580901b,4d6b8cb1d482e5066f9ca575ebd3b67af4a32562
sup,20x,ATCC_17802__202309,filtlong-porechop_abi,16,62.2359626433632,True,True,False,1.0,ee7a50a277fef6153a1cc05f9cc2afd227e940efbd36a4c2b0abe9a57580901b,4d6b8cb1d482e5066f9ca575ebd3b67af4a32562
sup,20x,ATCC_17802__202309,filtlong-barbell,17,55.56180909874379,True,False,False,1.0,ee7a50a277fef6153a1cc05f9cc2afd227e940efbd36a4c2b0abe9a57580901b,4d6b8cb1d482e5066f9ca575ebd3b67af4a32562
sup,20x,ATCC_19119__202309,chopper-porechop_abi,1,97.52207810804032,True,True,True,1.0,ee7a50a277fef6153a1cc05f9cc2afd227e940efbd36a4c2b0abe9a57580901b,4d6b8cb1d482e5066f9ca575ebd3b67af4a32562
sup,20x,ATCC_19119__202309,chopper-dorado,2,97.17834469046512,True,True,False,1.0,ee7a50a277fef6153a1cc05f9cc2afd227e940efbd36a4c2b0abe9a57580901b,4d6b8cb1d482e5066f9ca575ebd3b67af4a32562
sup,20x,ATCC_19119__202309,unprocessed-dorado,3,96.747903503724,True,True,False,1.0,ee7a50a277fef6153a1cc05f9cc2afd227e940efbd36a4c2b0abe9a57580901b,4d6b8cb1d482e5066f9ca575ebd3b67af4a32562
sup,20x,ATCC_19119__202309,unprocessed-porechop_abi,4,96.54973487214777,True,True,False,1.0,ee7a50a277fef6153a1cc05f9cc2afd227e940efbd36a4c2b0abe9a57580901b,4d6b8cb1d482e5066f9ca575ebd3b67af4a32562
sup,20x,ATCC_19119__202309,fastplong-all,5,95.25847039662425,True,False,False,1.0,ee7a50a277fef6153a1cc05f9cc2afd227e940efbd36a4c2b0abe9a57580901b,4d6b8cb1d482e5066f9ca575ebd3b67af4a32562
sup,20x,ATCC_19119__202309,chopper-untrimmed,6,93.97932503400729,True,False,False,1.0,ee7a50a277fef6153a1cc05f9cc2afd227e940efbd36a4c2b0abe9a57580901b,4d6b8cb1d482e5066f9ca575ebd3b67af4a32562
sup,20x,ATCC_19119__202309,seqkit-untrimmed,7,92.16021261854361,True,False,False,1.0,ee7a50a277fef6153a1cc05f9cc2afd227e940efbd36a4c2b0abe9a57580901b,4d6b8cb1d482e5066f9ca575ebd3b67af4a32562
sup,20x,ATCC_19119__202309,seqkit-barbell,8,90.15889498472986,True,False,False,1.0,ee7a50a277fef6153a1cc05f9cc2afd227e940efbd36a4c2b0abe9a57580901b,4d6b8cb1d482e5066f9ca575ebd3b67af4a32562
sup,20x,ATCC_19119__202309,unprocessed-barbell,9,89.05847611601521,True,True,False,1.0,ee7a50a277fef6153a1cc05f9cc2afd227e940efbd36a4c2b0abe9a57580901b,4d6b8cb1d482e5066f9ca575ebd3b67af4a32562
sup,20x,ATCC_19119__202309,unprocessed-untrimmed,10,88.61458996107984,True,True,False,1.0,ee7a50a277fef6153a1cc05f9cc2afd227e940efbd36a4c2b0abe9a57580901b,4d6b8cb1d482e5066f9ca575ebd3b67af4a32562
sup,20x,ATCC_19119__202309,seqkit-dorado,11,84.42249893762059,True,False,False,1.0,ee7a50a277fef6153a1cc05f9cc2afd227e940efbd36a4c2b0abe9a57580901b,4d6b8cb1d482e5066f9ca575ebd3b67af4a32562
sup,20x,ATCC_19119__202309,seqkit-porechop_abi,12,83.37757832364181,True,False,False,1.0,ee7a50a277fef6153a1cc05f9cc2afd227e940efbd36a4c2b0abe9a57580901b,4d6b8cb1d482e5066f9ca575ebd3b67af4a32562
sup,20x,ATCC_19119__202309,chopper-barbell,13,78.70811016691069,True,False,False,1.0,ee7a50a277fef6153a1cc05f9cc2afd227e940efbd36a4c2b0abe9a57580901b,4d6b8cb1d482e5066f9ca575ebd3b67af4a32562
sup,20x,ATCC_19119__202309,filtlong-untrimmed,14,62.6352285769473,True,True,False,1.0,ee7a50a277fef6153a1cc05f9cc2afd227e940efbd36a4c2b0abe9a57580901b,4d6b8cb1d482e5066f9ca575ebd3b67af4a32562
sup,20x,ATCC_19119__202309,filtlong-dorado,15,62.586701516006315,True,True,False,1.0,ee7a50a277fef6153a1cc05f9cc2afd227e940efbd36a4c2b0abe9a57580901b,4d6b8cb1d482e5066f9ca575ebd3b67af4a32562
sup,20x,ATCC_19119__202309,filtlong-porechop_abi,16,62.25195922422872,True,True,False,1.0,ee7a50a277fef6153a1cc05f9cc2afd227e940efbd36a4c2b0abe9a57580901b,4d6b8cb1d482e5066f9ca575ebd3b67af4a32562
sup,20x,ATCC_19119__202309,filtlong-barbell,17,55.568676953890346,True,False,False,1.0,ee7a50a277fef6153a1cc05f9cc2afd227e940efbd36a4c2b0abe9a57580901b,4d6b8cb1d482e5066f9ca575ebd3b67af4a32562
sup,20x,ATCC_25922__202309,chopper-porechop_abi,1,97.38051247282212,True,True,True,1.0,ee7a50a277fef6153a1cc05f9cc2afd227e940efbd36a4c2b0abe9a57580901b,4d6b8cb1d482e5066f9ca575ebd3b67af4a32562
sup,20x,ATCC_25922__202309,chopper-dorado,2,97.12355677268408,True,True,False,1.0,ee7a50a277fef6153a1cc05f9cc2afd227e940efbd36a4c2b0abe9a57580901b,4d6b8cb1d482e5066f9ca575ebd3b67af4a32562
sup,20x,ATCC_25922__202309,unprocessed-dorado,3,96.75019843206337,True,True,False,1.0,ee7a50a277fef6153a1cc05f9cc2afd227e940efbd36a4c2b0abe9a57580901b,4d6b8cb1d482e5066f9ca575ebd3b67af4a32562
sup,20x,ATCC_25922__202309,unprocessed-porechop_abi,4,96.5109205044777,True,True,False,1.0,ee7a50a277fef6153a1cc05f9cc2afd227e940efbd36a4c2b0abe9a57580901b,4d6b8cb1d482e5066f9ca575ebd3b67af4a32562
sup,20x,ATCC_25922__202309,seqkit-dorado,5,95.99679803377144,True,True,False,1.0,ee7a50a277fef6153a1cc05f9cc2afd227e940efbd36a4c2b0abe9a57580901b,4d6b8cb1d482e5066f9ca575ebd3b67af4a32562
sup,20x,ATCC_25922__202309,fastplong-all,6,95.26761651264705,True,True,False,1.0,ee7a50a277fef6153a1cc05f9cc2afd227e940efbd36a4c2b0abe9a57580901b,4d6b8cb1d482e5066f9ca575ebd3b67af4a32562
sup,20x,ATCC_25922__202309,seqkit-porechop_abi,7,94.8122855052569,True,True,False,1.0,ee7a50a277fef6153a1cc05f9cc2afd227e940efbd36a4c2b0abe9a57580901b,4d6b8cb1d482e5066f9ca575ebd3b67af4a32562
sup,20x,ATCC_25922__202309,chopper-untrimmed,8,92.56391807232441,True,False,False,1.0,ee7a50a277fef6153a1cc05f9cc2afd227e940efbd36a4c2b0abe9a57580901b,4d6b8cb1d482e5066f9ca575ebd3b67af4a32562
sup,20x,ATCC_25922__202309,seqkit-barbell,9,90.8501895337522,True,True,False,1.0,ee7a50a277fef6153a1cc05f9cc2afd227e940efbd36a4c2b0abe9a57580901b,4d6b8cb1d482e5066f9ca575ebd3b67af4a32562
sup,20x,ATCC_25922__202309,seqkit-untrimmed,10,90.80418513704979,True,True,False,1.0,ee7a50a277fef6153a1cc05f9cc2afd227e940efbd36a4c2b0abe9a57580901b,4d6b8cb1d482e5066f9ca575ebd3b67af4a32562
sup,20x,ATCC_25922__202309,chopper-barbell,11,90.10400492121575,True,True,False,1.0,ee7a50a277fef6153a1cc05f9cc2afd227e940efbd36a4c2b0abe9a57580901b,4d6b8cb1d482e5066f9ca575ebd3b67af4a32562
sup,20x,ATCC_25922__202309,unprocessed-barbell,12,89.15894390629659,True,True,False,1.0,ee7a50a277fef6153a1cc05f9cc2afd227e940efbd36a4c2b0abe9a57580901b,4d6b8cb1d482e5066f9ca575ebd3b67af4a32562
sup,20x,ATCC_25922__202309,unprocessed-untrimmed,13,87.45496769596969,True,False,False,1.0,ee7a50a277fef6153a1cc05f9cc2afd227e940efbd36a4c2b0abe9a57580901b,4d6b8cb1d482e5066f9ca575ebd3b67af4a32562
sup,20x,ATCC_25922__202309,filtlong-untrimmed,14,85.53659577984725,True,True,False,1.0,ee7a50a277fef6153a1cc05f9cc2afd227e940efbd36a4c2b0abe9a57580901b,4d6b8cb1d482e5066f9ca575ebd3b67af4a32562
sup,20x,ATCC_25922__202309,filtlong-dorado,15,85.53373415836235,True,True,False,1.0,ee7a50a277fef6153a1cc05f9cc2afd227e940efbd36a4c2b0abe9a57580901b,4d6b8cb1d482e5066f9ca575ebd3b67af4a32562
sup,20x,ATCC_25922__202309,filtlong-porechop_abi,16,85.18138623005392,True,True,False,1.0,ee7a50a277fef6153a1cc05f9cc2afd227e940efbd36a4c2b0abe9a57580901b,4d6b8cb1d482e5066f9ca575ebd3b67af4a32562
sup,20x,ATCC_25922__202309,filtlong-barbell,17,78.5065733753587,True,False,False,1.0,ee7a50a277fef6153a1cc05f9cc2afd227e940efbd36a4c2b0abe9a57580901b,4d6b8cb1d482e5066f9ca575ebd3b67af4a32562
sup,20x,ATCC_33560__202309,chopper-porechop_abi,1,97.91481201192681,True,True,True,1.0,ee7a50a277fef6153a1cc05f9cc2afd227e940efbd36a4c2b0abe9a57580901b,4d6b8cb1d482e5066f9ca575ebd3b67af4a32562
sup,20x,ATCC_33560__202309,chopper-dorado,2,97.79484250717937,True,True,False,1.0,ee7a50a277fef6153a1cc05f9cc2afd227e940efbd36a4c2b0abe9a57580901b,4d6b8cb1d482e5066f9ca575ebd3b67af4a32562
sup,20x,ATCC_33560__202309,unprocessed-dorado,3,97.30504234701125,True,True,False,1.0,ee7a50a277fef6153a1cc05f9cc2afd227e940efbd36a4c2b0abe9a57580901b,4d6b8cb1d482e5066f9ca575ebd3b67af4a32562
sup,20x,ATCC_33560__202309,unprocessed-porechop_abi,4,97.24158331737266,True,True,False,1.0,ee7a50a277fef6153a1cc05f9cc2afd227e940efbd36a4c2b0abe9a57580901b,4d6b8cb1d482e5066f9ca575ebd3b67af4a32562
sup,20x,ATCC_33560__202309,fastplong-all,5,95.92064376092829,True,False,False,1.0,ee7a50a277fef6153a1cc05f9cc2afd227e940efbd36a4c2b0abe9a57580901b,4d6b8cb1d482e5066f9ca575ebd3b67af4a32562
sup,20x,ATCC_33560__202309,chopper-untrimmed,6,93.13474639686432,True,False,False,1.0,ee7a50a277fef6153a1cc05f9cc2afd227e940efbd36a4c2b0abe9a57580901b,4d6b8cb1d482e5066f9ca575ebd3b67af4a32562
sup,20x,ATCC_33560__202309,seqkit-untrimmed,7,91.3932735066039,True,True,False,1.0,ee7a50a277fef6153a1cc05f9cc2afd227e940efbd36a4c2b0abe9a57580901b,4d6b8cb1d482e5066f9ca575ebd3b67af4a32562
sup,20x,ATCC_33560__202309,seqkit-barbell,8,90.87799263398625,True,True,False,1.0,ee7a50a277fef6153a1cc05f9cc2afd227e940efbd36a4c2b0abe9a57580901b,4d6b8cb1d482e5066f9ca575ebd3b67af4a32562
sup,20x,ATCC_33560__202309,unprocessed-barbell,9,90.56034068572791,True,True,False,1.0,ee7a50a277fef6153a1cc05f9cc2afd227e940efbd36a4c2b0abe9a57580901b,4d6b8cb1d482e5066f9ca575ebd3b67af4a32562
sup,20x,ATCC_33560__202309,unprocessed-untrimmed,10,87.8179628275827,True,False,False,1.0,ee7a50a277fef6153a1cc05f9cc2afd227e940efbd36a4c2b0abe9a57580901b,4d6b8cb1d482e5066f9ca575ebd3b67af4a32562
sup,20x,ATCC_33560__202309,seqkit-dorado,11,85.09607783845863,True,False,False,1.0,ee7a50a277fef6153a1cc05f9cc2afd227e940efbd36a4c2b0abe9a57580901b,4d6b8cb1d482e5066f9ca575ebd3b67af4a32562
sup,20x,ATCC_33560__202309,seqkit-porechop_abi,12,83.96440419174614,True,False,False,1.0,ee7a50a277fef6153a1cc05f9cc2afd227e940efbd36a4c2b0abe9a57580901b,4d6b8cb1d482e5066f9ca575ebd3b67af4a32562
sup,20x,ATCC_33560__202309,chopper-barbell,13,81.5870903778412,True,False,False,1.0,ee7a50a277fef6153a1cc05f9cc2afd227e940efbd36a4c2b0abe9a57580901b,4d6b8cb1d482e5066f9ca575ebd3b67af4a32562
sup,20x,ATCC_33560__202309,filtlong-untrimmed,14,63.329362546757565,True,True,False,1.0,ee7a50a277fef6153a1cc05f9cc2afd227e940efbd36a4c2b0abe9a57580901b,4d6b8cb1d482e5066f9ca575ebd3b67af4a32562
sup,20x,ATCC_33560__202309,filtlong-dorado,15,63.02965230749675,True,True,False,1.0,ee7a50a277fef6153a1cc05f9cc2afd227e940efbd36a4c2b0abe9a57580901b,4d6b8cb1d482e5066f9ca575ebd3b67af4a32562
sup,20x,ATCC_33560__202309,filtlong-porechop_abi,16,62.81365329150172,True,True,False,1.0,ee7a50a277fef6153a1cc05f9cc2afd227e940efbd36a4c2b0abe9a57580901b,4d6b8cb1d482e5066f9ca575ebd3b67af4a32562
sup,20x,ATCC_33560__202309,filtlong-barbell,17,56.47795003592406,True,False,False,1.0,ee7a50a277fef6153a1cc05f9cc2afd227e940efbd36a4c2b0abe9a57580901b,4d6b8cb1d482e5066f9ca575ebd3b67af4a32562
sup,20x,ATCC_35221__202309,chopper-porechop_abi,1,98.36921707514897,True,True,True,1.0,ee7a50a277fef6153a1cc05f9cc2afd227e940efbd36a4c2b0abe9a57580901b,4d6b8cb1d482e5066f9ca575ebd3b67af4a32562
sup,20x,ATCC_35221__202309,chopper-dorado,2,97.88391078158206,True,True,False,1.0,ee7a50a277fef6153a1cc05f9cc2afd227e940efbd36a4c2b0abe9a57580901b,4d6b8cb1d482e5066f9ca575ebd3b67af4a32562
sup,20x,ATCC_35221__202309,unprocessed-dorado,3,97.74801179673698,True,True,False,1.0,ee7a50a277fef6153a1cc05f9cc2afd227e940efbd36a4c2b0abe9a57580901b,4d6b8cb1d482e5066f9ca575ebd3b67af4a32562
sup,20x,ATCC_35221__202309,unprocessed-porechop_abi,4,97.61151228277859,True,True,False,1.0,ee7a50a277fef6153a1cc05f9cc2afd227e940efbd36a4c2b0abe9a57580901b,4d6b8cb1d482e5066f9ca575ebd3b67af4a32562
sup,20x,ATCC_35221__202309,fastplong-all,5,96.43211803433203,True,False,False,1.0,ee7a50a277fef6153a1cc05f9cc2afd227e940efbd36a4c2b0abe9a57580901b,4d6b8cb1d482e5066f9ca575ebd3b67af4a32562
sup,20x,ATCC_35221__202309,chopper-untrimmed,6,93.58227010617921,True,True,False,1.0,ee7a50a277fef6153a1cc05f9cc2afd227e940efbd36a4c2b0abe9a57580901b,4d6b8cb1d482e5066f9ca575ebd3b67af4a32562
sup,20x,ATCC_35221__202309,unprocessed-barbell,7,92.63861275480292,True,True,False,1.0,ee7a50a277fef6153a1cc05f9cc2afd227e940efbd36a4c2b0abe9a57580901b,4d6b8cb1d482e5066f9ca575ebd3b67af4a32562
sup,20x,ATCC_35221__202309,seqkit-barbell,8,92.46129296769115,True,True,False,1.0,ee7a50a277fef6153a1cc05f9cc2afd227e940efbd36a4c2b0abe9a57580901b,4d6b8cb1d482e5066f9ca575ebd3b67af4a32562
sup,20x,ATCC_35221__202309,seqkit-untrimmed,9,91.60789343588789,True,True,False,1.0,ee7a50a277fef6153a1cc05f9cc2afd227e940efbd36a4c2b0abe9a57580901b,4d6b8cb1d482e5066f9ca575ebd3b67af4a32562
sup,20x,ATCC_35221__202309,unprocessed-untrimmed,10,88.08055446341788,True,False,False,1.0,ee7a50a277fef6153a1cc05f9cc2afd227e940efbd36a4c2b0abe9a57580901b,4d6b8cb1d482e5066f9ca575ebd3b67af4a32562
sup,20x,ATCC_35221__202309,seqkit-dorado,11,85.35639404890466,True,False,False,1.0,ee7a50a277fef6153a1cc05f9cc2afd227e940efbd36a4c2b0abe9a57580901b,4d6b8cb1d482e5066f9ca575ebd3b67af4a32562
sup,20x,ATCC_35221__202309,seqkit-porechop_abi,12,84.25893631190111,True,False,False,1.0,ee7a50a277fef6153a1cc05f9cc2afd227e940efbd36a4c2b0abe9a57580901b,4d6b8cb1d482e5066f9ca575ebd3b67af4a32562
sup,20x,ATCC_35221__202309,chopper-barbell,13,80.52207745813594,True,False,False,1.0,ee7a50a277fef6153a1cc05f9cc2afd227e940efbd36a4c2b0abe9a57580901b,4d6b8cb1d482e5066f9ca575ebd3b67af4a32562
sup,20x,ATCC_35221__202309,filtlong-untrimmed,14,63.56226843742037,True,True,False,1.0,ee7a50a277fef6153a1cc05f9cc2afd227e940efbd36a4c2b0abe9a57580901b,4d6b8cb1d482e5066f9ca575ebd3b67af4a32562
sup,20x,ATCC_35221__202309,filtlong-dorado,15,63.44521966992817,True,True,False,1.0,ee7a50a277fef6153a1cc05f9cc2afd227e940efbd36a4c2b0abe9a57580901b,4d6b8cb1d482e5066f9ca575ebd3b67af4a32562
sup,20x,ATCC_35221__202309,filtlong-porechop_abi,16,63.19268836424693,True,True,False,1.0,ee7a50a277fef6153a1cc05f9cc2afd227e940efbd36a4c2b0abe9a57580901b,4d6b8cb1d482e5066f9ca575ebd3b67af4a32562
sup,20x,ATCC_35221__202309,filtlong-barbell,17,58.65069099955831,True,False,False,1.0,ee7a50a277fef6153a1cc05f9cc2afd227e940efbd36a4c2b0abe9a57580901b,4d6b8cb1d482e5066f9ca575ebd3b67af4a32562
sup,20x,ATCC_35897__202309,chopper-porechop_abi,1,97.39876864077465,True,True,True,1.0,ee7a50a277fef6153a1cc05f9cc2afd227e940efbd36a4c2b0abe9a57580901b,4d6b8cb1d482e5066f9ca575ebd3b67af4a32562
sup,20x,ATCC_35897__202309,chopper-dorado,2,97.27880390117201,True,True,False,1.0,ee7a50a277fef6153a1cc05f9cc2afd227e940efbd36a4c2b0abe9a57580901b,4d6b8cb1d482e5066f9ca575ebd3b67af4a32562
sup,20x,ATCC_35897__202309,unprocessed-dorado,3,96.74104425300563,True,True,False,1.0,ee7a50a277fef6153a1cc05f9cc2afd227e940efbd36a4c2b0abe9a57580901b,4d6b8cb1d482e5066f9ca575ebd3b67af4a32562
sup,20x,ATCC_35897__202309,unprocessed-porechop_abi,4,96.52917094491274,True,True,False,1.0,ee7a50a277fef6153a1cc05f9cc2afd227e940efbd36a4c2b0abe9a57580901b,4d6b8cb1d482e5066f9ca575ebd3b67af4a32562
sup,20x,ATCC_35897__202309,fastplong-all,5,95.25389839067061,True,False,False,1.0,ee7a50a277fef6153a1cc05f9cc2afd227e940efbd36a4c2b0abe9a57580901b,4d6b8cb1d482e5066f9ca575ebd3b67af4a32562
sup,20x,ATCC_35897__202309,chopper-untrimmed,6,92.64839284415979,True,False,False,1.0,ee7a50a277fef6153a1cc05f9cc2afd227e940efbd36a4c2b0abe9a57580901b,4d6b8cb1d482e5066f9ca575ebd3b67af4a32562
sup,20x,ATCC_35897__202309,seqkit-untrimmed,7,90.78817530545584,True,True,False,1.0,ee7a50a277fef6153a1cc05f9cc2afd227e940efbd36a4c2b0abe9a57580901b,4d6b8cb1d482e5066f9ca575ebd3b67af4a32562
sup,20x,ATCC_35897__202309,seqkit-barbell,8,90.12235406878645,True,True,False,1.0,ee7a50a277fef6153a1cc05f9cc2afd227e940efbd36a4c2b0abe9a57580901b,4d6b8cb1d482e5066f9ca575ebd3b67af4a32562
sup,20x,ATCC_35897__202309,unprocessed-barbell,9,89.14979823720606,True,True,False,1.0,ee7a50a277fef6153a1cc05f9cc2afd227e940efbd36a4c2b0abe9a57580901b,4d6b8cb1d482e5066f9ca575ebd3b67af4a32562
sup,20x,ATCC_35897__202309,unprocessed-untrimmed,10,87.19002701292588,True,False,False,1.0,ee7a50a277fef6153a1cc05f9cc2afd227e940efbd36a4c2b0abe9a57580901b,4d6b8cb1d482e5066f9ca575ebd3b67af4a32562
sup,20x,ATCC_35897__202309,seqkit-dorado,11,84.50697303102254,True,False,False,1.0,ee7a50a277fef6153a1cc05f9cc2afd227e940efbd36a4c2b0abe9a57580901b,4d6b8cb1d482e5066f9ca575ebd3b67af4a32562
sup,20x,ATCC_35897__202309,seqkit-porechop_abi,12,83.3501713715218,True,False,False,1.0,ee7a50a277fef6153a1cc05f9cc2afd227e940efbd36a4c2b0abe9a57580901b,4d6b8cb1d482e5066f9ca575ebd3b67af4a32562
sup,20x,ATCC_35897__202309,chopper-barbell,13,78.67842658872229,True,False,False,1.0,ee7a50a277fef6153a1cc05f9cc2afd227e940efbd36a4c2b0abe9a57580901b,4d6b8cb1d482e5066f9ca575ebd3b67af4a32562
sup,20x,ATCC_35897__202309,filtlong-untrimmed,14,62.59639450123683,True,True,False,1.0,ee7a50a277fef6153a1cc05f9cc2afd227e940efbd36a4c2b0abe9a57580901b,4d6b8cb1d482e5066f9ca575ebd3b67af4a32562
sup,20x,ATCC_35897__202309,filtlong-dorado,15,62.57298799803106,True,True,False,1.0,ee7a50a277fef6153a1cc05f9cc2afd227e940efbd36a4c2b0abe9a57580901b,4d6b8cb1d482e5066f9ca575ebd3b67af4a32562
sup,20x,ATCC_35897__202309,filtlong-porechop_abi,16,62.192651478074076,True,True,False,1.0,ee7a50a277fef6153a1cc05f9cc2afd227e940efbd36a4c2b0abe9a57580901b,4d6b8cb1d482e5066f9ca575ebd3b67af4a32562
sup,20x,ATCC_35897__202309,filtlong-barbell,17,55.55496084186938,True,False,False,1.0,ee7a50a277fef6153a1cc05f9cc2afd227e940efbd36a4c2b0abe9a57580901b,4d6b8cb1d482e5066f9ca575ebd3b67af4a32562
sup,20x,ATCC_BAA-679__202309,chopper-porechop_abi,1,97.41931838351215,True,True,True,1.0,ee7a50a277fef6153a1cc05f9cc2afd227e940efbd36a4c2b0abe9a57580901b,4d6b8cb1d482e5066f9ca575ebd3b67af4a32562
sup,20x,ATCC_BAA-679__202309,chopper-dorado,2,97.14753298205004,True,True,False,1.0,ee7a50a277fef6153a1cc05f9cc2afd227e940efbd36a4c2b0abe9a57580901b,4d6b8cb1d482e5066f9ca575ebd3b67af4a32562
sup,20x,ATCC_BAA-679__202309,unprocessed-dorado,3,97.11096871928186,True,True,False,1.0,ee7a50a277fef6153a1cc05f9cc2afd227e940efbd36a4c2b0abe9a57580901b,4d6b8cb1d482e5066f9ca575ebd3b67af4a32562
sup,20x,ATCC_BAA-679__202309,unprocessed-porechop_abi,4,96.78949676037519,True,True,False,1.0,ee7a50a277fef6153a1cc05f9cc2afd227e940efbd36a4c2b0abe9a57580901b,4d6b8cb1d482e5066f9ca575ebd3b67af4a32562
sup,20x,ATCC_BAA-679__202309,fastplong-all,5,95.2972845628362,True,False,False,1.0,ee7a50a277fef6153a1cc05f9cc2afd227e940efbd36a4c2b0abe9a57580901b,4d6b8cb1d482e5066f9ca575ebd3b67af4a32562
sup,20x,ATCC_BAA-679__202309,chopper-untrimmed,6,94.10367643063006,True,False,False,1.0,ee7a50a277fef6153a1cc05f9cc2afd227e940efbd36a4c2b0abe9a57580901b,4d6b8cb1d482e5066f9ca575ebd3b67af4a32562
sup,20x,ATCC_BAA-679__202309,seqkit-untrimmed,7,92.19098404026377,True,False,False,1.0,ee7a50a277fef6153a1cc05f9cc2afd227e940efbd36a4c2b0abe9a57580901b,4d6b8cb1d482e5066f9ca575ebd3b67af4a32562
sup,20x,ATCC_BAA-679__202309,seqkit-barbell,8,90.17304193770211,True,False,False,1.0,ee7a50a277fef6153a1cc05f9cc2afd227e940efbd36a4c2b0abe9a57580901b,4d6b8cb1d482e5066f9ca575ebd3b67af4a32562
sup,20x,ATCC_BAA-679__202309,unprocessed-barbell,9,89.09043395708491,True,True,False,1.0,ee7a50a277fef6153a1cc05f9cc2afd227e940efbd36a4c2b0abe9a57580901b,4d6b8cb1d482e5066f9ca575ebd3b67af4a32562
sup,20x,ATCC_BAA-679__202309,unprocessed-untrimmed,10,88.16952681714214,True,True,False,1.0,ee7a50a277fef6153a1cc05f9cc2afd227e940efbd36a4c2b0abe9a57580901b,4d6b8cb1d482e5066f9ca575ebd3b67af4a32562
sup,20x,ATCC_BAA-679__202309,seqkit-porechop_abi,11,84.89231209022066,True,True,False,1.0,ee7a50a277fef6153a1cc05f9cc2afd227e940efbd36a4c2b0abe9a57580901b,4d6b8cb1d482e5066f9ca575ebd3b67af4a32562
sup,20x,ATCC_BAA-679__202309,seqkit-dorado,12,84.43846925409667,True,True,False,1.0,ee7a50a277fef6153a1cc05f9cc2afd227e940efbd36a4c2b0abe9a57580901b,4d6b8cb1d482e5066f9ca575ebd3b67af4a32562
sup,20x,ATCC_BAA-679__202309,chopper-barbell,13,78.68299715695602,True,False,False,1.0,ee7a50a277fef6153a1cc05f9cc2afd227e940efbd36a4c2b0abe9a57580901b,4d6b8cb1d482e5066f9ca575ebd3b67af4a32562
sup,20x,ATCC_BAA-679__202309,filtlong-untrimmed,14,62.6352098134444,True,True,False,1.0,ee7a50a277fef6153a1cc05f9cc2afd227e940efbd36a4c2b0abe9a57580901b,4d6b8cb1d482e5066f9ca575ebd3b67af4a32562
sup,20x,ATCC_BAA-679__202309,filtlong-dorado,15,62.56156856501,True,True,False,1.0,ee7a50a277fef6153a1cc05f9cc2afd227e940efbd36a4c2b0abe9a57580901b,4d6b8cb1d482e5066f9ca575ebd3b67af4a32562
sup,20x,ATCC_BAA-679__202309,filtlong-porechop_abi,16,62.203994211305115,True,True,False,1.0,ee7a50a277fef6153a1cc05f9cc2afd227e940efbd36a4c2b0abe9a57580901b,4d6b8cb1d482e5066f9ca575ebd3b67af4a32562
sup,20x,ATCC_BAA-679__202309,filtlong-barbell,17,55.54354152372079,True,False,False,1.0,ee7a50a277fef6153a1cc05f9cc2afd227e940efbd36a4c2b0abe9a57580901b,4d6b8cb1d482e5066f9ca575ebd3b67af4a32562
sup,20x,BPH2947__202310,chopper-porechop_abi,1,97.38735225312855,True,True,True,1.0,ee7a50a277fef6153a1cc05f9cc2afd227e940efbd36a4c2b0abe9a57580901b,4d6b8cb1d482e5066f9ca575ebd3b67af4a32562
sup,20x,BPH2947__202310,chopper-dorado,2,97.10755355215741,True,True,False,1.0,ee7a50a277fef6153a1cc05f9cc2afd227e940efbd36a4c2b0abe9a57580901b,4d6b8cb1d482e5066f9ca575ebd3b67af4a32562
sup,20x,BPH2947__202310,unprocessed-dorado,3,96.66797617299926,True,True,False,1.0,ee7a50a277fef6153a1cc05f9cc2afd227e940efbd36a4c2b0abe9a57580901b,4d6b8cb1d482e5066f9ca575ebd3b67af4a32562
sup,20x,BPH2947__202310,unprocessed-porechop_abi,4,96.47893569268159,True,True,False,1.0,ee7a50a277fef6153a1cc05f9cc2afd227e940efbd36a4c2b0abe9a57580901b,4d6b8cb1d482e5066f9ca575ebd3b67af4a32562
sup,20x,BPH2947__202310,fastplong-all,5,95.21736072844033,True,False,False,1.0,ee7a50a277fef6153a1cc05f9cc2afd227e940efbd36a4c2b0abe9a57580901b,4d6b8cb1d482e5066f9ca575ebd3b67af4a32562
sup,20x,BPH2947__202310,chopper-untrimmed,6,92.66856485262966,True,True,False,1.0,ee7a50a277fef6153a1cc05f9cc2afd227e940efbd36a4c2b0abe9a57580901b,4d6b8cb1d482e5066f9ca575ebd3b67af4a32562
sup,20x,BPH2947__202310,seqkit-barbell,7,92.4671325659574,True,True,False,1.0,ee7a50a277fef6153a1cc05f9cc2afd227e940efbd36a4c2b0abe9a57580901b,4d6b8cb1d482e5066f9ca575ebd3b67af4a32562
sup,20x,BPH2947__202310,seqkit-untrimmed,8,92.15792071742305,True,True,False,1.0,ee7a50a277fef6153a1cc05f9cc2afd227e940efbd36a4c2b0abe9a57580901b,4d6b8cb1d482e5066f9ca575ebd3b67af4a32562
sup,20x,BPH2947__202310,unprocessed-barbell,9,91.99768538715045,True,True,False,1.0,ee7a50a277fef6153a1cc05f9cc2afd227e940efbd36a4c2b0abe9a57580901b,4d6b8cb1d482e5066f9ca575ebd3b67af4a32562
sup,20x,BPH2947__202310,unprocessed-untrimmed,10,87.0918434321693,True,False,False,1.0,ee7a50a277fef6153a1cc05f9cc2afd227e940efbd36a4c2b0abe9a57580901b,4d6b8cb1d482e5066f9ca575ebd3b67af4a32562
sup,20x,BPH2947__202310,seqkit-dorado,11,84.39051990056996,True,False,False,1.0,ee7a50a277fef6153a1cc05f9cc2afd227e940efbd36a4c2b0abe9a57580901b,4d6b8cb1d482e5066f9ca575ebd3b67af4a32562
sup,20x,BPH2947__202310,seqkit-porechop_abi,12,83.33874976164752,True,False,False,1.0,ee7a50a277fef6153a1cc05f9cc2afd227e940efbd36a4c2b0abe9a57580901b,4d6b8cb1d482e5066f9ca575ebd3b67af4a32562
sup,20x,BPH2947__202310,chopper-barbell,13,80.9371295625819,True,False,False,1.0,ee7a50a277fef6153a1cc05f9cc2afd227e940efbd36a4c2b0abe9a57580901b,4d6b8cb1d482e5066f9ca575ebd3b67af4a32562
sup,20x,BPH2947__202310,filtlong-untrimmed,14,74.06077588033622,True,True,False,1.0,ee7a50a277fef6153a1cc05f9cc2afd227e940efbd36a4c2b0abe9a57580901b,4d6b8cb1d482e5066f9ca575ebd3b67af4a32562
sup,20x,BPH2947__202310,filtlong-dorado,15,74.01224874845423,True,True,False,1.0,ee7a50a277fef6153a1cc05f9cc2afd227e940efbd36a4c2b0abe9a57580901b,4d6b8cb1d482e5066f9ca575ebd3b67af4a32562
sup,20x,BPH2947__202310,filtlong-porechop_abi,16,73.6546768739226,True,True,False,1.0,ee7a50a277fef6153a1cc05f9cc2afd227e940efbd36a4c2b0abe9a57580901b,4d6b8cb1d482e5066f9ca575ebd3b67af4a32562
sup,20x,BPH2947__202310,filtlong-barbell,17,70.78169860081472,True,False,False,1.0,ee7a50a277fef6153a1cc05f9cc2afd227e940efbd36a4c2b0abe9a57580901b,4d6b8cb1d482e5066f9ca575ebd3b67af4a32562
sup,20x,MMC234__202311,chopper-porechop_abi,1,97.68648566755071,True,True,True,1.0,ee7a50a277fef6153a1cc05f9cc2afd227e940efbd36a4c2b0abe9a57580901b,4d6b8cb1d482e5066f9ca575ebd3b67af4a32562
sup,20x,MMC234__202311,chopper-dorado,2,97.36557751672647,True,True,False,1.0,ee7a50a277fef6153a1cc05f9cc2afd227e940efbd36a4c2b0abe9a57580901b,4d6b8cb1d482e5066f9ca575ebd3b67af4a32562
sup,20x,MMC234__202311,unprocessed-dorado,3,97.03331876966378,True,True,False,1.0,ee7a50a277fef6153a1cc05f9cc2afd227e940efbd36a4c2b0abe9a57580901b,4d6b8cb1d482e5066f9ca575ebd3b67af4a32562
sup,20x,MMC234__202311,unprocessed-porechop_abi,4,96.96073045705658,True,True,False,1.0,ee7a50a277fef6153a1cc05f9cc2afd227e940efbd36a4c2b0abe9a57580901b,4d6b8cb1d482e5066f9ca575ebd3b67af4a32562
sup,20x,MMC234__202311,fastplong-all,5,95.51648544320842,True,False,False,1.0,ee7a50a277fef6153a1cc05f9cc2afd227e940efbd36a4c2b0abe9a57580901b,4d6b8cb1d482e5066f9ca575ebd3b67af4a32562
sup,20x,MMC234__202311,chopper-untrimmed,6,92.75581283429855,True,False,False,1.0,ee7a50a277fef6153a1cc05f9cc2afd227e940efbd36a4c2b0abe9a57580901b,4d6b8cb1d482e5066f9ca575ebd3b67af4a32562
sup,20x,MMC234__202311,seqkit-barbell,7,91.45690081266572,True,True,False,1.0,ee7a50a277fef6153a1cc05f9cc2afd227e940efbd36a4c2b0abe9a57580901b,4d6b8cb1d482e5066f9ca575ebd3b67af4a32562
sup,20x,MMC234__202311,seqkit-untrimmed,8,91.13981329567986,True,True,False,1.0,ee7a50a277fef6153a1cc05f9cc2afd227e940efbd36a4c2b0abe9a57580901b,4d6b8cb1d482e5066f9ca575ebd3b67af4a32562
sup,20x,MMC234__202311,unprocessed-barbell,9,89.91003960660663,True,False,False,1.0,ee7a50a277fef6153a1cc05f9cc2afd227e940efbd36a4c2b0abe9a57580901b,4d6b8cb1d482e5066f9ca575ebd3b67af4a32562
sup,20x,MMC234__202311,unprocessed-untrimmed,10,87.46174541592936,True,False,False,1.0,ee7a50a277fef6153a1cc05f9cc2afd227e940efbd36a4c2b0abe9a57580901b,4d6b8cb1d482e5066f9ca575ebd3b67af4a32562
sup,20x,MMC234__202311,seqkit-dorado,11,84.68052204036148,True,False,False,1.0,ee7a50a277fef6153a1cc05f9cc2afd227e940efbd36a4c2b0abe9a57580901b,4d6b8cb1d482e5066f9ca575ebd3b67af4a32562
sup,20x,MMC234__202311,seqkit-porechop_abi,12,83.55110783862906,True,False,False,1.0,ee7a50a277fef6153a1cc05f9cc2afd227e940efbd36a4c2b0abe9a57580901b,4d6b8cb1d482e5066f9ca575ebd3b67af4a32562
sup,20x,MMC234__202311,chopper-barbell,13,79.2107084834781,True,False,False,1.0,ee7a50a277fef6153a1cc05f9cc2afd227e940efbd36a4c2b0abe9a57580901b,4d6b8cb1d482e5066f9ca575ebd3b67af4a32562
sup,20x,MMC234__202311,filtlong-untrimmed,14,62.78592016123819,True,True,False,1.0,ee7a50a277fef6153a1cc05f9cc2afd227e940efbd36a4c2b0abe9a57580901b,4d6b8cb1d482e5066f9ca575ebd3b67af4a32562
sup,20x,MMC234__202311,filtlong-dorado,15,62.785333168256855,True,True,False,1.0,ee7a50a277fef6153a1cc05f9cc2afd227e940efbd36a4c2b0abe9a57580901b,4d6b8cb1d482e5066f9ca575ebd3b67af4a32562
sup,20x,MMC234__202311,filtlong-porechop_abi,16,62.50083458175212,True,True,False,1.0,ee7a50a277fef6153a1cc05f9cc2afd227e940efbd36a4c2b0abe9a57580901b,4d6b8cb1d482e5066f9ca575ebd3b67af4a32562
sup,20x,MMC234__202311,filtlong-barbell,17,56.475617022071155,True,False,False,1.0,ee7a50a277fef6153a1cc05f9cc2afd227e940efbd36a4c2b0abe9a57580901b,4d6b8cb1d482e5066f9ca575ebd3b67af4a32562
sup,20x,RDH275__202311,chopper-porechop_abi,1,97.54720124875264,True,True,True,1.0,ee7a50a277fef6153a1cc05f9cc2afd227e940efbd36a4c2b0abe9a57580901b,4d6b8cb1d482e5066f9ca575ebd3b67af4a32562
sup,20x,RDH275__202311,chopper-dorado,2,97.31305498825726,True,True,False,1.0,ee7a50a277fef6153a1cc05f9cc2afd227e940efbd36a4c2b0abe9a57580901b,4d6b8cb1d482e5066f9ca575ebd3b67af4a32562
sup,20x,RDH275__202311,unprocessed-dorado,3,96.91461857285509,True,True,False,1.0,ee7a50a277fef6153a1cc05f9cc2afd227e940efbd36a4c2b0abe9a57580901b,4d6b8cb1d482e5066f9ca575ebd3b67af4a32562
sup,20x,RDH275__202311,unprocessed-porechop_abi,4,96.60453016458608,True,True,False,1.0,ee7a50a277fef6153a1cc05f9cc2afd227e940efbd36a4c2b0abe9a57580901b,4d6b8cb1d482e5066f9ca575ebd3b67af4a32562
sup,20x,RDH275__202311,fastplong-all,5,95.28436100715842,True,False,False,1.0,ee7a50a277fef6153a1cc05f9cc2afd227e940efbd36a4c2b0abe9a57580901b,4d6b8cb1d482e5066f9ca575ebd3b67af4a32562
sup,20x,RDH275__202311,chopper-untrimmed,6,94.07751601610113,True,False,False,1.0,ee7a50a277fef6153a1cc05f9cc2afd227e940efbd36a4c2b0abe9a57580901b,4d6b8cb1d482e5066f9ca575ebd3b67af4a32562
sup,20x,RDH275__202311,seqkit-untrimmed,7,92.20588693397077,True,True,False,1.0,ee7a50a277fef6153a1cc05f9cc2afd227e940efbd36a4c2b0abe9a57580901b,4d6b8cb1d482e5066f9ca575ebd3b67af4a32562
sup,20x,RDH275__202311,seqkit-barbell,8,91.52049549215022,True,True,False,1.0,ee7a50a277fef6153a1cc05f9cc2afd227e940efbd36a4c2b0abe9a57580901b,4d6b8cb1d482e5066f9ca575ebd3b67af4a32562
sup,20x,RDH275__202311,unprocessed-barbell,9,90.03906473826706,True,False,False,1.0,ee7a50a277fef6153a1cc05f9cc2afd227e940efbd36a4c2b0abe9a57580901b,4d6b8cb1d482e5066f9ca575ebd3b67af4a32562
sup,20x,RDH275__202311,unprocessed-untrimmed,10,88.60544636001,True,False,False,1.0,ee7a50a277fef6153a1cc05f9cc2afd227e940efbd36a4c2b0abe9a57580901b,4d6b8cb1d482e5066f9ca575ebd3b67af4a32562
sup,20x,RDH275__202311,seqkit-dorado,11,84.48643074694829,True,False,False,1.0,ee7a50a277fef6153a1cc05f9cc2afd227e940efbd36a4c2b0abe9a57580901b,4d6b8cb1d482e5066f9ca575ebd3b67af4a32562
sup,20x,RDH275__202311,seqkit-porechop_abi,12,83.34561952363822,True,False,False,1.0,ee7a50a277fef6153a1cc05f9cc2afd227e940efbd36a4c2b0abe9a57580901b,4d6b8cb1d482e5066f9ca575ebd3b67af4a32562
sup,20x,RDH275__202311,chopper-barbell,13,78.88582266139073,True,False,False,1.0,ee7a50a277fef6153a1cc05f9cc2afd227e940efbd36a4c2b0abe9a57580901b,4d6b8cb1d482e5066f9ca575ebd3b67af4a32562
sup,20x,RDH275__202311,filtlong-untrimmed,14,62.619227275643354,True,True,False,1.0,ee7a50a277fef6153a1cc05f9cc2afd227e940efbd36a4c2b0abe9a57580901b,4d6b8cb1d482e5066f9ca575ebd3b67af4a32562
sup,20x,RDH275__202311,filtlong-dorado,15,62.58897298672575,True,True,False,1.0,ee7a50a277fef6153a1cc05f9cc2afd227e940efbd36a4c2b0abe9a57580901b,4d6b8cb1d482e5066f9ca575ebd3b67af4a32562
sup,20x,RDH275__202311,filtlong-porechop_abi,16,62.2313970419563,True,True,False,1.0,ee7a50a277fef6153a1cc05f9cc2afd227e940efbd36a4c2b0abe9a57580901b,4d6b8cb1d482e5066f9ca575ebd3b67af4a32562
sup,20x,RDH275__202311,filtlong-barbell,17,56.411857553354,True,False,False,1.0,ee7a50a277fef6153a1cc05f9cc2afd227e940efbd36a4c2b0abe9a57580901b,4d6b8cb1d482e5066f9ca575ebd3b67af4a32562
sup,100x,AJ292__202310,chopper-porechop_abi,1,99.26694456825473,True,True,True,1.0,ee7a50a277fef6153a1cc05f9cc2afd227e940efbd36a4c2b0abe9a57580901b,4d6b8cb1d482e5066f9ca575ebd3b67af4a32562
sup,100x,AJ292__202310,fastplong-all,2,99.16191560848212,True,True,False,1.0,ee7a50a277fef6153a1cc05f9cc2afd227e940efbd36a4c2b0abe9a57580901b,4d6b8cb1d482e5066f9ca575ebd3b67af4a32562
sup,100x,AJ292__202310,unprocessed-dorado,3,99.05914265900337,True,True,False,1.0,ee7a50a277fef6153a1cc05f9cc2afd227e940efbd36a4c2b0abe9a57580901b,4d6b8cb1d482e5066f9ca575ebd3b67af4a32562
sup,100x,AJ292__202310,seqkit-porechop_abi,4,99.02492230157277,True,True,False,1.0,ee7a50a277fef6153a1cc05f9cc2afd227e940efbd36a4c2b0abe9a57580901b,4d6b8cb1d482e5066f9ca575ebd3b67af4a32562
sup,100x,AJ292__202310,chopper-barbell,5,98.65580183055914,True,True,False,1.0,ee7a50a277fef6153a1cc05f9cc2afd227e940efbd36a4c2b0abe9a57580901b,4d6b8cb1d482e5066f9ca575ebd3b67af4a32562
sup,100x,AJ292__202310,seqkit-untrimmed,6,96.51133874459636,True,True,False,1.0,ee7a50a277fef6153a1cc05f9cc2afd227e940efbd36a4c2b0abe9a57580901b,4d6b8cb1d482e5066f9ca575ebd3b67af4a32562
sup,100x,AJ292__202310,unprocessed-untrimmed,7,96.310529985135,True,True,False,1.0,ee7a50a277fef6153a1cc05f9cc2afd227e940efbd36a4c2b0abe9a57580901b,4d6b8cb1d482e5066f9ca575ebd3b67af4a32562
sup,100x,AJ292__202310,chopper-dorado,8,87.57195529887613,True,True,False,1.0,ee7a50a277fef6153a1cc05f9cc2afd227e940efbd36a4c2b0abe9a57580901b,4d6b8cb1d482e5066f9ca575ebd3b67af4a32562
sup,100x,AJ292__202310,unprocessed-barbell,9,87.54907635552412,True,True,False,1.0,ee7a50a277fef6153a1cc05f9cc2afd227e940efbd36a4c2b0abe9a57580901b,4d6b8cb1d482e5066f9ca575ebd3b67af4a32562
sup,100x,AJ292__202310,unprocessed-porechop_abi,10,87.45994640189181,True,True,False,1.0,ee7a50a277fef6153a1cc05f9cc2afd227e940efbd36a4c2b0abe9a57580901b,4d6b8cb1d482e5066f9ca575ebd3b67af4a32562
sup,100x,AJ292__202310,seqkit-barbell,11,85.62081821279014,True,True,False,1.0,ee7a50a277fef6153a1cc05f9cc2afd227e940efbd36a4c2b0abe9a57580901b,4d6b8cb1d482e5066f9ca575ebd3b67af4a32562
sup,100x,AJ292__202310,chopper-untrimmed,12,84.67703592775207,True,True,False,1.0,ee7a50a277fef6153a1cc05f9cc2afd227e940efbd36a4c2b0abe9a57580901b,4d6b8cb1d482e5066f9ca575ebd3b67af4a32562
sup,100x,AJ292__202310,seqkit-dorado,13,76.21476027788829,True,False,False,1.0,ee7a50a277fef6153a1cc05f9cc2afd227e940efbd36a4c2b0abe9a57580901b,4d6b8cb1d482e5066f9ca575ebd3b67af4a32562
sup,100x,AJ292__202310,filtlong-dorado,14,64.91852839657108,True,True,False,1.0,ee7a50a277fef6153a1cc05f9cc2afd227e940efbd36a4c2b0abe9a57580901b,4d6b8cb1d482e5066f9ca575ebd3b67af4a32562
sup,100x,AJ292__202310,filtlong-untrimmed,15,64.89434255042713,True,True,False,1.0,ee7a50a277fef6153a1cc05f9cc2afd227e940efbd36a4c2b0abe9a57580901b,4d6b8cb1d482e5066f9ca575ebd3b67af4a32562
sup,100x,AJ292__202310,filtlong-porechop_abi,16,64.87971984601668,True,True,False,1.0,ee7a50a277fef6153a1cc05f9cc2afd227e940efbd36a4c2b0abe9a57580901b,4d6b8cb1d482e5066f9ca575ebd3b67af4a32562
sup,100x,AJ292__202310,filtlong-barbell,17,64.07095791491736,True,True,False,1.0,ee7a50a277fef6153a1cc05f9cc2afd227e940efbd36a4c2b0abe9a57580901b,4d6b8cb1d482e5066f9ca575ebd3b67af4a32562
sup,100x,AMtb_1__202402,chopper-porechop_abi,1,99.27379405612712,True,True,True,1.0,ee7a50a277fef6153a1cc05f9cc2afd227e940efbd36a4c2b0abe9a57580901b,4d6b8cb1d482e5066f9ca575ebd3b67af4a32562
sup,100x,AMtb_1__202402,fastplong-all,2,99.15963026417826,True,True,False,1.0,ee7a50a277fef6153a1cc05f9cc2afd227e940efbd36a4c2b0abe9a57580901b,4d6b8cb1d482e5066f9ca575ebd3b67af4a32562
sup,100x,AMtb_1__202402,unprocessed-dorado,3,99.05914380391458,True,True,False,1.0,ee7a50a277fef6153a1cc05f9cc2afd227e940efbd36a4c2b0abe9a57580901b,4d6b8cb1d482e5066f9ca575ebd3b67af4a32562
sup,100x,AMtb_1__202402,seqkit-porechop_abi,4,99.02035512277847,True,True,False,1.0,ee7a50a277fef6153a1cc05f9cc2afd227e940efbd36a4c2b0abe9a57580901b,4d6b8cb1d482e5066f9ca575ebd3b67af4a32562
sup,100x,AMtb_1__202402,chopper-barbell,5,98.64590171952283,True,True,False,1.0,ee7a50a277fef6153a1cc05f9cc2afd227e940efbd36a4c2b0abe9a57580901b,4d6b8cb1d482e5066f9ca575ebd3b67af4a32562
sup,100x,AMtb_1__202402,seqkit-untrimmed,6,96.43824866486919,True,True,False,1.0,ee7a50a277fef6153a1cc05f9cc2afd227e940efbd36a4c2b0abe9a57580901b,4d6b8cb1d482e5066f9ca575ebd3b67af4a32562
sup,100x,AMtb_1__202402,unprocessed-untrimmed,7,96.31052997575003,True,True,False,1.0,ee7a50a277fef6153a1cc05f9cc2afd227e940efbd36a4c2b0abe9a57580901b,4d6b8cb1d482e5066f9ca575ebd3b67af4a32562
sup,100x,AMtb_1__202402,chopper-dorado,8,87.57424044744417,True,True,False,1.0,ee7a50a277fef6153a1cc05f9cc2afd227e940efbd36a4c2b0abe9a57580901b,4d6b8cb1d482e5066f9ca575ebd3b67af4a32562
sup,100x,AMtb_1__202402,unprocessed-barbell,9,87.52851750323003,True,True,False,1.0,ee7a50a277fef6153a1cc05f9cc2afd227e940efbd36a4c2b0abe9a57580901b,4d6b8cb1d482e5066f9ca575ebd3b67af4a32562
sup,100x,AMtb_1__202402,unprocessed-porechop_abi,10,87.46679754680302,True,True,False,1.0,ee7a50a277fef6153a1cc05f9cc2afd227e940efbd36a4c2b0abe9a57580901b,4d6b8cb1d482e5066f9ca575ebd3b67af4a32562
sup,100x,AMtb_1__202402,seqkit-barbell,11,85.64822069834835,True,True,False,1.0,ee7a50a277fef6153a1cc05f9cc2afd227e940efbd36a4c2b0abe9a57580901b,4d6b8cb1d482e5066f9ca575ebd3b67af4a32562
sup,100x,AMtb_1__202402,chopper-untrimmed,12,84.6793195774772,True,True,False,1.0,ee7a50a277fef6153a1cc05f9cc2afd227e940efbd36a4c2b0abe9a57580901b,4d6b8cb1d482e5066f9ca575ebd3b67af4a32562
sup,100x,AMtb_1__202402,seqkit-dorado,13,76.21019309909401,True,False,False,1.0,ee7a50a277fef6153a1cc05f9cc2afd227e940efbd36a4c2b0abe9a57580901b,4d6b8cb1d482e5066f9ca575ebd3b67af4a32562
sup,100x,AMtb_1__202402,filtlong-dorado,14,64.92081204629619,True,True,False,1.0,ee7a50a277fef6153a1cc05f9cc2afd227e940efbd36a4c2b0abe9a57580901b,4d6b8cb1d482e5066f9ca575ebd3b67af4a32562
sup,100x,AMtb_1__202402,filtlong-untrimmed,15,64.88977485950524,True,True,False,1.0,ee7a50a277fef6153a1cc05f9cc2afd227e940efbd36a4c2b0abe9a57580901b,4d6b8cb1d482e5066f9ca575ebd3b67af4a32562
sup,100x,AMtb_1__202402,filtlong-porechop_abi,16,64.87835403397843,True,True,False,1.0,ee7a50a277fef6153a1cc05f9cc2afd227e940efbd36a4c2b0abe9a57580901b,4d6b8cb1d482e5066f9ca575ebd3b67af4a32562
sup,100x,AMtb_1__202402,filtlong-barbell,17,64.07324156464249,True,True,False,1.0,ee7a50a277fef6153a1cc05f9cc2afd227e940efbd36a4c2b0abe9a57580901b,4d6b8cb1d482e5066f9ca575ebd3b67af4a32562
sup,100x,ATCC_10708__202309,chopper-porechop_abi,1,99.31033586353136,True,True,True,1.0,ee7a50a277fef6153a1cc05f9cc2afd227e940efbd36a4c2b0abe9a57580901b,4d6b8cb1d482e5066f9ca575ebd3b67af4a32562
sup,100x,ATCC_10708__202309,fastplong-all,2,99.1961721240933,True,True,False,1.0,ee7a50a277fef6153a1cc05f9cc2afd227e940efbd36a4c2b0abe9a57580901b,4d6b8cb1d482e5066f9ca575ebd3b67af4a32562
sup,100x,ATCC_10708__202309,unprocessed-dorado,3,99.09111883963052,True,True,False,1.0,ee7a50a277fef6153a1cc05f9cc2afd227e940efbd36a4c2b0abe9a57580901b,4d6b8cb1d482e5066f9ca575ebd3b67af4a32562
sup,100x,ATCC_10708__202309,seqkit-porechop_abi,4,99.07743786990787,True,True,False,1.0,ee7a50a277fef6153a1cc05f9cc2afd227e940efbd36a4c2b0abe9a57580901b,4d6b8cb1d482e5066f9ca575ebd3b67af4a32562
sup,100x,ATCC_10708__202309,chopper-barbell,5,98.67787675523876,True,True,False,1.0,ee7a50a277fef6153a1cc05f9cc2afd227e940efbd36a4c2b0abe9a57580901b,4d6b8cb1d482e5066f9ca575ebd3b67af4a32562
sup,100x,ATCC_10708__202309,seqkit-untrimmed,6,96.48391834006152,True,True,False,1.0,ee7a50a277fef6153a1cc05f9cc2afd227e940efbd36a4c2b0abe9a57580901b,4d6b8cb1d482e5066f9ca575ebd3b67af4a32562
sup,100x,ATCC_10708__202309,unprocessed-untrimmed,7,96.36077100714567,True,True,False,1.0,ee7a50a277fef6153a1cc05f9cc2afd227e940efbd36a4c2b0abe9a57580901b,4d6b8cb1d482e5066f9ca575ebd3b67af4a32562
sup,100x,ATCC_10708__202309,chopper-dorado,8,87.61534726447626,True,True,False,1.0,ee7a50a277fef6153a1cc05f9cc2afd227e940efbd36a4c2b0abe9a57580901b,4d6b8cb1d482e5066f9ca575ebd3b67af4a32562
sup,100x,ATCC_10708__202309,unprocessed-barbell,9,87.5741852695552,True,True,False,1.0,ee7a50a277fef6153a1cc05f9cc2afd227e940efbd36a4c2b0abe9a57580901b,4d6b8cb1d482e5066f9ca575ebd3b67af4a32562
sup,100x,ATCC_10708__202309,unprocessed-porechop_abi,10,87.48963847317705,True,True,False,1.0,ee7a50a277fef6153a1cc05f9cc2afd227e940efbd36a4c2b0abe9a57580901b,4d6b8cb1d482e5066f9ca575ebd3b67af4a32562
sup,100x,ATCC_10708__202309,chopper-untrimmed,11,86.08332570981193,True,True,False,1.0,ee7a50a277fef6153a1cc05f9cc2afd227e940efbd36a4c2b0abe9a57580901b,4d6b8cb1d482e5066f9ca575ebd3b67af4a32562
sup,100x,ATCC_10708__202309,seqkit-barbell,12,85.6779085594884,True,True,False,1.0,ee7a50a277fef6153a1cc05f9cc2afd227e940efbd36a4c2b0abe9a57580901b,4d6b8cb1d482e5066f9ca575ebd3b67af4a32562
sup,100x,ATCC_10708__202309,seqkit-dorado,13,76.25358568250685,True,False,False,1.0,ee7a50a277fef6153a1cc05f9cc2afd227e940efbd36a4c2b0abe9a57580901b,4d6b8cb1d482e5066f9ca575ebd3b67af4a32562
sup,100x,ATCC_10708__202309,filtlong-dorado,14,64.96648172148852,True,True,False,1.0,ee7a50a277fef6153a1cc05f9cc2afd227e940efbd36a4c2b0abe9a57580901b,4d6b8cb1d482e5066f9ca575ebd3b67af4a32562
sup,100x,ATCC_10708__202309,filtlong-untrimmed,15,64.93544453469757,True,True,False,1.0,ee7a50a277fef6153a1cc05f9cc2afd227e940efbd36a4c2b0abe9a57580901b,4d6b8cb1d482e5066f9ca575ebd3b67af4a32562
sup,100x,ATCC_10708__202309,filtlong-porechop_abi,16,64.92310583394395,True,True,False,1.0,ee7a50a277fef6153a1cc05f9cc2afd227e940efbd36a4c2b0abe9a57580901b,4d6b8cb1d482e5066f9ca575ebd3b67af4a32562
sup,100x,ATCC_10708__202309,filtlong-barbell,17,64.12347790650148,True,True,False,1.0,ee7a50a277fef6153a1cc05f9cc2afd227e940efbd36a4c2b0abe9a57580901b,4d6b8cb1d482e5066f9ca575ebd3b67af4a32562
sup,100x,ATCC_17802__202309,chopper-porechop_abi,1,99.26694359555475,True,True,True,1.0,ee7a50a277fef6153a1cc05f9cc2afd227e940efbd36a4c2b0abe9a57580901b,4d6b8cb1d482e5066f9ca575ebd3b67af4a32562
sup,100x,ATCC_17802__202309,fastplong-all,2,99.16191442693903,True,True,False,1.0,ee7a50a277fef6153a1cc05f9cc2afd227e940efbd36a4c2b0abe9a57580901b,4d6b8cb1d482e5066f9ca575ebd3b67af4a32562
sup,100x,ATCC_17802__202309,unprocessed-dorado,3,99.05229300481889,True,True,False,1.0,ee7a50a277fef6153a1cc05f9cc2afd227e940efbd36a4c2b0abe9a57580901b,4d6b8cb1d482e5066f9ca575ebd3b67af4a32562
sup,100x,ATCC_17802__202309,seqkit-porechop_abi,4,99.0294888525745,True,True,False,1.0,ee7a50a277fef6153a1cc05f9cc2afd227e940efbd36a4c2b0abe9a57580901b,4d6b8cb1d482e5066f9ca575ebd3b67af4a32562
sup,100x,ATCC_17802__202309,chopper-barbell,5,98.63904960191162,True,True,False,1.0,ee7a50a277fef6153a1cc05f9cc2afd227e940efbd36a4c2b0abe9a57580901b,4d6b8cb1d482e5066f9ca575ebd3b67af4a32562
sup,100x,ATCC_17802__202309,unprocessed-untrimmed,6,97.6848495333483,True,True,False,1.0,ee7a50a277fef6153a1cc05f9cc2afd227e940efbd36a4c2b0abe9a57580901b,4d6b8cb1d482e5066f9ca575ebd3b67af4a32562
sup,100x,ATCC_17802__202309,seqkit-untrimmed,7,96.5364306984002,True,False,False,1.0,ee7a50a277fef6153a1cc05f9cc2afd227e940efbd36a4c2b0abe9a57580901b,4d6b8cb1d482e5066f9ca575ebd3b67af4a32562
sup,100x,ATCC_17802__202309,chopper-dorado,8,87.57195499649964,True,True,False,1.0,ee7a50a277fef6153a1cc05f9cc2afd227e940efbd36a4c2b0abe9a57580901b,4d6b8cb1d482e5066f9ca575ebd3b67af4a32562
sup,100x,ATCC_17802__202309,unprocessed-barbell,9,87.53536765561086,True,True,False,1.0,ee7a50a277fef6153a1cc05f9cc2afd227e940efbd36a4c2b0abe9a57580901b,4d6b8cb1d482e5066f9ca575ebd3b67af4a32562
sup,100x,ATCC_17802__202309,unprocessed-porechop_abi,10,87.47821255733892,True,True,False,1.0,ee7a50a277fef6153a1cc05f9cc2afd227e940efbd36a4c2b0abe9a57580901b,4d6b8cb1d482e5066f9ca575ebd3b67af4a32562
sup,100x,ATCC_17802__202309,seqkit-barbell,11,85.63452036073309,True,True,False,1.0,ee7a50a277fef6153a1cc05f9cc2afd227e940efbd36a4c2b0abe9a57580901b,4d6b8cb1d482e5066f9ca575ebd3b67af4a32562
sup,100x,ATCC_17802__202309,chopper-untrimmed,12,84.69073738359522,True,True,False,1.0,ee7a50a277fef6153a1cc05f9cc2afd227e940efbd36a4c2b0abe9a57580901b,4d6b8cb1d482e5066f9ca575ebd3b67af4a32562
sup,100x,ATCC_17802__202309,seqkit-dorado,13,76.21932775185091,True,False,False,1.0,ee7a50a277fef6153a1cc05f9cc2afd227e940efbd36a4c2b0abe9a57580901b,4d6b8cb1d482e5066f9ca575ebd3b67af4a32562
sup,100x,ATCC_17802__202309,filtlong-dorado,14,64.92766339423542,True,True,False,1.0,ee7a50a277fef6153a1cc05f9cc2afd227e940efbd36a4c2b0abe9a57580901b,4d6b8cb1d482e5066f9ca575ebd3b67af4a32562
sup,100x,ATCC_17802__202309,filtlong-untrimmed,15,64.89662620744446,True,True,False,1.0,ee7a50a277fef6153a1cc05f9cc2afd227e940efbd36a4c2b0abe9a57580901b,4d6b8cb1d482e5066f9ca575ebd3b67af4a32562
sup,100x,ATCC_17802__202309,filtlong-porechop_abi,16,64.88428750669085,True,True,False,1.0,ee7a50a277fef6153a1cc05f9cc2afd227e940efbd36a4c2b0abe9a57580901b,4d6b8cb1d482e5066f9ca575ebd3b67af4a32562
sup,100x,ATCC_17802__202309,filtlong-barbell,17,64.07552538887995,True,True,False,1.0,ee7a50a277fef6153a1cc05f9cc2afd227e940efbd36a4c2b0abe9a57580901b,4d6b8cb1d482e5066f9ca575ebd3b67af4a32562
sup,100x,ATCC_19119__202309,chopper-porechop_abi,1,99.31263364794319,True,True,True,1.0,ee7a50a277fef6153a1cc05f9cc2afd227e940efbd36a4c2b0abe9a57580901b,4d6b8cb1d482e5066f9ca575ebd3b67af4a32562
sup,100x,ATCC_19119__202309,fastplong-all,2,99.20302459921083,True,True,False,1.0,ee7a50a277fef6153a1cc05f9cc2afd227e940efbd36a4c2b0abe9a57580901b,4d6b8cb1d482e5066f9ca575ebd3b67af4a32562
sup,100x,ATCC_19119__202309,unprocessed-dorado,3,99.1116774880353,True,True,False,1.0,ee7a50a277fef6153a1cc05f9cc2afd227e940efbd36a4c2b0abe9a57580901b,4d6b8cb1d482e5066f9ca575ebd3b67af4a32562
sup,100x,ATCC_19119__202309,seqkit-porechop_abi,4,99.10028571320424,True,True,False,1.0,ee7a50a277fef6153a1cc05f9cc2afd227e940efbd36a4c2b0abe9a57580901b,4d6b8cb1d482e5066f9ca575ebd3b67af4a32562
sup,100x,ATCC_19119__202309,chopper-barbell,5,98.6915781525236,True,True,False,1.0,ee7a50a277fef6153a1cc05f9cc2afd227e940efbd36a4c2b0abe9a57580901b,4d6b8cb1d482e5066f9ca575ebd3b67af4a32562
sup,100x,ATCC_19119__202309,seqkit-untrimmed,6,97.83997717658247,True,True,False,1.0,ee7a50a277fef6153a1cc05f9cc2afd227e940efbd36a4c2b0abe9a57580901b,4d6b8cb1d482e5066f9ca575ebd3b67af4a32562
sup,100x,ATCC_19119__202309,unprocessed-untrimmed,7,96.34935931598271,True,False,False,1.0,ee7a50a277fef6153a1cc05f9cc2afd227e940efbd36a4c2b0abe9a57580901b,4d6b8cb1d482e5066f9ca575ebd3b67af4a32562
sup,100x,ATCC_19119__202309,chopper-dorado,8,87.61992063102423,True,True,False,1.0,ee7a50a277fef6153a1cc05f9cc2afd227e940efbd36a4c2b0abe9a57580901b,4d6b8cb1d482e5066f9ca575ebd3b67af4a32562
sup,100x,ATCC_19119__202309,unprocessed-barbell,9,87.56277900394058,True,True,False,1.0,ee7a50a277fef6153a1cc05f9cc2afd227e940efbd36a4c2b0abe9a57580901b,4d6b8cb1d482e5066f9ca575ebd3b67af4a32562
sup,100x,ATCC_19119__202309,unprocessed-porechop_abi,10,87.52160856333023,True,True,False,1.0,ee7a50a277fef6153a1cc05f9cc2afd227e940efbd36a4c2b0abe9a57580901b,4d6b8cb1d482e5066f9ca575ebd3b67af4a32562
sup,100x,ATCC_19119__202309,seqkit-barbell,11,85.66877921448936,True,True,False,1.0,ee7a50a277fef6153a1cc05f9cc2afd227e940efbd36a4c2b0abe9a57580901b,4d6b8cb1d482e5066f9ca575ebd3b67af4a32562
sup,100x,ATCC_19119__202309,chopper-untrimmed,12,84.72956569350195,True,True,False,1.0,ee7a50a277fef6153a1cc05f9cc2afd227e940efbd36a4c2b0abe9a57580901b,4d6b8cb1d482e5066f9ca575ebd3b67af4a32562
sup,100x,ATCC_19119__202309,seqkit-dorado,13,76.28327587735771,True,False,False,1.0,ee7a50a277fef6153a1cc05f9cc2afd227e940efbd36a4c2b0abe9a57580901b,4d6b8cb1d482e5066f9ca575ebd3b67af4a32562
sup,100x,ATCC_19119__202309,filtlong-dorado,14,64.95736372568022,True,True,False,1.0,ee7a50a277fef6153a1cc05f9cc2afd227e940efbd36a4c2b0abe9a57580901b,4d6b8cb1d482e5066f9ca575ebd3b67af4a32562
sup,100x,ATCC_19119__202309,filtlong-untrimmed,15,64.92632528869618,True,True,False,1.0,ee7a50a277fef6153a1cc05f9cc2afd227e940efbd36a4c2b0abe9a57580901b,4d6b8cb1d482e5066f9ca575ebd3b67af4a32562
sup,100x,ATCC_19119__202309,filtlong-porechop_abi,16,64.91398783813567,True,True,False,1.0,ee7a50a277fef6153a1cc05f9cc2afd227e940efbd36a4c2b0abe9a57580901b,4d6b8cb1d482e5066f9ca575ebd3b67af4a32562
sup,100x,ATCC_19119__202309,filtlong-barbell,17,64.11664449421961,True,True,False,1.0,ee7a50a277fef6153a1cc05f9cc2afd227e940efbd36a4c2b0abe9a57580901b,4d6b8cb1d482e5066f9ca575ebd3b67af4a32562
sup,100x,ATCC_25922__202309,chopper-porechop_abi,1,99.26696444953956,True,True,True,1.0,ee7a50a277fef6153a1cc05f9cc2afd227e940efbd36a4c2b0abe9a57580901b,4d6b8cb1d482e5066f9ca575ebd3b67af4a32562
sup,100x,ATCC_25922__202309,chopper-dorado,2,99.16422592267331,True,True,False,1.0,ee7a50a277fef6153a1cc05f9cc2afd227e940efbd36a4c2b0abe9a57580901b,4d6b8cb1d482e5066f9ca575ebd3b67af4a32562
sup,100x,ATCC_25922__202309,fastplong-all,3,99.15280108907137,True,True,False,1.0,ee7a50a277fef6153a1cc05f9cc2afd227e940efbd36a4c2b0abe9a57580901b,4d6b8cb1d482e5066f9ca575ebd3b67af4a32562
sup,100x,ATCC_25922__202309,unprocessed-dorado,4,99.0568808672986,True,True,False,1.0,ee7a50a277fef6153a1cc05f9cc2afd227e940efbd36a4c2b0abe9a57580901b,4d6b8cb1d482e5066f9ca575ebd3b67af4a32562
sup,100x,ATCC_25922__202309,seqkit-porechop_abi,5,99.02493778252231,True,True,False,1.0,ee7a50a277fef6153a1cc05f9cc2afd227e940efbd36a4c2b0abe9a57580901b,4d6b8cb1d482e5066f9ca575ebd3b67af4a32562
sup,100x,ATCC_25922__202309,unprocessed-barbell,6,99.01803616906726,True,True,False,1.0,ee7a50a277fef6153a1cc05f9cc2afd227e940efbd36a4c2b0abe9a57580901b,4d6b8cb1d482e5066f9ca575ebd3b67af4a32562
sup,100x,ATCC_25922__202309,chopper-barbell,7,98.63450620755653,True,True,False,1.0,ee7a50a277fef6153a1cc05f9cc2afd227e940efbd36a4c2b0abe9a57580901b,4d6b8cb1d482e5066f9ca575ebd3b67af4a32562
sup,100x,ATCC_25922__202309,seqkit-barbell,8,97.14458969056808,True,True,False,1.0,ee7a50a277fef6153a1cc05f9cc2afd227e940efbd36a4c2b0abe9a57580901b,4d6b8cb1d482e5066f9ca575ebd3b67af4a32562
sup,100x,ATCC_25922__202309,seqkit-untrimmed,9,96.44968031562148,True,True,False,1.0,ee7a50a277fef6153a1cc05f9cc2afd227e940efbd36a4c2b0abe9a57580901b,4d6b8cb1d482e5066f9ca575ebd3b67af4a32562
sup,100x,ATCC_25922__202309,unprocessed-untrimmed,10,96.33109925023514,True,True,False,1.0,ee7a50a277fef6153a1cc05f9cc2afd227e940efbd36a4c2b0abe9a57580901b,4d6b8cb1d482e5066f9ca575ebd3b67af4a32562
sup,100x,ATCC_25922__202309,filtlong-dorado,11,87.85644759524685,True,True,False,1.0,ee7a50a277fef6153a1cc05f9cc2afd227e940efbd36a4c2b0abe9a57580901b,4d6b8cb1d482e5066f9ca575ebd3b67af4a32562
sup,100x,ATCC_25922__202309,filtlong-porechop_abi,12,87.83362101872301,True,True,False,1.0,ee7a50a277fef6153a1cc05f9cc2afd227e940efbd36a4c2b0abe9a57580901b,4d6b8cb1d482e5066f9ca575ebd3b67af4a32562
sup,100x,ATCC_25922__202309,filtlong-untrimmed,13,87.82540983094503,True,True,False,1.0,ee7a50a277fef6153a1cc05f9cc2afd227e940efbd36a4c2b0abe9a57580901b,4d6b8cb1d482e5066f9ca575ebd3b67af4a32562
sup,100x,ATCC_25922__202309,seqkit-dorado,14,87.6814456018143,True,True,False,1.0,ee7a50a277fef6153a1cc05f9cc2afd227e940efbd36a4c2b0abe9a57580901b,4d6b8cb1d482e5066f9ca575ebd3b67af4a32562
sup,100x,ATCC_25922__202309,unprocessed-porechop_abi,15,87.50790437201498,True,True,False,1.0,ee7a50a277fef6153a1cc05f9cc2afd227e940efbd36a4c2b0abe9a57580901b,4d6b8cb1d482e5066f9ca575ebd3b67af4a32562
sup,100x,ATCC_25922__202309,filtlong-barbell,16,87.04312714650244,True,True,False,1.0,ee7a50a277fef6153a1cc05f9cc2afd227e940efbd36a4c2b0abe9a57580901b,4d6b8cb1d482e5066f9ca575ebd3b67af4a32562
sup,100x,ATCC_25922__202309,chopper-untrimmed,17,84.6724847781294,True,False,False,1.0,ee7a50a277fef6153a1cc05f9cc2afd227e940efbd36a4c2b0abe9a57580901b,4d6b8cb1d482e5066f9ca575ebd3b67af4a32562
sup,100x,ATCC_33560__202309,chopper-porechop_abi,1,99.34686608614433,True,True,True,1.0,ee7a50a277fef6153a1cc05f9cc2afd227e940efbd36a4c2b0abe9a57580901b,4d6b8cb1d482e5066f9ca575ebd3b67af4a32562
sup,100x,ATCC_33560__202309,fastplong-all,2,99.31490312271485,True,True,False,1.0,ee7a50a277fef6153a1cc05f9cc2afd227e940efbd36a4c2b0abe9a57580901b,4d6b8cb1d482e5066f9ca575ebd3b67af4a32562
sup,100x,ATCC_33560__202309,unprocessed-dorado,3,99.1322121129363,True,True,False,1.0,ee7a50a277fef6153a1cc05f9cc2afd227e940efbd36a4c2b0abe9a57580901b,4d6b8cb1d482e5066f9ca575ebd3b67af4a32562
sup,100x,ATCC_33560__202309,seqkit-porechop_abi,4,99.11854381946233,True,True,False,1.0,ee7a50a277fef6153a1cc05f9cc2afd227e940efbd36a4c2b0abe9a57580901b,4d6b8cb1d482e5066f9ca575ebd3b67af4a32562
sup,100x,ATCC_33560__202309,chopper-barbell,5,98.77148875916787,True,True,False,1.0,ee7a50a277fef6153a1cc05f9cc2afd227e940efbd36a4c2b0abe9a57580901b,4d6b8cb1d482e5066f9ca575ebd3b67af4a32562
sup,100x,ATCC_33560__202309,seqkit-untrimmed,6,96.59580319970031,True,True,False,1.0,ee7a50a277fef6153a1cc05f9cc2afd227e940efbd36a4c2b0abe9a57580901b,4d6b8cb1d482e5066f9ca575ebd3b67af4a32562
sup,100x,ATCC_33560__202309,unprocessed-untrimmed,7,96.42241867243389,True,True,False,1.0,ee7a50a277fef6153a1cc05f9cc2afd227e940efbd36a4c2b0abe9a57580901b,4d6b8cb1d482e5066f9ca575ebd3b67af4a32562
sup,100x,ATCC_33560__202309,unprocessed-barbell,8,87.676937047689,True,True,False,1.0,ee7a50a277fef6153a1cc05f9cc2afd227e940efbd36a4c2b0abe9a57580901b,4d6b8cb1d482e5066f9ca575ebd3b67af4a32562
sup,100x,ATCC_33560__202309,chopper-dorado,9,87.66100669250926,True,True,False,1.0,ee7a50a277fef6153a1cc05f9cc2afd227e940efbd36a4c2b0abe9a57580901b,4d6b8cb1d482e5066f9ca575ebd3b67af4a32562
sup,100x,ATCC_33560__202309,unprocessed-porechop_abi,10,87.61749712520144,True,True,False,1.0,ee7a50a277fef6153a1cc05f9cc2afd227e940efbd36a4c2b0abe9a57580901b,4d6b8cb1d482e5066f9ca575ebd3b67af4a32562
sup,100x,ATCC_33560__202309,seqkit-barbell,11,85.71215773799341,True,True,False,1.0,ee7a50a277fef6153a1cc05f9cc2afd227e940efbd36a4c2b0abe9a57580901b,4d6b8cb1d482e5066f9ca575ebd3b67af4a32562
sup,100x,ATCC_33560__202309,chopper-untrimmed,12,84.79577411230832,True,True,False,1.0,ee7a50a277fef6153a1cc05f9cc2afd227e940efbd36a4c2b0abe9a57580901b,4d6b8cb1d482e5066f9ca575ebd3b67af4a32562
sup,100x,ATCC_33560__202309,seqkit-dorado,13,76.29467766786458,True,False,False,1.0,ee7a50a277fef6153a1cc05f9cc2afd227e940efbd36a4c2b0abe9a57580901b,4d6b8cb1d482e5066f9ca575ebd3b67af4a32562
sup,100x,ATCC_33560__202309,filtlong-dorado,14,65.04276334499409,True,True,False,1.0,ee7a50a277fef6153a1cc05f9cc2afd227e940efbd36a4c2b0abe9a57580901b,4d6b8cb1d482e5066f9ca575ebd3b67af4a32562
sup,100x,ATCC_33560__202309,filtlong-untrimmed,15,64.96969399704636,True,True,False,1.0,ee7a50a277fef6153a1cc05f9cc2afd227e940efbd36a4c2b0abe9a57580901b,4d6b8cb1d482e5066f9ca575ebd3b67af4a32562
sup,100x,ATCC_33560__202309,filtlong-porechop_abi,16,64.95735529629277,True,True,False,1.0,ee7a50a277fef6153a1cc05f9cc2afd227e940efbd36a4c2b0abe9a57580901b,4d6b8cb1d482e5066f9ca575ebd3b67af4a32562
sup,100x,ATCC_33560__202309,filtlong-barbell,17,64.2171002273869,True,True,False,1.0,ee7a50a277fef6153a1cc05f9cc2afd227e940efbd36a4c2b0abe9a57580901b,4d6b8cb1d482e5066f9ca575ebd3b67af4a32562
sup,100x,ATCC_35221__202309,chopper-porechop_abi,1,99.52953862013618,True,True,True,1.0,ee7a50a277fef6153a1cc05f9cc2afd227e940efbd36a4c2b0abe9a57580901b,4d6b8cb1d482e5066f9ca575ebd3b67af4a32562
sup,100x,ATCC_35221__202309,fastplong-all,2,99.41994714705143,True,True,False,1.0,ee7a50a277fef6153a1cc05f9cc2afd227e940efbd36a4c2b0abe9a57580901b,4d6b8cb1d482e5066f9ca575ebd3b67af4a32562
sup,100x,ATCC_35221__202309,unprocessed-dorado,3,99.29890820122951,True,True,False,1.0,ee7a50a277fef6153a1cc05f9cc2afd227e940efbd36a4c2b0abe9a57580901b,4d6b8cb1d482e5066f9ca575ebd3b67af4a32562
sup,100x,ATCC_35221__202309,seqkit-porechop_abi,4,99.27381876529321,True,True,False,1.0,ee7a50a277fef6153a1cc05f9cc2afd227e940efbd36a4c2b0abe9a57580901b,4d6b8cb1d482e5066f9ca575ebd3b67af4a32562
sup,100x,ATCC_35221__202309,chopper-barbell,5,99.0368281182809,True,True,False,1.0,ee7a50a277fef6153a1cc05f9cc2afd227e940efbd36a4c2b0abe9a57580901b,4d6b8cb1d482e5066f9ca575ebd3b67af4a32562
sup,100x,ATCC_35221__202309,seqkit-untrimmed,6,96.59124481219786,True,True,False,1.0,ee7a50a277fef6153a1cc05f9cc2afd227e940efbd36a4c2b0abe9a57580901b,4d6b8cb1d482e5066f9ca575ebd3b67af4a32562
sup,100x,ATCC_35221__202309,unprocessed-untrimmed,7,96.5799769515981,True,True,False,1.0,ee7a50a277fef6153a1cc05f9cc2afd227e940efbd36a4c2b0abe9a57580901b,4d6b8cb1d482e5066f9ca575ebd3b67af4a32562
sup,100x,ATCC_35221__202309,chopper-dorado,8,87.93502151142579,True,True,False,1.0,ee7a50a277fef6153a1cc05f9cc2afd227e940efbd36a4c2b0abe9a57580901b,4d6b8cb1d482e5066f9ca575ebd3b67af4a32562
sup,100x,ATCC_35221__202309,unprocessed-barbell,9,87.77971944524344,True,True,False,1.0,ee7a50a277fef6153a1cc05f9cc2afd227e940efbd36a4c2b0abe9a57580901b,4d6b8cb1d482e5066f9ca575ebd3b67af4a32562
sup,100x,ATCC_35221__202309,unprocessed-porechop_abi,10,87.67688102262366,True,True,False,1.0,ee7a50a277fef6153a1cc05f9cc2afd227e940efbd36a4c2b0abe9a57580901b,4d6b8cb1d482e5066f9ca575ebd3b67af4a32562
sup,100x,ATCC_35221__202309,seqkit-barbell,11,85.80121842899663,True,True,False,1.0,ee7a50a277fef6153a1cc05f9cc2afd227e940efbd36a4c2b0abe9a57580901b,4d6b8cb1d482e5066f9ca575ebd3b67af4a32562
sup,100x,ATCC_35221__202309,chopper-untrimmed,12,84.92595554512717,True,True,False,1.0,ee7a50a277fef6153a1cc05f9cc2afd227e940efbd36a4c2b0abe9a57580901b,4d6b8cb1d482e5066f9ca575ebd3b67af4a32562
sup,100x,ATCC_35221__202309,seqkit-dorado,13,76.44767340827542,True,False,False,1.0,ee7a50a277fef6153a1cc05f9cc2afd227e940efbd36a4c2b0abe9a57580901b,4d6b8cb1d482e5066f9ca575ebd3b67af4a32562
sup,100x,ATCC_35221__202309,filtlong-untrimmed,14,65.2094615756843,True,True,False,1.0,ee7a50a277fef6153a1cc05f9cc2afd227e940efbd36a4c2b0abe9a57580901b,4d6b8cb1d482e5066f9ca575ebd3b67af4a32562
sup,100x,ATCC_35221__202309,filtlong-porechop_abi,15,65.15373954159737,True,True,False,1.0,ee7a50a277fef6153a1cc05f9cc2afd227e940efbd36a4c2b0abe9a57580901b,4d6b8cb1d482e5066f9ca575ebd3b67af4a32562
sup,100x,ATCC_35221__202309,filtlong-dorado,16,65.15144393879721,True,True,False,1.0,ee7a50a277fef6153a1cc05f9cc2afd227e940efbd36a4c2b0abe9a57580901b,4d6b8cb1d482e5066f9ca575ebd3b67af4a32562
sup,100x,ATCC_35221__202309,filtlong-barbell,17,64.65092806461506,True,True,False,1.0,ee7a50a277fef6153a1cc05f9cc2afd227e940efbd36a4c2b0abe9a57580901b,4d6b8cb1d482e5066f9ca575ebd3b67af4a32562
sup,100x,ATCC_35897__202309,chopper-porechop_abi,1,99.27379322760771,True,True,True,1.0,ee7a50a277fef6153a1cc05f9cc2afd227e940efbd36a4c2b0abe9a57580901b,4d6b8cb1d482e5066f9ca575ebd3b67af4a32562
sup,100x,ATCC_35897__202309,fastplong-all,2,99.18246567274815,True,True,False,1.0,ee7a50a277fef6153a1cc05f9cc2afd227e940efbd36a4c2b0abe9a57580901b,4d6b8cb1d482e5066f9ca575ebd3b67af4a32562
sup,100x,ATCC_35897__202309,unprocessed-dorado,3,99.06828172046424,True,True,False,1.0,ee7a50a277fef6153a1cc05f9cc2afd227e940efbd36a4c2b0abe9a57580901b,4d6b8cb1d482e5066f9ca575ebd3b67af4a32562
sup,100x,ATCC_35897__202309,seqkit-porechop_abi,4,99.05004463151582,True,True,False,1.0,ee7a50a277fef6153a1cc05f9cc2afd227e940efbd36a4c2b0abe9a57580901b,4d6b8cb1d482e5066f9ca575ebd3b67af4a32562
sup,100x,ATCC_35897__202309,chopper-barbell,5,98.65504093309534,True,True,False,1.0,ee7a50a277fef6153a1cc05f9cc2afd227e940efbd36a4c2b0abe9a57580901b,4d6b8cb1d482e5066f9ca575ebd3b67af4a32562
sup,100x,ATCC_35897__202309,seqkit-untrimmed,6,96.44281944624873,True,True,False,1.0,ee7a50a277fef6153a1cc05f9cc2afd227e940efbd36a4c2b0abe9a57580901b,4d6b8cb1d482e5066f9ca575ebd3b67af4a32562
sup,100x,ATCC_35897__202309,unprocessed-untrimmed,7,96.32880275296955,True,True,False,1.0,ee7a50a277fef6153a1cc05f9cc2afd227e940efbd36a4c2b0abe9a57580901b,4d6b8cb1d482e5066f9ca575ebd3b67af4a32562
sup,100x,ATCC_35897__202309,chopper-dorado,8,87.57424373363764,True,True,False,1.0,ee7a50a277fef6153a1cc05f9cc2afd227e940efbd36a4c2b0abe9a57580901b,4d6b8cb1d482e5066f9ca575ebd3b67af4a32562
sup,100x,ATCC_35897__202309,unprocessed-barbell,9,87.5262379245936,True,True,False,1.0,ee7a50a277fef6153a1cc05f9cc2afd227e940efbd36a4c2b0abe9a57580901b,4d6b8cb1d482e5066f9ca575ebd3b67af4a32562
sup,100x,ATCC_35897__202309,unprocessed-porechop_abi,10,87.51703416632984,True,True,False,1.0,ee7a50a277fef6153a1cc05f9cc2afd227e940efbd36a4c2b0abe9a57580901b,4d6b8cb1d482e5066f9ca575ebd3b67af4a32562
sup,100x,ATCC_35897__202309,seqkit-barbell,11,85.63680731787517,True,True,False,1.0,ee7a50a277fef6153a1cc05f9cc2afd227e940efbd36a4c2b0abe9a57580901b,4d6b8cb1d482e5066f9ca575ebd3b67af4a32562
sup,100x,ATCC_35897__202309,chopper-untrimmed,12,84.71585961956913,True,True,False,1.0,ee7a50a277fef6153a1cc05f9cc2afd227e940efbd36a4c2b0abe9a57580901b,4d6b8cb1d482e5066f9ca575ebd3b67af4a32562
sup,100x,ATCC_35897__202309,seqkit-dorado,13,76.20562560390793,True,False,False,1.0,ee7a50a277fef6153a1cc05f9cc2afd227e940efbd36a4c2b0abe9a57580901b,4d6b8cb1d482e5066f9ca575ebd3b67af4a32562
sup,100x,ATCC_35897__202309,filtlong-dorado,14,64.90939372259072,True,True,False,1.0,ee7a50a277fef6153a1cc05f9cc2afd227e940efbd36a4c2b0abe9a57580901b,4d6b8cb1d482e5066f9ca575ebd3b67af4a32562
sup,100x,ATCC_35897__202309,filtlong-untrimmed,15,64.87835653579975,True,True,False,1.0,ee7a50a277fef6153a1cc05f9cc2afd227e940efbd36a4c2b0abe9a57580901b,4d6b8cb1d482e5066f9ca575ebd3b67af4a32562
sup,100x,ATCC_35897__202309,filtlong-porechop_abi,16,64.86601783504615,True,True,False,1.0,ee7a50a277fef6153a1cc05f9cc2afd227e940efbd36a4c2b0abe9a57580901b,4d6b8cb1d482e5066f9ca575ebd3b67af4a32562
sup,100x,ATCC_35897__202309,filtlong-barbell,17,64.061823240937,True,True,False,1.0,ee7a50a277fef6153a1cc05f9cc2afd227e940efbd36a4c2b0abe9a57580901b,4d6b8cb1d482e5066f9ca575ebd3b67af4a32562
sup,100x,ATCC_BAA-679__202309,chopper-porechop_abi,1,99.29663294481216,True,True,True,1.0,ee7a50a277fef6153a1cc05f9cc2afd227e940efbd36a4c2b0abe9a57580901b,4d6b8cb1d482e5066f9ca575ebd3b67af4a32562
sup,100x,ATCC_BAA-679__202309,seqkit-porechop_abi,2,99.25554066457963,True,True,False,1.0,ee7a50a277fef6153a1cc05f9cc2afd227e940efbd36a4c2b0abe9a57580901b,4d6b8cb1d482e5066f9ca575ebd3b67af4a32562
sup,100x,ATCC_BAA-679__202309,unprocessed-dorado,3,99.25094472721956,True,True,False,1.0,ee7a50a277fef6153a1cc05f9cc2afd227e940efbd36a4c2b0abe9a57580901b,4d6b8cb1d482e5066f9ca575ebd3b67af4a32562
sup,100x,ATCC_BAA-679__202309,fastplong-all,4,99.17790083554279,True,True,False,1.0,ee7a50a277fef6153a1cc05f9cc2afd227e940efbd36a4c2b0abe9a57580901b,4d6b8cb1d482e5066f9ca575ebd3b67af4a32562
sup,100x,ATCC_BAA-679__202309,chopper-barbell,5,98.64590685742235,True,True,False,1.0,ee7a50a277fef6153a1cc05f9cc2afd227e940efbd36a4c2b0abe9a57580901b,4d6b8cb1d482e5066f9ca575ebd3b67af4a32562
sup,100x,ATCC_BAA-679__202309,seqkit-untrimmed,6,96.42683034116371,True,True,False,1.0,ee7a50a277fef6153a1cc05f9cc2afd227e940efbd36a4c2b0abe9a57580901b,4d6b8cb1d482e5066f9ca575ebd3b67af4a32562
sup,100x,ATCC_BAA-679__202309,unprocessed-untrimmed,7,96.39501886443506,True,True,False,1.0,ee7a50a277fef6153a1cc05f9cc2afd227e940efbd36a4c2b0abe9a57580901b,4d6b8cb1d482e5066f9ca575ebd3b67af4a32562
sup,100x,ATCC_BAA-679__202309,chopper-dorado,8,87.6062097728371,True,True,False,1.0,ee7a50a277fef6153a1cc05f9cc2afd227e940efbd36a4c2b0abe9a57580901b,4d6b8cb1d482e5066f9ca575ebd3b67af4a32562
sup,100x,ATCC_BAA-679__202309,unprocessed-barbell,9,87.53993333499231,True,True,False,1.0,ee7a50a277fef6153a1cc05f9cc2afd227e940efbd36a4c2b0abe9a57580901b,4d6b8cb1d482e5066f9ca575ebd3b67af4a32562
sup,100x,ATCC_BAA-679__202309,unprocessed-porechop_abi,10,87.47364896594267,True,True,False,1.0,ee7a50a277fef6153a1cc05f9cc2afd227e940efbd36a4c2b0abe9a57580901b,4d6b8cb1d482e5066f9ca575ebd3b67af4a32562
sup,100x,ATCC_BAA-679__202309,seqkit-barbell,11,85.79892379092993,True,True,False,1.0,ee7a50a277fef6153a1cc05f9cc2afd227e940efbd36a4c2b0abe9a57580901b,4d6b8cb1d482e5066f9ca575ebd3b67af4a32562
sup,100x,ATCC_BAA-679__202309,chopper-untrimmed,12,84.86883942149288,True,True,False,1.0,ee7a50a277fef6153a1cc05f9cc2afd227e940efbd36a4c2b0abe9a57580901b,4d6b8cb1d482e5066f9ca575ebd3b67af4a32562
sup,100x,ATCC_BAA-679__202309,seqkit-dorado,13,76.22846141641452,True,False,False,1.0,ee7a50a277fef6153a1cc05f9cc2afd227e940efbd36a4c2b0abe9a57580901b,4d6b8cb1d482e5066f9ca575ebd3b67af4a32562
sup,100x,ATCC_BAA-679__202309,filtlong-dorado,14,64.91624496217733,True,True,False,1.0,ee7a50a277fef6153a1cc05f9cc2afd227e940efbd36a4c2b0abe9a57580901b,4d6b8cb1d482e5066f9ca575ebd3b67af4a32562
sup,100x,ATCC_BAA-679__202309,filtlong-untrimmed,15,64.88520777538638,True,True,False,1.0,ee7a50a277fef6153a1cc05f9cc2afd227e940efbd36a4c2b0abe9a57580901b,4d6b8cb1d482e5066f9ca575ebd3b67af4a32562
sup,100x,ATCC_BAA-679__202309,filtlong-porechop_abi,16,64.87286907463277,True,True,False,1.0,ee7a50a277fef6153a1cc05f9cc2afd227e940efbd36a4c2b0abe9a57580901b,4d6b8cb1d482e5066f9ca575ebd3b67af4a32562
sup,100x,ATCC_BAA-679__202309,filtlong-barbell,17,64.06867448052363,True,True,False,1.0,ee7a50a277fef6153a1cc05f9cc2afd227e940efbd36a4c2b0abe9a57580901b,4d6b8cb1d482e5066f9ca575ebd3b67af4a32562
sup,100x,BPH2947__202310,chopper-porechop_abi,1,99.264659919238,True,True,True,1.0,ee7a50a277fef6153a1cc05f9cc2afd227e940efbd36a4c2b0abe9a57580901b,4d6b8cb1d482e5066f9ca575ebd3b67af4a32562
sup,100x,BPH2947__202310,fastplong-all,2,99.16191629208367,True,True,False,1.0,ee7a50a277fef6153a1cc05f9cc2afd227e940efbd36a4c2b0abe9a57580901b,4d6b8cb1d482e5066f9ca575ebd3b67af4a32562
sup,100x,BPH2947__202310,unprocessed-porechop_abi,3,99.1459348676983,True,True,False,1.0,ee7a50a277fef6153a1cc05f9cc2afd227e940efbd36a4c2b0abe9a57580901b,4d6b8cb1d482e5066f9ca575ebd3b67af4a32562
sup,100x,BPH2947__202310,unprocessed-dorado,4,99.10024540291334,True,True,False,1.0,ee7a50a277fef6153a1cc05f9cc2afd227e940efbd36a4c2b0abe9a57580901b,4d6b8cb1d482e5066f9ca575ebd3b67af4a32562
sup,100x,BPH2947__202310,chopper-barbell,5,99.08531286680018,True,True,False,1.0,ee7a50a277fef6153a1cc05f9cc2afd227e940efbd36a4c2b0abe9a57580901b,4d6b8cb1d482e5066f9ca575ebd3b67af4a32562
sup,100x,BPH2947__202310,seqkit-porechop_abi,6,99.02948881131131,True,True,False,1.0,ee7a50a277fef6153a1cc05f9cc2afd227e940efbd36a4c2b0abe9a57580901b,4d6b8cb1d482e5066f9ca575ebd3b67af4a32562
sup,100x,BPH2947__202310,seqkit-untrimmed,7,96.44979207205292,True,True,False,1.0,ee7a50a277fef6153a1cc05f9cc2afd227e940efbd36a4c2b0abe9a57580901b,4d6b8cb1d482e5066f9ca575ebd3b67af4a32562
sup,100x,BPH2947__202310,unprocessed-untrimmed,8,96.30824639327493,True,True,False,1.0,ee7a50a277fef6153a1cc05f9cc2afd227e940efbd36a4c2b0abe9a57580901b,4d6b8cb1d482e5066f9ca575ebd3b67af4a32562
sup,100x,BPH2947__202310,chopper-untrimmed,9,96.29680651820934,True,True,False,1.0,ee7a50a277fef6153a1cc05f9cc2afd227e940efbd36a4c2b0abe9a57580901b,4d6b8cb1d482e5066f9ca575ebd3b67af4a32562
sup,100x,BPH2947__202310,seqkit-dorado,10,87.82768449439318,True,True,False,1.0,ee7a50a277fef6153a1cc05f9cc2afd227e940efbd36a4c2b0abe9a57580901b,4d6b8cb1d482e5066f9ca575ebd3b67af4a32562
sup,100x,BPH2947__202310,seqkit-barbell,11,87.63587258578418,True,True,False,1.0,ee7a50a277fef6153a1cc05f9cc2afd227e940efbd36a4c2b0abe9a57580901b,4d6b8cb1d482e5066f9ca575ebd3b67af4a32562
sup,100x,BPH2947__202310,unprocessed-barbell,12,87.59017202062527,True,True,False,1.0,ee7a50a277fef6153a1cc05f9cc2afd227e940efbd36a4c2b0abe9a57580901b,4d6b8cb1d482e5066f9ca575ebd3b67af4a32562
sup,100x,BPH2947__202310,chopper-dorado,13,87.58108798684958,True,True,False,1.0,ee7a50a277fef6153a1cc05f9cc2afd227e940efbd36a4c2b0abe9a57580901b,4d6b8cb1d482e5066f9ca575ebd3b67af4a32562
sup,100x,BPH2947__202310,filtlong-dorado,14,76.37606216681068,True,True,False,1.0,ee7a50a277fef6153a1cc05f9cc2afd227e940efbd36a4c2b0abe9a57580901b,4d6b8cb1d482e5066f9ca575ebd3b67af4a32562
sup,100x,BPH2947__202310,filtlong-untrimmed,15,76.34502498001973,True,True,False,1.0,ee7a50a277fef6153a1cc05f9cc2afd227e940efbd36a4c2b0abe9a57580901b,4d6b8cb1d482e5066f9ca575ebd3b67af4a32562
sup,100x,BPH2947__202310,filtlong-porechop_abi,16,76.33268627926611,True,True,False,1.0,ee7a50a277fef6153a1cc05f9cc2afd227e940efbd36a4c2b0abe9a57580901b,4d6b8cb1d482e5066f9ca575ebd3b67af4a32562
sup,100x,BPH2947__202310,filtlong-barbell,17,75.84817395433524,True,True,False,1.0,ee7a50a277fef6153a1cc05f9cc2afd227e940efbd36a4c2b0abe9a57580901b,4d6b8cb1d482e5066f9ca575ebd3b67af4a32562
sup,100x,MMC234__202311,chopper-porechop_abi,1,99.40166982631473,True,True,True,1.0,ee7a50a277fef6153a1cc05f9cc2afd227e940efbd36a4c2b0abe9a57580901b,4d6b8cb1d482e5066f9ca575ebd3b67af4a32562
sup,100x,MMC234__202311,fastplong-all,2,99.26239516223879,True,True,False,1.0,ee7a50a277fef6153a1cc05f9cc2afd227e940efbd36a4c2b0abe9a57580901b,4d6b8cb1d482e5066f9ca575ebd3b67af4a32562
sup,100x,MMC234__202311,unprocessed-dorado,3,99.16875290573677,True,True,False,1.0,ee7a50a277fef6153a1cc05f9cc2afd227e940efbd36a4c2b0abe9a57580901b,4d6b8cb1d482e5066f9ca575ebd3b67af4a32562
sup,100x,MMC234__202311,seqkit-porechop_abi,4,99.12996753697954,True,True,False,1.0,ee7a50a277fef6153a1cc05f9cc2afd227e940efbd36a4c2b0abe9a57580901b,4d6b8cb1d482e5066f9ca575ebd3b67af4a32562
sup,100x,MMC234__202311,chopper-barbell,5,98.76464903793152,True,True,False,1.0,ee7a50a277fef6153a1cc05f9cc2afd227e940efbd36a4c2b0abe9a57580901b,4d6b8cb1d482e5066f9ca575ebd3b67af4a32562
sup,100x,MMC234__202311,seqkit-untrimmed,6,96.52046190589091,True,True,False,1.0,ee7a50a277fef6153a1cc05f9cc2afd227e940efbd36a4c2b0abe9a57580901b,4d6b8cb1d482e5066f9ca575ebd3b67af4a32562
sup,100x,MMC234__202311,unprocessed-untrimmed,7,96.44982125386626,True,True,False,1.0,ee7a50a277fef6153a1cc05f9cc2afd227e940efbd36a4c2b0abe9a57580901b,4d6b8cb1d482e5066f9ca575ebd3b67af4a32562
sup,100x,MMC234__202311,chopper-dorado,8,87.65188462070675,True,True,False,1.0,ee7a50a277fef6153a1cc05f9cc2afd227e940efbd36a4c2b0abe9a57580901b,4d6b8cb1d482e5066f9ca575ebd3b67af4a32562
sup,100x,MMC234__202311,unprocessed-barbell,9,87.6426957538796,True,True,False,1.0,ee7a50a277fef6153a1cc05f9cc2afd227e940efbd36a4c2b0abe9a57580901b,4d6b8cb1d482e5066f9ca575ebd3b67af4a32562
sup,100x,MMC234__202311,unprocessed-porechop_abi,10,87.56499494797872,True,True,False,1.0,ee7a50a277fef6153a1cc05f9cc2afd227e940efbd36a4c2b0abe9a57580901b,4d6b8cb1d482e5066f9ca575ebd3b67af4a32562
sup,100x,MMC234__202311,seqkit-barbell,11,85.78523311085065,True,True,False,1.0,ee7a50a277fef6153a1cc05f9cc2afd227e940efbd36a4c2b0abe9a57580901b,4d6b8cb1d482e5066f9ca575ebd3b67af4a32562
sup,100x,MMC234__202311,chopper-untrimmed,12,84.8026295078188,True,True,False,1.0,ee7a50a277fef6153a1cc05f9cc2afd227e940efbd36a4c2b0abe9a57580901b,4d6b8cb1d482e5066f9ca575ebd3b67af4a32562
sup,100x,MMC234__202311,seqkit-dorado,13,76.37003669468633,True,False,False,1.0,ee7a50a277fef6153a1cc05f9cc2afd227e940efbd36a4c2b0abe9a57580901b,4d6b8cb1d482e5066f9ca575ebd3b67af4a32562
sup,100x,MMC234__202311,filtlong-dorado,14,65.03500519670506,True,True,False,1.0,ee7a50a277fef6153a1cc05f9cc2afd227e940efbd36a4c2b0abe9a57580901b,4d6b8cb1d482e5066f9ca575ebd3b67af4a32562
sup,100x,MMC234__202311,filtlong-porechop_abi,15,64.99162930916049,True,True,False,1.0,ee7a50a277fef6153a1cc05f9cc2afd227e940efbd36a4c2b0abe9a57580901b,4d6b8cb1d482e5066f9ca575ebd3b67af4a32562
sup,100x,MMC234__202311,filtlong-untrimmed,16,64.9811330212407,True,True,False,1.0,ee7a50a277fef6153a1cc05f9cc2afd227e940efbd36a4c2b0abe9a57580901b,4d6b8cb1d482e5066f9ca575ebd3b67af4a32562
sup,100x,MMC234__202311,filtlong-barbell,17,64.1760163930446,True,True,False,1.0,ee7a50a277fef6153a1cc05f9cc2afd227e940efbd36a4c2b0abe9a57580901b,4d6b8cb1d482e5066f9ca575ebd3b67af4a32562
sup,100x,RDH275__202311,chopper-porechop_abi,1,99.28294192608877,True,True,True,1.0,ee7a50a277fef6153a1cc05f9cc2afd227e940efbd36a4c2b0abe9a57580901b,4d6b8cb1d482e5066f9ca575ebd3b67af4a32562
sup,100x,RDH275__202311,fastplong-all,2,99.22357682578448,True,True,False,1.0,ee7a50a277fef6153a1cc05f9cc2afd227e940efbd36a4c2b0abe9a57580901b,4d6b8cb1d482e5066f9ca575ebd3b67af4a32562
sup,100x,RDH275__202311,unprocessed-dorado,3,99.06829408707522,True,True,False,1.0,ee7a50a277fef6153a1cc05f9cc2afd227e940efbd36a4c2b0abe9a57580901b,4d6b8cb1d482e5066f9ca575ebd3b67af4a32562
sup,100x,RDH275__202311,seqkit-porechop_abi,4,99.0546196594068,True,True,False,1.0,ee7a50a277fef6153a1cc05f9cc2afd227e940efbd36a4c2b0abe9a57580901b,4d6b8cb1d482e5066f9ca575ebd3b67af4a32562
sup,100x,RDH275__202311,chopper-barbell,5,98.65504996756455,True,True,False,1.0,ee7a50a277fef6153a1cc05f9cc2afd227e940efbd36a4c2b0abe9a57580901b,4d6b8cb1d482e5066f9ca575ebd3b67af4a32562
sup,100x,RDH275__202311,seqkit-untrimmed,6,97.83541837657886,True,True,False,1.0,ee7a50a277fef6153a1cc05f9cc2afd227e940efbd36a4c2b0abe9a57580901b,4d6b8cb1d482e5066f9ca575ebd3b67af4a32562
sup,100x,RDH275__202311,unprocessed-untrimmed,7,97.70312581059278,True,True,False,1.0,ee7a50a277fef6153a1cc05f9cc2afd227e940efbd36a4c2b0abe9a57580901b,4d6b8cb1d482e5066f9ca575ebd3b67af4a32562
sup,100x,RDH275__202311,chopper-dorado,8,87.57195666367151,True,True,False,1.0,ee7a50a277fef6153a1cc05f9cc2afd227e940efbd36a4c2b0abe9a57580901b,4d6b8cb1d482e5066f9ca575ebd3b67af4a32562
sup,100x,RDH275__202311,unprocessed-barbell,9,87.5719127858775,True,True,False,1.0,ee7a50a277fef6153a1cc05f9cc2afd227e940efbd36a4c2b0abe9a57580901b,4d6b8cb1d482e5066f9ca575ebd3b67af4a32562
sup,100x,RDH275__202311,unprocessed-porechop_abi,10,87.48964172460695,True,True,False,1.0,ee7a50a277fef6153a1cc05f9cc2afd227e940efbd36a4c2b0abe9a57580901b,4d6b8cb1d482e5066f9ca575ebd3b67af4a32562
sup,100x,RDH275__202311,chopper-untrimmed,11,86.07648125046721,True,True,False,1.0,ee7a50a277fef6153a1cc05f9cc2afd227e940efbd36a4c2b0abe9a57580901b,4d6b8cb1d482e5066f9ca575ebd3b67af4a32562
sup,100x,RDH275__202311,seqkit-barbell,12,85.68476884463415,True,True,False,1.0,ee7a50a277fef6153a1cc05f9cc2afd227e940efbd36a4c2b0abe9a57580901b,4d6b8cb1d482e5066f9ca575ebd3b67af4a32562
sup,100x,RDH275__202311,seqkit-dorado,13,76.23075967084122,True,False,False,1.0,ee7a50a277fef6153a1cc05f9cc2afd227e940efbd36a4c2b0abe9a57580901b,4d6b8cb1d482e5066f9ca575ebd3b67af4a32562
sup,100x,RDH275__202311,filtlong-dorado,14,64.93451445949519,True,True,False,1.0,ee7a50a277fef6153a1cc05f9cc2afd227e940efbd36a4c2b0abe9a57580901b,4d6b8cb1d482e5066f9ca575ebd3b67af4a32562
sup,100x,RDH275__202311,filtlong-porechop_abi,15,64.90484060706953,True,True,False,1.0,ee7a50a277fef6153a1cc05f9cc2afd227e940efbd36a4c2b0abe9a57580901b,4d6b8cb1d482e5066f9ca575ebd3b67af4a32562
sup,100x,RDH275__202311,filtlong-untrimmed,16,64.90347727270422,True,True,False,1.0,ee7a50a277fef6153a1cc05f9cc2afd227e940efbd36a4c2b0abe9a57580901b,4d6b8cb1d482e5066f9ca575ebd3b67af4a32562
sup,100x,RDH275__202311,filtlong-barbell,17,64.21618811473826,True,True,False,1.0,ee7a50a277fef6153a1cc05f9cc2afd227e940efbd36a4c2b0abe9a57580901b,4d6b8cb1d482e5066f9ca575ebd3b67af4a32562
