scenario_model,scenario_depth,respondent_id,timestamp,weight_accuracy,weight_contiguity,weight_residual,weight_replicon,combo,rank,overall_score,is_eligible,is_near_tie,is_winner,scoring_version,source_data_hash,survey_data_hash,source_data_commit
hac,20x,1,2026-06-11T03:58:21.440403+00:00,40.0,35.0,5.0,20.0,seqkit-dorado,1,92.31985628867278,True,False,True,1.0,ee7a50a277fef6153a1cc05f9cc2afd227e940efbd36a4c2b0abe9a57580901b,3e7cfddea1d70f28dbf0ec0a605e0a0e4201d8a77c82fc3d93e97e30380c297f,4d6b8cb1d482e5066f9ca575ebd3b67af4a32562
hac,20x,1,2026-06-11T03:58:21.440403+00:00,40.0,35.0,5.0,20.0,chopper-dorado,2,88.87078737476685,True,False,False,1.0,ee7a50a277fef6153a1cc05f9cc2afd227e940efbd36a4c2b0abe9a57580901b,3e7cfddea1d70f28dbf0ec0a605e0a0e4201d8a77c82fc3d93e97e30380c297f,4d6b8cb1d482e5066f9ca575ebd3b67af4a32562
hac,20x,1,2026-06-11T03:58:21.440403+00:00,40.0,35.0,5.0,20.0,unprocessed-porechop_abi,3,87.66712707715189,True,False,False,1.0,ee7a50a277fef6153a1cc05f9cc2afd227e940efbd36a4c2b0abe9a57580901b,3e7cfddea1d70f28dbf0ec0a605e0a0e4201d8a77c82fc3d93e97e30380c297f,4d6b8cb1d482e5066f9ca575ebd3b67af4a32562
hac,20x,1,2026-06-11T03:58:21.440403+00:00,40.0,35.0,5.0,20.0,unprocessed-untrimmed,4,85.90509873755383,True,True,False,1.0,ee7a50a277fef6153a1cc05f9cc2afd227e940efbd36a4c2b0abe9a57580901b,3e7cfddea1d70f28dbf0ec0a605e0a0e4201d8a77c82fc3d93e97e30380c297f,4d6b8cb1d482e5066f9ca575ebd3b67af4a32562
hac,20x,1,2026-06-11T03:58:21.440403+00:00,40.0,35.0,5.0,20.0,unprocessed-dorado,5,85.05518220160465,True,True,False,1.0,ee7a50a277fef6153a1cc05f9cc2afd227e940efbd36a4c2b0abe9a57580901b,3e7cfddea1d70f28dbf0ec0a605e0a0e4201d8a77c82fc3d93e97e30380c297f,4d6b8cb1d482e5066f9ca575ebd3b67af4a32562
hac,20x,1,2026-06-11T03:58:21.440403+00:00,40.0,35.0,5.0,20.0,fastplong-all,6,84.19451206981695,True,True,False,1.0,ee7a50a277fef6153a1cc05f9cc2afd227e940efbd36a4c2b0abe9a57580901b,3e7cfddea1d70f28dbf0ec0a605e0a0e4201d8a77c82fc3d93e97e30380c297f,4d6b8cb1d482e5066f9ca575ebd3b67af4a32562
hac,20x,1,2026-06-11T03:58:21.440403+00:00,40.0,35.0,5.0,20.0,seqkit-porechop_abi,7,84.04881827627243,True,True,False,1.0,ee7a50a277fef6153a1cc05f9cc2afd227e940efbd36a4c2b0abe9a57580901b,3e7cfddea1d70f28dbf0ec0a605e0a0e4201d8a77c82fc3d93e97e30380c297f,4d6b8cb1d482e5066f9ca575ebd3b67af4a32562
hac,20x,1,2026-06-11T03:58:21.440403+00:00,40.0,35.0,5.0,20.0,seqkit-untrimmed,8,81.21381345512472,True,True,False,1.0,ee7a50a277fef6153a1cc05f9cc2afd227e940efbd36a4c2b0abe9a57580901b,3e7cfddea1d70f28dbf0ec0a605e0a0e4201d8a77c82fc3d93e97e30380c297f,4d6b8cb1d482e5066f9ca575ebd3b67af4a32562
hac,20x,1,2026-06-11T03:58:21.440403+00:00,40.0,35.0,5.0,20.0,chopper-porechop_abi,9,80.4395301958944,True,True,False,1.0,ee7a50a277fef6153a1cc05f9cc2afd227e940efbd36a4c2b0abe9a57580901b,3e7cfddea1d70f28dbf0ec0a605e0a0e4201d8a77c82fc3d93e97e30380c297f,4d6b8cb1d482e5066f9ca575ebd3b67af4a32562
hac,20x,1,2026-06-11T03:58:21.440403+00:00,40.0,35.0,5.0,20.0,seqkit-barbell,10,79.91867677811773,True,True,False,1.0,ee7a50a277fef6153a1cc05f9cc2afd227e940efbd36a4c2b0abe9a57580901b,3e7cfddea1d70f28dbf0ec0a605e0a0e4201d8a77c82fc3d93e97e30380c297f,4d6b8cb1d482e5066f9ca575ebd3b67af4a32562
hac,20x,1,2026-06-11T03:58:21.440403+00:00,40.0,35.0,5.0,20.0,chopper-untrimmed,11,79.36898145236444,True,True,False,1.0,ee7a50a277fef6153a1cc05f9cc2afd227e940efbd36a4c2b0abe9a57580901b,3e7cfddea1d70f28dbf0ec0a605e0a0e4201d8a77c82fc3d93e97e30380c297f,4d6b8cb1d482e5066f9ca575ebd3b67af4a32562
hac,20x,1,2026-06-11T03:58:21.440403+00:00,40.0,35.0,5.0,20.0,chopper-barbell,12,75.66468404066592,True,True,False,1.0,ee7a50a277fef6153a1cc05f9cc2afd227e940efbd36a4c2b0abe9a57580901b,3e7cfddea1d70f28dbf0ec0a605e0a0e4201d8a77c82fc3d93e97e30380c297f,4d6b8cb1d482e5066f9ca575ebd3b67af4a32562
hac,20x,1,2026-06-11T03:58:21.440403+00:00,40.0,35.0,5.0,20.0,unprocessed-barbell,13,75.33614920717177,True,True,False,1.0,ee7a50a277fef6153a1cc05f9cc2afd227e940efbd36a4c2b0abe9a57580901b,3e7cfddea1d70f28dbf0ec0a605e0a0e4201d8a77c82fc3d93e97e30380c297f,4d6b8cb1d482e5066f9ca575ebd3b67af4a32562
hac,20x,1,2026-06-11T03:58:21.440403+00:00,40.0,35.0,5.0,20.0,filtlong-porechop_abi,14,73.58830600894932,True,False,False,1.0,ee7a50a277fef6153a1cc05f9cc2afd227e940efbd36a4c2b0abe9a57580901b,3e7cfddea1d70f28dbf0ec0a605e0a0e4201d8a77c82fc3d93e97e30380c297f,4d6b8cb1d482e5066f9ca575ebd3b67af4a32562
hac,20x,1,2026-06-11T03:58:21.440403+00:00,40.0,35.0,5.0,20.0,filtlong-untrimmed,15,71.18881279396925,True,False,False,1.0,ee7a50a277fef6153a1cc05f9cc2afd227e940efbd36a4c2b0abe9a57580901b,3e7cfddea1d70f28dbf0ec0a605e0a0e4201d8a77c82fc3d93e97e30380c297f,4d6b8cb1d482e5066f9ca575ebd3b67af4a32562
hac,20x,1,2026-06-11T03:58:21.440403+00:00,40.0,35.0,5.0,20.0,filtlong-dorado,16,69.16085264000345,True,False,False,1.0,ee7a50a277fef6153a1cc05f9cc2afd227e940efbd36a4c2b0abe9a57580901b,3e7cfddea1d70f28dbf0ec0a605e0a0e4201d8a77c82fc3d93e97e30380c297f,4d6b8cb1d482e5066f9ca575ebd3b67af4a32562
hac,20x,1,2026-06-11T03:58:21.440403+00:00,40.0,35.0,5.0,20.0,filtlong-barbell,17,59.517617415148855,True,False,False,1.0,ee7a50a277fef6153a1cc05f9cc2afd227e940efbd36a4c2b0abe9a57580901b,3e7cfddea1d70f28dbf0ec0a605e0a0e4201d8a77c82fc3d93e97e30380c297f,4d6b8cb1d482e5066f9ca575ebd3b67af4a32562
hac,20x,2,2026-06-11T04:07:26.649433+00:00,30.0,20.0,35.0,15.0,seqkit-dorado,1,94.24486293418664,True,False,True,1.0,ee7a50a277fef6153a1cc05f9cc2afd227e940efbd36a4c2b0abe9a57580901b,3e7cfddea1d70f28dbf0ec0a605e0a0e4201d8a77c82fc3d93e97e30380c297f,4d6b8cb1d482e5066f9ca575ebd3b67af4a32562
hac,20x,2,2026-06-11T04:07:26.649433+00:00,30.0,20.0,35.0,15.0,chopper-dorado,2,91.88660377459205,True,True,False,1.0,ee7a50a277fef6153a1cc05f9cc2afd227e940efbd36a4c2b0abe9a57580901b,3e7cfddea1d70f28dbf0ec0a605e0a0e4201d8a77c82fc3d93e97e30380c297f,4d6b8cb1d482e5066f9ca575ebd3b67af4a32562
hac,20x,2,2026-06-11T04:07:26.649433+00:00,30.0,20.0,35.0,15.0,unprocessed-porechop_abi,3,90.95594074738351,True,True,False,1.0,ee7a50a277fef6153a1cc05f9cc2afd227e940efbd36a4c2b0abe9a57580901b,3e7cfddea1d70f28dbf0ec0a605e0a0e4201d8a77c82fc3d93e97e30380c297f,4d6b8cb1d482e5066f9ca575ebd3b67af4a32562
hac,20x,2,2026-06-11T04:07:26.649433+00:00,30.0,20.0,35.0,15.0,unprocessed-dorado,4,89.2364777415763,True,False,False,1.0,ee7a50a277fef6153a1cc05f9cc2afd227e940efbd36a4c2b0abe9a57580901b,3e7cfddea1d70f28dbf0ec0a605e0a0e4201d8a77c82fc3d93e97e30380c297f,4d6b8cb1d482e5066f9ca575ebd3b67af4a32562
hac,20x,2,2026-06-11T04:07:26.649433+00:00,30.0,20.0,35.0,15.0,fastplong-all,5,88.14594828897965,True,True,False,1.0,ee7a50a277fef6153a1cc05f9cc2afd227e940efbd36a4c2b0abe9a57580901b,3e7cfddea1d70f28dbf0ec0a605e0a0e4201d8a77c82fc3d93e97e30380c297f,4d6b8cb1d482e5066f9ca575ebd3b67af4a32562
hac,20x,2,2026-06-11T04:07:26.649433+00:00,30.0,20.0,35.0,15.0,seqkit-porechop_abi,6,88.03796941794322,True,True,False,1.0,ee7a50a277fef6153a1cc05f9cc2afd227e940efbd36a4c2b0abe9a57580901b,3e7cfddea1d70f28dbf0ec0a605e0a0e4201d8a77c82fc3d93e97e30380c297f,4d6b8cb1d482e5066f9ca575ebd3b67af4a32562
hac,20x,2,2026-06-11T04:07:26.649433+00:00,30.0,20.0,35.0,15.0,seqkit-barbell,7,85.95023288419914,True,True,False,1.0,ee7a50a277fef6153a1cc05f9cc2afd227e940efbd36a4c2b0abe9a57580901b,3e7cfddea1d70f28dbf0ec0a605e0a0e4201d8a77c82fc3d93e97e30380c297f,4d6b8cb1d482e5066f9ca575ebd3b67af4a32562
hac,20x,2,2026-06-11T04:07:26.649433+00:00,30.0,20.0,35.0,15.0,chopper-porechop_abi,8,85.89914545992501,True,True,False,1.0,ee7a50a277fef6153a1cc05f9cc2afd227e940efbd36a4c2b0abe9a57580901b,3e7cfddea1d70f28dbf0ec0a605e0a0e4201d8a77c82fc3d93e97e30380c297f,4d6b8cb1d482e5066f9ca575ebd3b67af4a32562
hac,20x,2,2026-06-11T04:07:26.649433+00:00,30.0,20.0,35.0,15.0,chopper-barbell,9,82.99080846279813,True,False,False,1.0,ee7a50a277fef6153a1cc05f9cc2afd227e940efbd36a4c2b0abe9a57580901b,3e7cfddea1d70f28dbf0ec0a605e0a0e4201d8a77c82fc3d93e97e30380c297f,4d6b8cb1d482e5066f9ca575ebd3b67af4a32562
hac,20x,2,2026-06-11T04:07:26.649433+00:00,30.0,20.0,35.0,15.0,unprocessed-barbell,10,81.89281786197361,True,False,False,1.0,ee7a50a277fef6153a1cc05f9cc2afd227e940efbd36a4c2b0abe9a57580901b,3e7cfddea1d70f28dbf0ec0a605e0a0e4201d8a77c82fc3d93e97e30380c297f,4d6b8cb1d482e5066f9ca575ebd3b67af4a32562
hac,20x,2,2026-06-11T04:07:26.649433+00:00,30.0,20.0,35.0,15.0,filtlong-porechop_abi,11,80.1922188183007,True,True,False,1.0,ee7a50a277fef6153a1cc05f9cc2afd227e940efbd36a4c2b0abe9a57580901b,3e7cfddea1d70f28dbf0ec0a605e0a0e4201d8a77c82fc3d93e97e30380c297f,4d6b8cb1d482e5066f9ca575ebd3b67af4a32562
hac,20x,2,2026-06-11T04:07:26.649433+00:00,30.0,20.0,35.0,15.0,unprocessed-untrimmed,12,79.8259904873934,True,True,False,1.0,ee7a50a277fef6153a1cc05f9cc2afd227e940efbd36a4c2b0abe9a57580901b,3e7cfddea1d70f28dbf0ec0a605e0a0e4201d8a77c82fc3d93e97e30380c297f,4d6b8cb1d482e5066f9ca575ebd3b67af4a32562
hac,20x,2,2026-06-11T04:07:26.649433+00:00,30.0,20.0,35.0,15.0,filtlong-dorado,13,77.21499271736461,True,True,False,1.0,ee7a50a277fef6153a1cc05f9cc2afd227e940efbd36a4c2b0abe9a57580901b,3e7cfddea1d70f28dbf0ec0a605e0a0e4201d8a77c82fc3d93e97e30380c297f,4d6b8cb1d482e5066f9ca575ebd3b67af4a32562
hac,20x,2,2026-06-11T04:07:26.649433+00:00,30.0,20.0,35.0,15.0,seqkit-untrimmed,14,76.49818644322146,True,True,False,1.0,ee7a50a277fef6153a1cc05f9cc2afd227e940efbd36a4c2b0abe9a57580901b,3e7cfddea1d70f28dbf0ec0a605e0a0e4201d8a77c82fc3d93e97e30380c297f,4d6b8cb1d482e5066f9ca575ebd3b67af4a32562
hac,20x,2,2026-06-11T04:07:26.649433+00:00,30.0,20.0,35.0,15.0,filtlong-untrimmed,15,76.34360731083956,True,True,False,1.0,ee7a50a277fef6153a1cc05f9cc2afd227e940efbd36a4c2b0abe9a57580901b,3e7cfddea1d70f28dbf0ec0a605e0a0e4201d8a77c82fc3d93e97e30380c297f,4d6b8cb1d482e5066f9ca575ebd3b67af4a32562
hac,20x,2,2026-06-11T04:07:26.649433+00:00,30.0,20.0,35.0,15.0,chopper-untrimmed,16,70.30223848560018,True,True,False,1.0,ee7a50a277fef6153a1cc05f9cc2afd227e940efbd36a4c2b0abe9a57580901b,3e7cfddea1d70f28dbf0ec0a605e0a0e4201d8a77c82fc3d93e97e30380c297f,4d6b8cb1d482e5066f9ca575ebd3b67af4a32562
hac,20x,2,2026-06-11T04:07:26.649433+00:00,30.0,20.0,35.0,15.0,filtlong-barbell,17,70.24083632514,True,True,False,1.0,ee7a50a277fef6153a1cc05f9cc2afd227e940efbd36a4c2b0abe9a57580901b,3e7cfddea1d70f28dbf0ec0a605e0a0e4201d8a77c82fc3d93e97e30380c297f,4d6b8cb1d482e5066f9ca575ebd3b67af4a32562
hac,20x,3,2026-06-11T04:38:54.544766+00:00,20.0,20.0,25.0,35.0,seqkit-dorado,1,96.15793985726357,True,False,True,1.0,ee7a50a277fef6153a1cc05f9cc2afd227e940efbd36a4c2b0abe9a57580901b,3e7cfddea1d70f28dbf0ec0a605e0a0e4201d8a77c82fc3d93e97e30380c297f,4d6b8cb1d482e5066f9ca575ebd3b67af4a32562
hac,20x,3,2026-06-11T04:38:54.544766+00:00,20.0,20.0,25.0,35.0,chopper-dorado,2,94.34198838997665,True,True,False,1.0,ee7a50a277fef6153a1cc05f9cc2afd227e940efbd36a4c2b0abe9a57580901b,3e7cfddea1d70f28dbf0ec0a605e0a0e4201d8a77c82fc3d93e97e30380c297f,4d6b8cb1d482e5066f9ca575ebd3b67af4a32562
hac,20x,3,2026-06-11T04:38:54.544766+00:00,20.0,20.0,25.0,35.0,unprocessed-porechop_abi,3,93.75132536276811,True,True,False,1.0,ee7a50a277fef6153a1cc05f9cc2afd227e940efbd36a4c2b0abe9a57580901b,3e7cfddea1d70f28dbf0ec0a605e0a0e4201d8a77c82fc3d93e97e30380c297f,4d6b8cb1d482e5066f9ca575ebd3b67af4a32562
hac,20x,3,2026-06-11T04:38:54.544766+00:00,20.0,20.0,25.0,35.0,unprocessed-dorado,4,92.34955466465323,True,False,False,1.0,ee7a50a277fef6153a1cc05f9cc2afd227e940efbd36a4c2b0abe9a57580901b,3e7cfddea1d70f28dbf0ec0a605e0a0e4201d8a77c82fc3d93e97e30380c297f,4d6b8cb1d482e5066f9ca575ebd3b67af4a32562
hac,20x,3,2026-06-11T04:38:54.544766+00:00,20.0,20.0,25.0,35.0,seqkit-barbell,5,89.55484826881452,True,False,False,1.0,ee7a50a277fef6153a1cc05f9cc2afd227e940efbd36a4c2b0abe9a57580901b,3e7cfddea1d70f28dbf0ec0a605e0a0e4201d8a77c82fc3d93e97e30380c297f,4d6b8cb1d482e5066f9ca575ebd3b67af4a32562
hac,20x,3,2026-06-11T04:38:54.544766+00:00,20.0,20.0,25.0,35.0,chopper-barbell,6,87.3354238474135,True,False,False,1.0,ee7a50a277fef6153a1cc05f9cc2afd227e940efbd36a4c2b0abe9a57580901b,3e7cfddea1d70f28dbf0ec0a605e0a0e4201d8a77c82fc3d93e97e30380c297f,4d6b8cb1d482e5066f9ca575ebd3b67af4a32562
hac,20x,3,2026-06-11T04:38:54.544766+00:00,20.0,20.0,25.0,35.0,unprocessed-untrimmed,7,86.02445202585496,True,False,False,1.0,ee7a50a277fef6153a1cc05f9cc2afd227e940efbd36a4c2b0abe9a57580901b,3e7cfddea1d70f28dbf0ec0a605e0a0e4201d8a77c82fc3d93e97e30380c297f,4d6b8cb1d482e5066f9ca575ebd3b67af4a32562
hac,20x,3,2026-06-11T04:38:54.544766+00:00,20.0,20.0,25.0,35.0,fastplong-all,8,83.76389700692836,True,True,False,1.0,ee7a50a277fef6153a1cc05f9cc2afd227e940efbd36a4c2b0abe9a57580901b,3e7cfddea1d70f28dbf0ec0a605e0a0e4201d8a77c82fc3d93e97e30380c297f,4d6b8cb1d482e5066f9ca575ebd3b67af4a32562
hac,20x,3,2026-06-11T04:38:54.544766+00:00,20.0,20.0,25.0,35.0,seqkit-porechop_abi,9,83.69053352050733,True,True,False,1.0,ee7a50a277fef6153a1cc05f9cc2afd227e940efbd36a4c2b0abe9a57580901b,3e7cfddea1d70f28dbf0ec0a605e0a0e4201d8a77c82fc3d93e97e30380c297f,4d6b8cb1d482e5066f9ca575ebd3b67af4a32562
hac,20x,3,2026-06-11T04:38:54.544766+00:00,20.0,20.0,25.0,35.0,chopper-porechop_abi,10,81.65863263941219,True,False,False,1.0,ee7a50a277fef6153a1cc05f9cc2afd227e940efbd36a4c2b0abe9a57580901b,3e7cfddea1d70f28dbf0ec0a605e0a0e4201d8a77c82fc3d93e97e30380c297f,4d6b8cb1d482e5066f9ca575ebd3b67af4a32562
hac,20x,3,2026-06-11T04:38:54.544766+00:00,20.0,20.0,25.0,35.0,unprocessed-barbell,11,79.17845888761464,True,False,False,1.0,ee7a50a277fef6153a1cc05f9cc2afd227e940efbd36a4c2b0abe9a57580901b,3e7cfddea1d70f28dbf0ec0a605e0a0e4201d8a77c82fc3d93e97e30380c297f,4d6b8cb1d482e5066f9ca575ebd3b67af4a32562
hac,20x,3,2026-06-11T04:38:54.544766+00:00,20.0,20.0,25.0,35.0,seqkit-untrimmed,12,75.2692120842471,True,False,False,1.0,ee7a50a277fef6153a1cc05f9cc2afd227e940efbd36a4c2b0abe9a57580901b,3e7cfddea1d70f28dbf0ec0a605e0a0e4201d8a77c82fc3d93e97e30380c297f,4d6b8cb1d482e5066f9ca575ebd3b67af4a32562
hac,20x,3,2026-06-11T04:38:54.544766+00:00,20.0,20.0,25.0,35.0,chopper-untrimmed,13,70.88711028047199,True,False,False,1.0,ee7a50a277fef6153a1cc05f9cc2afd227e940efbd36a4c2b0abe9a57580901b,3e7cfddea1d70f28dbf0ec0a605e0a0e4201d8a77c82fc3d93e97e30380c297f,4d6b8cb1d482e5066f9ca575ebd3b67af4a32562
hac,20x,3,2026-06-11T04:38:54.544766+00:00,20.0,20.0,25.0,35.0,filtlong-porechop_abi,14,61.79375727983916,True,False,False,1.0,ee7a50a277fef6153a1cc05f9cc2afd227e940efbd36a4c2b0abe9a57580901b,3e7cfddea1d70f28dbf0ec0a605e0a0e4201d8a77c82fc3d93e97e30380c297f,4d6b8cb1d482e5066f9ca575ebd3b67af4a32562
hac,20x,3,2026-06-11T04:38:54.544766+00:00,20.0,20.0,25.0,35.0,filtlong-dorado,15,59.44268502505692,True,True,False,1.0,ee7a50a277fef6153a1cc05f9cc2afd227e940efbd36a4c2b0abe9a57580901b,3e7cfddea1d70f28dbf0ec0a605e0a0e4201d8a77c82fc3d93e97e30380c297f,4d6b8cb1d482e5066f9ca575ebd3b67af4a32562
hac,20x,3,2026-06-11T04:38:54.544766+00:00,20.0,20.0,25.0,35.0,filtlong-untrimmed,16,58.72129961853187,True,True,False,1.0,ee7a50a277fef6153a1cc05f9cc2afd227e940efbd36a4c2b0abe9a57580901b,3e7cfddea1d70f28dbf0ec0a605e0a0e4201d8a77c82fc3d93e97e30380c297f,4d6b8cb1d482e5066f9ca575ebd3b67af4a32562
hac,20x,3,2026-06-11T04:38:54.544766+00:00,20.0,20.0,25.0,35.0,filtlong-barbell,17,54.51775940206308,True,False,False,1.0,ee7a50a277fef6153a1cc05f9cc2afd227e940efbd36a4c2b0abe9a57580901b,3e7cfddea1d70f28dbf0ec0a605e0a0e4201d8a77c82fc3d93e97e30380c297f,4d6b8cb1d482e5066f9ca575ebd3b67af4a32562
hac,20x,4,2026-06-11T05:57:49.965985+00:00,25.0,15.0,10.0,50.0,seqkit-dorado,1,95.20537796987075,True,False,True,1.0,ee7a50a277fef6153a1cc05f9cc2afd227e940efbd36a4c2b0abe9a57580901b,3e7cfddea1d70f28dbf0ec0a605e0a0e4201d8a77c82fc3d93e97e30380c297f,4d6b8cb1d482e5066f9ca575ebd3b67af4a32562
hac,20x,4,2026-06-11T05:57:49.965985+00:00,25.0,15.0,10.0,50.0,chopper-dorado,2,93.30110667709789,True,True,False,1.0,ee7a50a277fef6153a1cc05f9cc2afd227e940efbd36a4c2b0abe9a57580901b,3e7cfddea1d70f28dbf0ec0a605e0a0e4201d8a77c82fc3d93e97e30380c297f,4d6b8cb1d482e5066f9ca575ebd3b67af4a32562
hac,20x,4,2026-06-11T05:57:49.965985+00:00,25.0,15.0,10.0,50.0,unprocessed-porechop_abi,3,92.51810940669148,True,True,False,1.0,ee7a50a277fef6153a1cc05f9cc2afd227e940efbd36a4c2b0abe9a57580901b,3e7cfddea1d70f28dbf0ec0a605e0a0e4201d8a77c82fc3d93e97e30380c297f,4d6b8cb1d482e5066f9ca575ebd3b67af4a32562
hac,20x,4,2026-06-11T05:57:49.965985+00:00,25.0,15.0,10.0,50.0,unprocessed-dorado,4,91.14908907541299,True,False,False,1.0,ee7a50a277fef6153a1cc05f9cc2afd227e940efbd36a4c2b0abe9a57580901b,3e7cfddea1d70f28dbf0ec0a605e0a0e4201d8a77c82fc3d93e97e30380c297f,4d6b8cb1d482e5066f9ca575ebd3b67af4a32562
hac,20x,4,2026-06-11T05:57:49.965985+00:00,25.0,15.0,10.0,50.0,unprocessed-untrimmed,5,89.08910825016045,True,True,False,1.0,ee7a50a277fef6153a1cc05f9cc2afd227e940efbd36a4c2b0abe9a57580901b,3e7cfddea1d70f28dbf0ec0a605e0a0e4201d8a77c82fc3d93e97e30380c297f,4d6b8cb1d482e5066f9ca575ebd3b67af4a32562
hac,20x,4,2026-06-11T05:57:49.965985+00:00,25.0,15.0,10.0,50.0,seqkit-barbell,6,88.56152081699551,True,True,False,1.0,ee7a50a277fef6153a1cc05f9cc2afd227e940efbd36a4c2b0abe9a57580901b,3e7cfddea1d70f28dbf0ec0a605e0a0e4201d8a77c82fc3d93e97e30380c297f,4d6b8cb1d482e5066f9ca575ebd3b67af4a32562
hac,20x,4,2026-06-11T05:57:49.965985+00:00,25.0,15.0,10.0,50.0,chopper-barbell,7,86.15695250094474,True,False,False,1.0,ee7a50a277fef6153a1cc05f9cc2afd227e940efbd36a4c2b0abe9a57580901b,3e7cfddea1d70f28dbf0ec0a605e0a0e4201d8a77c82fc3d93e97e30380c297f,4d6b8cb1d482e5066f9ca575ebd3b67af4a32562
hac,20x,4,2026-06-11T05:57:49.965985+00:00,25.0,15.0,10.0,50.0,fastplong-all,8,77.62164070391424,True,True,False,1.0,ee7a50a277fef6153a1cc05f9cc2afd227e940efbd36a4c2b0abe9a57580901b,3e7cfddea1d70f28dbf0ec0a605e0a0e4201d8a77c82fc3d93e97e30380c297f,4d6b8cb1d482e5066f9ca575ebd3b67af4a32562
hac,20x,4,2026-06-11T05:57:49.965985+00:00,25.0,15.0,10.0,50.0,seqkit-porechop_abi,9,77.53200270448306,True,True,False,1.0,ee7a50a277fef6153a1cc05f9cc2afd227e940efbd36a4c2b0abe9a57580901b,3e7cfddea1d70f28dbf0ec0a605e0a0e4201d8a77c82fc3d93e97e30380c297f,4d6b8cb1d482e5066f9ca575ebd3b67af4a32562
hac,20x,4,2026-06-11T05:57:49.965985+00:00,25.0,15.0,10.0,50.0,chopper-porechop_abi,10,75.90115396673862,True,False,False,1.0,ee7a50a277fef6153a1cc05f9cc2afd227e940efbd36a4c2b0abe9a57580901b,3e7cfddea1d70f28dbf0ec0a605e0a0e4201d8a77c82fc3d93e97e30380c297f,4d6b8cb1d482e5066f9ca575ebd3b67af4a32562
hac,20x,4,2026-06-11T05:57:49.965985+00:00,25.0,15.0,10.0,50.0,seqkit-untrimmed,11,73.86678085805711,True,False,False,1.0,ee7a50a277fef6153a1cc05f9cc2afd227e940efbd36a4c2b0abe9a57580901b,3e7cfddea1d70f28dbf0ec0a605e0a0e4201d8a77c82fc3d93e97e30380c297f,4d6b8cb1d482e5066f9ca575ebd3b67af4a32562
hac,20x,4,2026-06-11T05:57:49.965985+00:00,25.0,15.0,10.0,50.0,unprocessed-barbell,12,72.51486980673661,True,True,False,1.0,ee7a50a277fef6153a1cc05f9cc2afd227e940efbd36a4c2b0abe9a57580901b,3e7cfddea1d70f28dbf0ec0a605e0a0e4201d8a77c82fc3d93e97e30380c297f,4d6b8cb1d482e5066f9ca575ebd3b67af4a32562
hac,20x,4,2026-06-11T05:57:49.965985+00:00,25.0,15.0,10.0,50.0,chopper-untrimmed,13,71.65097373599502,True,True,False,1.0,ee7a50a277fef6153a1cc05f9cc2afd227e940efbd36a4c2b0abe9a57580901b,3e7cfddea1d70f28dbf0ec0a605e0a0e4201d8a77c82fc3d93e97e30380c297f,4d6b8cb1d482e5066f9ca575ebd3b67af4a32562
hac,20x,4,2026-06-11T05:57:49.965985+00:00,25.0,15.0,10.0,50.0,filtlong-porechop_abi,14,45.99377949834092,True,False,False,1.0,ee7a50a277fef6153a1cc05f9cc2afd227e940efbd36a4c2b0abe9a57580901b,3e7cfddea1d70f28dbf0ec0a605e0a0e4201d8a77c82fc3d93e97e30380c297f,4d6b8cb1d482e5066f9ca575ebd3b67af4a32562
hac,20x,4,2026-06-11T05:57:49.965985+00:00,25.0,15.0,10.0,50.0,filtlong-untrimmed,15,44.35559009851429,True,True,False,1.0,ee7a50a277fef6153a1cc05f9cc2afd227e940efbd36a4c2b0abe9a57580901b,3e7cfddea1d70f28dbf0ec0a605e0a0e4201d8a77c82fc3d93e97e30380c297f,4d6b8cb1d482e5066f9ca575ebd3b67af4a32562
hac,20x,4,2026-06-11T05:57:49.965985+00:00,25.0,15.0,10.0,50.0,filtlong-dorado,16,43.60432146110038,True,True,False,1.0,ee7a50a277fef6153a1cc05f9cc2afd227e940efbd36a4c2b0abe9a57580901b,3e7cfddea1d70f28dbf0ec0a605e0a0e4201d8a77c82fc3d93e97e30380c297f,4d6b8cb1d482e5066f9ca575ebd3b67af4a32562
hac,20x,4,2026-06-11T05:57:49.965985+00:00,25.0,15.0,10.0,50.0,filtlong-barbell,17,37.861396474624236,True,False,False,1.0,ee7a50a277fef6153a1cc05f9cc2afd227e940efbd36a4c2b0abe9a57580901b,3e7cfddea1d70f28dbf0ec0a605e0a0e4201d8a77c82fc3d93e97e30380c297f,4d6b8cb1d482e5066f9ca575ebd3b67af4a32562
hac,20x,5,2026-06-11T06:50:16.841179+00:00,45.0,5.0,5.0,45.0,seqkit-dorado,1,91.38717727200819,True,False,True,1.0,ee7a50a277fef6153a1cc05f9cc2afd227e940efbd36a4c2b0abe9a57580901b,3e7cfddea1d70f28dbf0ec0a605e0a0e4201d8a77c82fc3d93e97e30380c297f,4d6b8cb1d482e5066f9ca575ebd3b67af4a32562
hac,20x,5,2026-06-11T06:50:16.841179+00:00,45.0,5.0,5.0,45.0,chopper-dorado,2,88.76395863595572,True,False,False,1.0,ee7a50a277fef6153a1cc05f9cc2afd227e940efbd36a4c2b0abe9a57580901b,3e7cfddea1d70f28dbf0ec0a605e0a0e4201d8a77c82fc3d93e97e30380c297f,4d6b8cb1d482e5066f9ca575ebd3b67af4a32562
hac,20x,5,2026-06-11T06:50:16.841179+00:00,45.0,5.0,5.0,45.0,unprocessed-porechop_abi,3,87.25629287915358,True,False,False,1.0,ee7a50a277fef6153a1cc05f9cc2afd227e940efbd36a4c2b0abe9a57580901b,3e7cfddea1d70f28dbf0ec0a605e0a0e4201d8a77c82fc3d93e97e30380c297f,4d6b8cb1d482e5066f9ca575ebd3b67af4a32562
hac,20x,5,2026-06-11T06:50:16.841179+00:00,45.0,5.0,5.0,45.0,unprocessed-dorado,4,85.63508097385562,True,False,False,1.0,ee7a50a277fef6153a1cc05f9cc2afd227e940efbd36a4c2b0abe9a57580901b,3e7cfddea1d70f28dbf0ec0a605e0a0e4201d8a77c82fc3d93e97e30380c297f,4d6b8cb1d482e5066f9ca575ebd3b67af4a32562
hac,20x,5,2026-06-11T06:50:16.841179+00:00,45.0,5.0,5.0,45.0,unprocessed-untrimmed,5,84.40457454492527,True,False,False,1.0,ee7a50a277fef6153a1cc05f9cc2afd227e940efbd36a4c2b0abe9a57580901b,3e7cfddea1d70f28dbf0ec0a605e0a0e4201d8a77c82fc3d93e97e30380c297f,4d6b8cb1d482e5066f9ca575ebd3b67af4a32562
hac,20x,5,2026-06-11T06:50:16.841179+00:00,45.0,5.0,5.0,45.0,seqkit-barbell,6,82.97025052874208,True,False,False,1.0,ee7a50a277fef6153a1cc05f9cc2afd227e940efbd36a4c2b0abe9a57580901b,3e7cfddea1d70f28dbf0ec0a605e0a0e4201d8a77c82fc3d93e97e30380c297f,4d6b8cb1d482e5066f9ca575ebd3b67af4a32562
hac,20x,5,2026-06-11T06:50:16.841179+00:00,45.0,5.0,5.0,45.0,chopper-barbell,7,79.45539442339184,True,False,False,1.0,ee7a50a277fef6153a1cc05f9cc2afd227e940efbd36a4c2b0abe9a57580901b,3e7cfddea1d70f28dbf0ec0a605e0a0e4201d8a77c82fc3d93e97e30380c297f,4d6b8cb1d482e5066f9ca575ebd3b67af4a32562
hac,20x,5,2026-06-11T06:50:16.841179+00:00,45.0,5.0,5.0,45.0,fastplong-all,8,74.71917937993722,True,True,False,1.0,ee7a50a277fef6153a1cc05f9cc2afd227e940efbd36a4c2b0abe9a57580901b,3e7cfddea1d70f28dbf0ec0a605e0a0e4201d8a77c82fc3d93e97e30380c297f,4d6b8cb1d482e5066f9ca575ebd3b67af4a32562
hac,20x,5,2026-06-11T06:50:16.841179+00:00,45.0,5.0,5.0,45.0,seqkit-porechop_abi,9,74.56237696987041,True,True,False,1.0,ee7a50a277fef6153a1cc05f9cc2afd227e940efbd36a4c2b0abe9a57580901b,3e7cfddea1d70f28dbf0ec0a605e0a0e4201d8a77c82fc3d93e97e30380c297f,4d6b8cb1d482e5066f9ca575ebd3b67af4a32562
hac,20x,5,2026-06-11T06:50:16.841179+00:00,45.0,5.0,5.0,45.0,chopper-porechop_abi,10,73.62670944190432,True,True,False,1.0,ee7a50a277fef6153a1cc05f9cc2afd227e940efbd36a4c2b0abe9a57580901b,3e7cfddea1d70f28dbf0ec0a605e0a0e4201d8a77c82fc3d93e97e30380c297f,4d6b8cb1d482e5066f9ca575ebd3b67af4a32562
hac,20x,5,2026-06-11T06:50:16.841179+00:00,45.0,5.0,5.0,45.0,seqkit-untrimmed,11,72.6755081492669,True,True,False,1.0,ee7a50a277fef6153a1cc05f9cc2afd227e940efbd36a4c2b0abe9a57580901b,3e7cfddea1d70f28dbf0ec0a605e0a0e4201d8a77c82fc3d93e97e30380c297f,4d6b8cb1d482e5066f9ca575ebd3b67af4a32562
hac,20x,5,2026-06-11T06:50:16.841179+00:00,45.0,5.0,5.0,45.0,chopper-untrimmed,12,70.67075192909236,True,False,False,1.0,ee7a50a277fef6153a1cc05f9cc2afd227e940efbd36a4c2b0abe9a57580901b,3e7cfddea1d70f28dbf0ec0a605e0a0e4201d8a77c82fc3d93e97e30380c297f,4d6b8cb1d482e5066f9ca575ebd3b67af4a32562
hac,20x,5,2026-06-11T06:50:16.841179+00:00,45.0,5.0,5.0,45.0,unprocessed-barbell,13,66.90205061933955,True,False,False,1.0,ee7a50a277fef6153a1cc05f9cc2afd227e940efbd36a4c2b0abe9a57580901b,3e7cfddea1d70f28dbf0ec0a605e0a0e4201d8a77c82fc3d93e97e30380c297f,4d6b8cb1d482e5066f9ca575ebd3b67af4a32562
hac,20x,5,2026-06-11T06:50:16.841179+00:00,45.0,5.0,5.0,45.0,filtlong-porechop_abi,14,47.79228547380595,True,True,False,1.0,ee7a50a277fef6153a1cc05f9cc2afd227e940efbd36a4c2b0abe9a57580901b,3e7cfddea1d70f28dbf0ec0a605e0a0e4201d8a77c82fc3d93e97e30380c297f,4d6b8cb1d482e5066f9ca575ebd3b67af4a32562
hac,20x,5,2026-06-11T06:50:16.841179+00:00,45.0,5.0,5.0,45.0,filtlong-untrimmed,15,47.09263259694067,True,True,False,1.0,ee7a50a277fef6153a1cc05f9cc2afd227e940efbd36a4c2b0abe9a57580901b,3e7cfddea1d70f28dbf0ec0a605e0a0e4201d8a77c82fc3d93e97e30380c297f,4d6b8cb1d482e5066f9ca575ebd3b67af4a32562
hac,20x,5,2026-06-11T06:50:16.841179+00:00,45.0,5.0,5.0,45.0,filtlong-dorado,16,44.69990202549499,True,False,False,1.0,ee7a50a277fef6153a1cc05f9cc2afd227e940efbd36a4c2b0abe9a57580901b,3e7cfddea1d70f28dbf0ec0a605e0a0e4201d8a77c82fc3d93e97e30380c297f,4d6b8cb1d482e5066f9ca575ebd3b67af4a32562
hac,20x,5,2026-06-11T06:50:16.841179+00:00,45.0,5.0,5.0,45.0,filtlong-barbell,17,35.27174754282346,True,False,False,1.0,ee7a50a277fef6153a1cc05f9cc2afd227e940efbd36a4c2b0abe9a57580901b,3e7cfddea1d70f28dbf0ec0a605e0a0e4201d8a77c82fc3d93e97e30380c297f,4d6b8cb1d482e5066f9ca575ebd3b67af4a32562
hac,20x,6,2026-06-11T07:21:32.710471+00:00,10.0,20.0,35.0,35.0,seqkit-dorado,1,98.0710167803405,True,False,True,1.0,ee7a50a277fef6153a1cc05f9cc2afd227e940efbd36a4c2b0abe9a57580901b,3e7cfddea1d70f28dbf0ec0a605e0a0e4201d8a77c82fc3d93e97e30380c297f,4d6b8cb1d482e5066f9ca575ebd3b67af4a32562
hac,20x,6,2026-06-11T07:21:32.710471+00:00,10.0,20.0,35.0,35.0,chopper-dorado,2,96.79737300536128,True,True,False,1.0,ee7a50a277fef6153a1cc05f9cc2afd227e940efbd36a4c2b0abe9a57580901b,3e7cfddea1d70f28dbf0ec0a605e0a0e4201d8a77c82fc3d93e97e30380c297f,4d6b8cb1d482e5066f9ca575ebd3b67af4a32562
hac,20x,6,2026-06-11T07:21:32.710471+00:00,10.0,20.0,35.0,35.0,unprocessed-porechop_abi,3,96.54670997815272,True,True,False,1.0,ee7a50a277fef6153a1cc05f9cc2afd227e940efbd36a4c2b0abe9a57580901b,3e7cfddea1d70f28dbf0ec0a605e0a0e4201d8a77c82fc3d93e97e30380c297f,4d6b8cb1d482e5066f9ca575ebd3b67af4a32562
hac,20x,6,2026-06-11T07:21:32.710471+00:00,10.0,20.0,35.0,35.0,unprocessed-dorado,4,95.46263158773014,True,False,False,1.0,ee7a50a277fef6153a1cc05f9cc2afd227e940efbd36a4c2b0abe9a57580901b,3e7cfddea1d70f28dbf0ec0a605e0a0e4201d8a77c82fc3d93e97e30380c297f,4d6b8cb1d482e5066f9ca575ebd3b67af4a32562
hac,20x,6,2026-06-11T07:21:32.710471+00:00,10.0,20.0,35.0,35.0,seqkit-barbell,5,93.15946365342992,True,False,False,1.0,ee7a50a277fef6153a1cc05f9cc2afd227e940efbd36a4c2b0abe9a57580901b,3e7cfddea1d70f28dbf0ec0a605e0a0e4201d8a77c82fc3d93e97e30380c297f,4d6b8cb1d482e5066f9ca575ebd3b67af4a32562
hac,20x,6,2026-06-11T07:21:32.710471+00:00,10.0,20.0,35.0,35.0,chopper-barbell,6,91.68003923202889,True,False,False,1.0,ee7a50a277fef6153a1cc05f9cc2afd227e940efbd36a4c2b0abe9a57580901b,3e7cfddea1d70f28dbf0ec0a605e0a0e4201d8a77c82fc3d93e97e30380c297f,4d6b8cb1d482e5066f9ca575ebd3b67af4a32562
hac,20x,6,2026-06-11T07:21:32.710471+00:00,10.0,20.0,35.0,35.0,unprocessed-untrimmed,7,86.06906741047032,True,True,False,1.0,ee7a50a277fef6153a1cc05f9cc2afd227e940efbd36a4c2b0abe9a57580901b,3e7cfddea1d70f28dbf0ec0a605e0a0e4201d8a77c82fc3d93e97e30380c297f,4d6b8cb1d482e5066f9ca575ebd3b67af4a32562
hac,20x,6,2026-06-11T07:21:32.710471+00:00,10.0,20.0,35.0,35.0,fastplong-all,8,86.04851239154375,True,True,False,1.0,ee7a50a277fef6153a1cc05f9cc2afd227e940efbd36a4c2b0abe9a57580901b,3e7cfddea1d70f28dbf0ec0a605e0a0e4201d8a77c82fc3d93e97e30380c297f,4d6b8cb1d482e5066f9ca575ebd3b67af4a32562
hac,20x,6,2026-06-11T07:21:32.710471+00:00,10.0,20.0,35.0,35.0,seqkit-porechop_abi,9,86.00976428973809,True,True,False,1.0,ee7a50a277fef6153a1cc05f9cc2afd227e940efbd36a4c2b0abe9a57580901b,3e7cfddea1d70f28dbf0ec0a605e0a0e4201d8a77c82fc3d93e97e30380c297f,4d6b8cb1d482e5066f9ca575ebd3b67af4a32562
hac,20x,6,2026-06-11T07:21:32.710471+00:00,10.0,20.0,35.0,35.0,chopper-porechop_abi,10,84.08478648556604,True,True,False,1.0,ee7a50a277fef6153a1cc05f9cc2afd227e940efbd36a4c2b0abe9a57580901b,3e7cfddea1d70f28dbf0ec0a605e0a0e4201d8a77c82fc3d93e97e30380c297f,4d6b8cb1d482e5066f9ca575ebd3b67af4a32562
hac,20x,6,2026-06-11T07:21:32.710471+00:00,10.0,20.0,35.0,35.0,unprocessed-barbell,11,83.13076657992232,True,True,False,1.0,ee7a50a277fef6153a1cc05f9cc2afd227e940efbd36a4c2b0abe9a57580901b,3e7cfddea1d70f28dbf0ec0a605e0a0e4201d8a77c82fc3d93e97e30380c297f,4d6b8cb1d482e5066f9ca575ebd3b67af4a32562
hac,20x,6,2026-06-11T07:21:32.710471+00:00,10.0,20.0,35.0,35.0,seqkit-untrimmed,12,74.55305823809326,True,False,False,1.0,ee7a50a277fef6153a1cc05f9cc2afd227e940efbd36a4c2b0abe9a57580901b,3e7cfddea1d70f28dbf0ec0a605e0a0e4201d8a77c82fc3d93e97e30380c297f,4d6b8cb1d482e5066f9ca575ebd3b67af4a32562
hac,20x,6,2026-06-11T07:21:32.710471+00:00,10.0,20.0,35.0,35.0,chopper-untrimmed,13,68.90787951124122,True,False,False,1.0,ee7a50a277fef6153a1cc05f9cc2afd227e940efbd36a4c2b0abe9a57580901b,3e7cfddea1d70f28dbf0ec0a605e0a0e4201d8a77c82fc3d93e97e30380c297f,4d6b8cb1d482e5066f9ca575ebd3b67af4a32562
hac,20x,6,2026-06-11T07:21:32.710471+00:00,10.0,20.0,35.0,35.0,filtlong-porechop_abi,14,63.39529574137763,True,False,False,1.0,ee7a50a277fef6153a1cc05f9cc2afd227e940efbd36a4c2b0abe9a57580901b,3e7cfddea1d70f28dbf0ec0a605e0a0e4201d8a77c82fc3d93e97e30380c297f,4d6b8cb1d482e5066f9ca575ebd3b67af4a32562
hac,20x,6,2026-06-11T07:21:32.710471+00:00,10.0,20.0,35.0,35.0,filtlong-dorado,15,61.67037733274923,True,False,False,1.0,ee7a50a277fef6153a1cc05f9cc2afd227e940efbd36a4c2b0abe9a57580901b,3e7cfddea1d70f28dbf0ec0a605e0a0e4201d8a77c82fc3d93e97e30380c297f,4d6b8cb1d482e5066f9ca575ebd3b67af4a32562
hac,20x,6,2026-06-11T07:21:32.710471+00:00,10.0,20.0,35.0,35.0,filtlong-untrimmed,16,59.56053038776265,True,True,False,1.0,ee7a50a277fef6153a1cc05f9cc2afd227e940efbd36a4c2b0abe9a57580901b,3e7cfddea1d70f28dbf0ec0a605e0a0e4201d8a77c82fc3d93e97e30380c297f,4d6b8cb1d482e5066f9ca575ebd3b67af4a32562
hac,20x,6,2026-06-11T07:21:32.710471+00:00,10.0,20.0,35.0,35.0,filtlong-barbell,17,58.794682478986154,True,True,False,1.0,ee7a50a277fef6153a1cc05f9cc2afd227e940efbd36a4c2b0abe9a57580901b,3e7cfddea1d70f28dbf0ec0a605e0a0e4201d8a77c82fc3d93e97e30380c297f,4d6b8cb1d482e5066f9ca575ebd3b67af4a32562
hac,20x,7,2026-06-11T07:30:02.300791+00:00,25.0,15.0,10.0,50.0,seqkit-dorado,1,95.20537796987075,True,False,True,1.0,ee7a50a277fef6153a1cc05f9cc2afd227e940efbd36a4c2b0abe9a57580901b,3e7cfddea1d70f28dbf0ec0a605e0a0e4201d8a77c82fc3d93e97e30380c297f,4d6b8cb1d482e5066f9ca575ebd3b67af4a32562
hac,20x,7,2026-06-11T07:30:02.300791+00:00,25.0,15.0,10.0,50.0,chopper-dorado,2,93.30110667709789,True,True,False,1.0,ee7a50a277fef6153a1cc05f9cc2afd227e940efbd36a4c2b0abe9a57580901b,3e7cfddea1d70f28dbf0ec0a605e0a0e4201d8a77c82fc3d93e97e30380c297f,4d6b8cb1d482e5066f9ca575ebd3b67af4a32562
hac,20x,7,2026-06-11T07:30:02.300791+00:00,25.0,15.0,10.0,50.0,unprocessed-porechop_abi,3,92.51810940669148,True,True,False,1.0,ee7a50a277fef6153a1cc05f9cc2afd227e940efbd36a4c2b0abe9a57580901b,3e7cfddea1d70f28dbf0ec0a605e0a0e4201d8a77c82fc3d93e97e30380c297f,4d6b8cb1d482e5066f9ca575ebd3b67af4a32562
hac,20x,7,2026-06-11T07:30:02.300791+00:00,25.0,15.0,10.0,50.0,unprocessed-dorado,4,91.14908907541299,True,False,False,1.0,ee7a50a277fef6153a1cc05f9cc2afd227e940efbd36a4c2b0abe9a57580901b,3e7cfddea1d70f28dbf0ec0a605e0a0e4201d8a77c82fc3d93e97e30380c297f,4d6b8cb1d482e5066f9ca575ebd3b67af4a32562
hac,20x,7,2026-06-11T07:30:02.300791+00:00,25.0,15.0,10.0,50.0,unprocessed-untrimmed,5,89.08910825016045,True,True,False,1.0,ee7a50a277fef6153a1cc05f9cc2afd227e940efbd36a4c2b0abe9a57580901b,3e7cfddea1d70f28dbf0ec0a605e0a0e4201d8a77c82fc3d93e97e30380c297f,4d6b8cb1d482e5066f9ca575ebd3b67af4a32562
hac,20x,7,2026-06-11T07:30:02.300791+00:00,25.0,15.0,10.0,50.0,seqkit-barbell,6,88.56152081699551,True,True,False,1.0,ee7a50a277fef6153a1cc05f9cc2afd227e940efbd36a4c2b0abe9a57580901b,3e7cfddea1d70f28dbf0ec0a605e0a0e4201d8a77c82fc3d93e97e30380c297f,4d6b8cb1d482e5066f9ca575ebd3b67af4a32562
hac,20x,7,2026-06-11T07:30:02.300791+00:00,25.0,15.0,10.0,50.0,chopper-barbell,7,86.15695250094474,True,False,False,1.0,ee7a50a277fef6153a1cc05f9cc2afd227e940efbd36a4c2b0abe9a57580901b,3e7cfddea1d70f28dbf0ec0a605e0a0e4201d8a77c82fc3d93e97e30380c297f,4d6b8cb1d482e5066f9ca575ebd3b67af4a32562
hac,20x,7,2026-06-11T07:30:02.300791+00:00,25.0,15.0,10.0,50.0,fastplong-all,8,77.62164070391424,True,True,False,1.0,ee7a50a277fef6153a1cc05f9cc2afd227e940efbd36a4c2b0abe9a57580901b,3e7cfddea1d70f28dbf0ec0a605e0a0e4201d8a77c82fc3d93e97e30380c297f,4d6b8cb1d482e5066f9ca575ebd3b67af4a32562
hac,20x,7,2026-06-11T07:30:02.300791+00:00,25.0,15.0,10.0,50.0,seqkit-porechop_abi,9,77.53200270448306,True,True,False,1.0,ee7a50a277fef6153a1cc05f9cc2afd227e940efbd36a4c2b0abe9a57580901b,3e7cfddea1d70f28dbf0ec0a605e0a0e4201d8a77c82fc3d93e97e30380c297f,4d6b8cb1d482e5066f9ca575ebd3b67af4a32562
hac,20x,7,2026-06-11T07:30:02.300791+00:00,25.0,15.0,10.0,50.0,chopper-porechop_abi,10,75.90115396673862,True,False,False,1.0,ee7a50a277fef6153a1cc05f9cc2afd227e940efbd36a4c2b0abe9a57580901b,3e7cfddea1d70f28dbf0ec0a605e0a0e4201d8a77c82fc3d93e97e30380c297f,4d6b8cb1d482e5066f9ca575ebd3b67af4a32562
hac,20x,7,2026-06-11T07:30:02.300791+00:00,25.0,15.0,10.0,50.0,seqkit-untrimmed,11,73.86678085805711,True,False,False,1.0,ee7a50a277fef6153a1cc05f9cc2afd227e940efbd36a4c2b0abe9a57580901b,3e7cfddea1d70f28dbf0ec0a605e0a0e4201d8a77c82fc3d93e97e30380c297f,4d6b8cb1d482e5066f9ca575ebd3b67af4a32562
hac,20x,7,2026-06-11T07:30:02.300791+00:00,25.0,15.0,10.0,50.0,unprocessed-barbell,12,72.51486980673661,True,True,False,1.0,ee7a50a277fef6153a1cc05f9cc2afd227e940efbd36a4c2b0abe9a57580901b,3e7cfddea1d70f28dbf0ec0a605e0a0e4201d8a77c82fc3d93e97e30380c297f,4d6b8cb1d482e5066f9ca575ebd3b67af4a32562
hac,20x,7,2026-06-11T07:30:02.300791+00:00,25.0,15.0,10.0,50.0,chopper-untrimmed,13,71.65097373599502,True,True,False,1.0,ee7a50a277fef6153a1cc05f9cc2afd227e940efbd36a4c2b0abe9a57580901b,3e7cfddea1d70f28dbf0ec0a605e0a0e4201d8a77c82fc3d93e97e30380c297f,4d6b8cb1d482e5066f9ca575ebd3b67af4a32562
hac,20x,7,2026-06-11T07:30:02.300791+00:00,25.0,15.0,10.0,50.0,filtlong-porechop_abi,14,45.99377949834092,True,False,False,1.0,ee7a50a277fef6153a1cc05f9cc2afd227e940efbd36a4c2b0abe9a57580901b,3e7cfddea1d70f28dbf0ec0a605e0a0e4201d8a77c82fc3d93e97e30380c297f,4d6b8cb1d482e5066f9ca575ebd3b67af4a32562
hac,20x,7,2026-06-11T07:30:02.300791+00:00,25.0,15.0,10.0,50.0,filtlong-untrimmed,15,44.35559009851429,True,True,False,1.0,ee7a50a277fef6153a1cc05f9cc2afd227e940efbd36a4c2b0abe9a57580901b,3e7cfddea1d70f28dbf0ec0a605e0a0e4201d8a77c82fc3d93e97e30380c297f,4d6b8cb1d482e5066f9ca575ebd3b67af4a32562
hac,20x,7,2026-06-11T07:30:02.300791+00:00,25.0,15.0,10.0,50.0,filtlong-dorado,16,43.60432146110038,True,True,False,1.0,ee7a50a277fef6153a1cc05f9cc2afd227e940efbd36a4c2b0abe9a57580901b,3e7cfddea1d70f28dbf0ec0a605e0a0e4201d8a77c82fc3d93e97e30380c297f,4d6b8cb1d482e5066f9ca575ebd3b67af4a32562
hac,20x,7,2026-06-11T07:30:02.300791+00:00,25.0,15.0,10.0,50.0,filtlong-barbell,17,37.861396474624236,True,False,False,1.0,ee7a50a277fef6153a1cc05f9cc2afd227e940efbd36a4c2b0abe9a57580901b,3e7cfddea1d70f28dbf0ec0a605e0a0e4201d8a77c82fc3d93e97e30380c297f,4d6b8cb1d482e5066f9ca575ebd3b67af4a32562
hac,20x,8,2026-06-11T09:05:43.656374+00:00,25.0,40.0,5.0,30.0,seqkit-dorado,1,95.18549509914254,True,False,True,1.0,ee7a50a277fef6153a1cc05f9cc2afd227e940efbd36a4c2b0abe9a57580901b,3e7cfddea1d70f28dbf0ec0a605e0a0e4201d8a77c82fc3d93e97e30380c297f,4d6b8cb1d482e5066f9ca575ebd3b67af4a32562
hac,20x,8,2026-06-11T09:05:43.656374+00:00,25.0,40.0,5.0,30.0,chopper-dorado,2,92.36705370303025,True,True,False,1.0,ee7a50a277fef6153a1cc05f9cc2afd227e940efbd36a4c2b0abe9a57580901b,3e7cfddea1d70f28dbf0ec0a605e0a0e4201d8a77c82fc3d93e97e30380c297f,4d6b8cb1d482e5066f9ca575ebd3b67af4a32562
hac,20x,8,2026-06-11T09:05:43.656374+00:00,25.0,40.0,5.0,30.0,unprocessed-porechop_abi,3,91.69572764861314,True,True,False,1.0,ee7a50a277fef6153a1cc05f9cc2afd227e940efbd36a4c2b0abe9a57580901b,3e7cfddea1d70f28dbf0ec0a605e0a0e4201d8a77c82fc3d93e97e30380c297f,4d6b8cb1d482e5066f9ca575ebd3b67af4a32562
hac,20x,8,2026-06-11T09:05:43.656374+00:00,25.0,40.0,5.0,30.0,unprocessed-untrimmed,4,90.57736559017142,True,False,False,1.0,ee7a50a277fef6153a1cc05f9cc2afd227e940efbd36a4c2b0abe9a57580901b,3e7cfddea1d70f28dbf0ec0a605e0a0e4201d8a77c82fc3d93e97e30380c297f,4d6b8cb1d482e5066f9ca575ebd3b67af4a32562
hac,20x,8,2026-06-11T09:05:43.656374+00:00,25.0,40.0,5.0,30.0,unprocessed-dorado,5,89.36872471392182,True,False,False,1.0,ee7a50a277fef6153a1cc05f9cc2afd227e940efbd36a4c2b0abe9a57580901b,3e7cfddea1d70f28dbf0ec0a605e0a0e4201d8a77c82fc3d93e97e30380c297f,4d6b8cb1d482e5066f9ca575ebd3b67af4a32562
hac,20x,8,2026-06-11T09:05:43.656374+00:00,25.0,40.0,5.0,30.0,seqkit-barbell,6,84.51661961455213,True,True,False,1.0,ee7a50a277fef6153a1cc05f9cc2afd227e940efbd36a4c2b0abe9a57580901b,3e7cfddea1d70f28dbf0ec0a605e0a0e4201d8a77c82fc3d93e97e30380c297f,4d6b8cb1d482e5066f9ca575ebd3b67af4a32562
hac,20x,8,2026-06-11T09:05:43.656374+00:00,25.0,40.0,5.0,30.0,fastplong-all,7,84.28805042411315,True,True,False,1.0,ee7a50a277fef6153a1cc05f9cc2afd227e940efbd36a4c2b0abe9a57580901b,3e7cfddea1d70f28dbf0ec0a605e0a0e4201d8a77c82fc3d93e97e30380c297f,4d6b8cb1d482e5066f9ca575ebd3b67af4a32562
hac,20x,8,2026-06-11T09:05:43.656374+00:00,25.0,40.0,5.0,30.0,seqkit-porechop_abi,8,84.19324652819414,True,True,False,1.0,ee7a50a277fef6153a1cc05f9cc2afd227e940efbd36a4c2b0abe9a57580901b,3e7cfddea1d70f28dbf0ec0a605e0a0e4201d8a77c82fc3d93e97e30380c297f,4d6b8cb1d482e5066f9ca575ebd3b67af4a32562
hac,20x,8,2026-06-11T09:05:43.656374+00:00,25.0,40.0,5.0,30.0,seqkit-untrimmed,9,81.25906519413522,True,True,False,1.0,ee7a50a277fef6153a1cc05f9cc2afd227e940efbd36a4c2b0abe9a57580901b,3e7cfddea1d70f28dbf0ec0a605e0a0e4201d8a77c82fc3d93e97e30380c297f,4d6b8cb1d482e5066f9ca575ebd3b67af4a32562
hac,20x,8,2026-06-11T09:05:43.656374+00:00,25.0,40.0,5.0,30.0,chopper-barbell,10,81.18777077175008,True,True,False,1.0,ee7a50a277fef6153a1cc05f9cc2afd227e940efbd36a4c2b0abe9a57580901b,3e7cfddea1d70f28dbf0ec0a605e0a0e4201d8a77c82fc3d93e97e30380c297f,4d6b8cb1d482e5066f9ca575ebd3b67af4a32562
hac,20x,8,2026-06-11T09:05:43.656374+00:00,25.0,40.0,5.0,30.0,chopper-porechop_abi,11,80.28982938138847,True,True,False,1.0,ee7a50a277fef6153a1cc05f9cc2afd227e940efbd36a4c2b0abe9a57580901b,3e7cfddea1d70f28dbf0ec0a605e0a0e4201d8a77c82fc3d93e97e30380c297f,4d6b8cb1d482e5066f9ca575ebd3b67af4a32562
hac,20x,8,2026-06-11T09:05:43.656374+00:00,25.0,40.0,5.0,30.0,chopper-untrimmed,12,79.83101543273884,True,True,False,1.0,ee7a50a277fef6153a1cc05f9cc2afd227e940efbd36a4c2b0abe9a57580901b,3e7cfddea1d70f28dbf0ec0a605e0a0e4201d8a77c82fc3d93e97e30380c297f,4d6b8cb1d482e5066f9ca575ebd3b67af4a32562
hac,20x,8,2026-06-11T09:05:43.656374+00:00,25.0,40.0,5.0,30.0,unprocessed-barbell,13,77.61871264702413,True,False,False,1.0,ee7a50a277fef6153a1cc05f9cc2afd227e940efbd36a4c2b0abe9a57580901b,3e7cfddea1d70f28dbf0ec0a605e0a0e4201d8a77c82fc3d93e97e30380c297f,4d6b8cb1d482e5066f9ca575ebd3b67af4a32562
hac,20x,8,2026-06-11T09:05:43.656374+00:00,25.0,40.0,5.0,30.0,filtlong-porechop_abi,14,65.98982225198603,True,False,False,1.0,ee7a50a277fef6153a1cc05f9cc2afd227e940efbd36a4c2b0abe9a57580901b,3e7cfddea1d70f28dbf0ec0a605e0a0e4201d8a77c82fc3d93e97e30380c297f,4d6b8cb1d482e5066f9ca575ebd3b67af4a32562
hac,20x,8,2026-06-11T09:05:43.656374+00:00,25.0,40.0,5.0,30.0,filtlong-untrimmed,15,63.31683000629452,True,False,False,1.0,ee7a50a277fef6153a1cc05f9cc2afd227e940efbd36a4c2b0abe9a57580901b,3e7cfddea1d70f28dbf0ec0a605e0a0e4201d8a77c82fc3d93e97e30380c297f,4d6b8cb1d482e5066f9ca575ebd3b67af4a32562
hac,20x,8,2026-06-11T09:05:43.656374+00:00,25.0,40.0,5.0,30.0,filtlong-dorado,16,62.22690851165229,True,False,False,1.0,ee7a50a277fef6153a1cc05f9cc2afd227e940efbd36a4c2b0abe9a57580901b,3e7cfddea1d70f28dbf0ec0a605e0a0e4201d8a77c82fc3d93e97e30380c297f,4d6b8cb1d482e5066f9ca575ebd3b67af4a32562
hac,20x,8,2026-06-11T09:05:43.656374+00:00,25.0,40.0,5.0,30.0,filtlong-barbell,17,55.450903419510766,True,False,False,1.0,ee7a50a277fef6153a1cc05f9cc2afd227e940efbd36a4c2b0abe9a57580901b,3e7cfddea1d70f28dbf0ec0a605e0a0e4201d8a77c82fc3d93e97e30380c297f,4d6b8cb1d482e5066f9ca575ebd3b67af4a32562
hac,20x,9,2026-06-11T14:02:05.818988+00:00,35.0,10.0,25.0,30.0,seqkit-dorado,1,93.29627762093948,True,False,True,1.0,ee7a50a277fef6153a1cc05f9cc2afd227e940efbd36a4c2b0abe9a57580901b,3e7cfddea1d70f28dbf0ec0a605e0a0e4201d8a77c82fc3d93e97e30380c297f,4d6b8cb1d482e5066f9ca575ebd3b67af4a32562
hac,20x,9,2026-06-11T14:02:05.818988+00:00,35.0,10.0,25.0,30.0,chopper-dorado,2,91.03253265652678,True,False,False,1.0,ee7a50a277fef6153a1cc05f9cc2afd227e940efbd36a4c2b0abe9a57580901b,3e7cfddea1d70f28dbf0ec0a605e0a0e4201d8a77c82fc3d93e97e30380c297f,4d6b8cb1d482e5066f9ca575ebd3b67af4a32562
hac,20x,9,2026-06-11T14:02:05.818988+00:00,35.0,10.0,25.0,30.0,unprocessed-porechop_abi,3,89.8872011429225,True,False,False,1.0,ee7a50a277fef6153a1cc05f9cc2afd227e940efbd36a4c2b0abe9a57580901b,3e7cfddea1d70f28dbf0ec0a605e0a0e4201d8a77c82fc3d93e97e30380c297f,4d6b8cb1d482e5066f9ca575ebd3b67af4a32562
hac,20x,9,2026-06-11T14:02:05.818988+00:00,35.0,10.0,25.0,30.0,unprocessed-dorado,4,88.39208502463428,True,False,False,1.0,ee7a50a277fef6153a1cc05f9cc2afd227e940efbd36a4c2b0abe9a57580901b,3e7cfddea1d70f28dbf0ec0a605e0a0e4201d8a77c82fc3d93e97e30380c297f,4d6b8cb1d482e5066f9ca575ebd3b67af4a32562
hac,20x,9,2026-06-11T14:02:05.818988+00:00,35.0,10.0,25.0,30.0,seqkit-barbell,5,85.76588567286879,True,False,False,1.0,ee7a50a277fef6153a1cc05f9cc2afd227e940efbd36a4c2b0abe9a57580901b,3e7cfddea1d70f28dbf0ec0a605e0a0e4201d8a77c82fc3d93e97e30380c297f,4d6b8cb1d482e5066f9ca575ebd3b67af4a32562
hac,20x,9,2026-06-11T14:02:05.818988+00:00,35.0,10.0,25.0,30.0,chopper-barbell,6,82.80617346216827,True,True,False,1.0,ee7a50a277fef6153a1cc05f9cc2afd227e940efbd36a4c2b0abe9a57580901b,3e7cfddea1d70f28dbf0ec0a605e0a0e4201d8a77c82fc3d93e97e30380c297f,4d6b8cb1d482e5066f9ca575ebd3b67af4a32562
hac,20x,9,2026-06-11T14:02:05.818988+00:00,35.0,10.0,25.0,30.0,fastplong-all,7,82.00374337525905,True,True,False,1.0,ee7a50a277fef6153a1cc05f9cc2afd227e940efbd36a4c2b0abe9a57580901b,3e7cfddea1d70f28dbf0ec0a605e0a0e4201d8a77c82fc3d93e97e30380c297f,4d6b8cb1d482e5066f9ca575ebd3b67af4a32562
hac,20x,9,2026-06-11T14:02:05.818988+00:00,35.0,10.0,25.0,30.0,seqkit-porechop_abi,8,81.88052317051007,True,True,False,1.0,ee7a50a277fef6153a1cc05f9cc2afd227e940efbd36a4c2b0abe9a57580901b,3e7cfddea1d70f28dbf0ec0a605e0a0e4201d8a77c82fc3d93e97e30380c297f,4d6b8cb1d482e5066f9ca575ebd3b67af4a32562
hac,20x,9,2026-06-11T14:02:05.818988+00:00,35.0,10.0,25.0,30.0,unprocessed-untrimmed,9,81.36222601292747,True,True,False,1.0,ee7a50a277fef6153a1cc05f9cc2afd227e940efbd36a4c2b0abe9a57580901b,3e7cfddea1d70f28dbf0ec0a605e0a0e4201d8a77c82fc3d93e97e30380c297f,4d6b8cb1d482e5066f9ca575ebd3b67af4a32562
hac,20x,9,2026-06-11T14:02:05.818988+00:00,35.0,10.0,25.0,30.0,chopper-porechop_abi,10,80.59726503765482,True,True,False,1.0,ee7a50a277fef6153a1cc05f9cc2afd227e940efbd36a4c2b0abe9a57580901b,3e7cfddea1d70f28dbf0ec0a605e0a0e4201d8a77c82fc3d93e97e30380c297f,4d6b8cb1d482e5066f9ca575ebd3b67af4a32562
hac,20x,9,2026-06-11T14:02:05.818988+00:00,35.0,10.0,25.0,30.0,unprocessed-barbell,11,75.54179354637142,True,False,False,1.0,ee7a50a277fef6153a1cc05f9cc2afd227e940efbd36a4c2b0abe9a57580901b,3e7cfddea1d70f28dbf0ec0a605e0a0e4201d8a77c82fc3d93e97e30380c297f,4d6b8cb1d482e5066f9ca575ebd3b67af4a32562
hac,20x,9,2026-06-11T14:02:05.818988+00:00,35.0,10.0,25.0,30.0,seqkit-untrimmed,12,73.71986245237996,True,False,False,1.0,ee7a50a277fef6153a1cc05f9cc2afd227e940efbd36a4c2b0abe9a57580901b,3e7cfddea1d70f28dbf0ec0a605e0a0e4201d8a77c82fc3d93e97e30380c297f,4d6b8cb1d482e5066f9ca575ebd3b67af4a32562
hac,20x,9,2026-06-11T14:02:05.818988+00:00,35.0,10.0,25.0,30.0,chopper-untrimmed,13,68.91727308895393,True,False,False,1.0,ee7a50a277fef6153a1cc05f9cc2afd227e940efbd36a4c2b0abe9a57580901b,3e7cfddea1d70f28dbf0ec0a605e0a0e4201d8a77c82fc3d93e97e30380c297f,4d6b8cb1d482e5066f9ca575ebd3b67af4a32562
hac,20x,9,2026-06-11T14:02:05.818988+00:00,35.0,10.0,25.0,30.0,filtlong-porechop_abi,14,64.39303248607342,True,False,False,1.0,ee7a50a277fef6153a1cc05f9cc2afd227e940efbd36a4c2b0abe9a57580901b,3e7cfddea1d70f28dbf0ec0a605e0a0e4201d8a77c82fc3d93e97e30380c297f,4d6b8cb1d482e5066f9ca575ebd3b67af4a32562
hac,20x,9,2026-06-11T14:02:05.818988+00:00,35.0,10.0,25.0,30.0,filtlong-untrimmed,15,61.87795750157364,True,True,False,1.0,ee7a50a277fef6153a1cc05f9cc2afd227e940efbd36a4c2b0abe9a57580901b,3e7cfddea1d70f28dbf0ec0a605e0a0e4201d8a77c82fc3d93e97e30380c297f,4d6b8cb1d482e5066f9ca575ebd3b67af4a32562
hac,20x,9,2026-06-11T14:02:05.818988+00:00,35.0,10.0,25.0,30.0,filtlong-dorado,16,61.65211174329768,True,True,False,1.0,ee7a50a277fef6153a1cc05f9cc2afd227e940efbd36a4c2b0abe9a57580901b,3e7cfddea1d70f28dbf0ec0a605e0a0e4201d8a77c82fc3d93e97e30380c297f,4d6b8cb1d482e5066f9ca575ebd3b67af4a32562
hac,20x,9,2026-06-11T14:02:05.818988+00:00,35.0,10.0,25.0,30.0,filtlong-barbell,17,54.06657200872385,True,False,False,1.0,ee7a50a277fef6153a1cc05f9cc2afd227e940efbd36a4c2b0abe9a57580901b,3e7cfddea1d70f28dbf0ec0a605e0a0e4201d8a77c82fc3d93e97e30380c297f,4d6b8cb1d482e5066f9ca575ebd3b67af4a32562
hac,20x,10,2026-06-11T15:38:20.193610+00:00,0.0,25.0,25.0,50.0,seqkit-dorado,1,99.98011712927179,True,True,True,1.0,ee7a50a277fef6153a1cc05f9cc2afd227e940efbd36a4c2b0abe9a57580901b,3e7cfddea1d70f28dbf0ec0a605e0a0e4201d8a77c82fc3d93e97e30380c297f,4d6b8cb1d482e5066f9ca575ebd3b67af4a32562
hac,20x,10,2026-06-11T15:38:20.193610+00:00,0.0,25.0,25.0,50.0,unprocessed-porechop_abi,2,99.17761824192168,True,True,False,1.0,ee7a50a277fef6153a1cc05f9cc2afd227e940efbd36a4c2b0abe9a57580901b,3e7cfddea1d70f28dbf0ec0a605e0a0e4201d8a77c82fc3d93e97e30380c297f,4d6b8cb1d482e5066f9ca575ebd3b67af4a32562
hac,20x,10,2026-06-11T15:38:20.193610+00:00,0.0,25.0,25.0,50.0,chopper-dorado,3,99.06594702593236,True,True,False,1.0,ee7a50a277fef6153a1cc05f9cc2afd227e940efbd36a4c2b0abe9a57580901b,3e7cfddea1d70f28dbf0ec0a605e0a0e4201d8a77c82fc3d93e97e30380c297f,4d6b8cb1d482e5066f9ca575ebd3b67af4a32562
hac,20x,10,2026-06-11T15:38:20.193610+00:00,0.0,25.0,25.0,50.0,unprocessed-dorado,4,98.21963563850882,True,True,False,1.0,ee7a50a277fef6153a1cc05f9cc2afd227e940efbd36a4c2b0abe9a57580901b,3e7cfddea1d70f28dbf0ec0a605e0a0e4201d8a77c82fc3d93e97e30380c297f,4d6b8cb1d482e5066f9ca575ebd3b67af4a32562
hac,20x,10,2026-06-11T15:38:20.193610+00:00,0.0,25.0,25.0,50.0,seqkit-barbell,5,95.95509879755662,True,True,False,1.0,ee7a50a277fef6153a1cc05f9cc2afd227e940efbd36a4c2b0abe9a57580901b,3e7cfddea1d70f28dbf0ec0a605e0a0e4201d8a77c82fc3d93e97e30380c297f,4d6b8cb1d482e5066f9ca575ebd3b67af4a32562
hac,20x,10,2026-06-11T15:38:20.193610+00:00,0.0,25.0,25.0,50.0,chopper-barbell,6,95.03081827080534,True,True,False,1.0,ee7a50a277fef6153a1cc05f9cc2afd227e940efbd36a4c2b0abe9a57580901b,3e7cfddea1d70f28dbf0ec0a605e0a0e4201d8a77c82fc3d93e97e30380c297f,4d6b8cb1d482e5066f9ca575ebd3b67af4a32562
hac,20x,10,2026-06-11T15:38:20.193610+00:00,0.0,25.0,25.0,50.0,unprocessed-untrimmed,7,92.25748810924175,True,False,False,1.0,ee7a50a277fef6153a1cc05f9cc2afd227e940efbd36a4c2b0abe9a57580901b,3e7cfddea1d70f28dbf0ec0a605e0a0e4201d8a77c82fc3d93e97e30380c297f,4d6b8cb1d482e5066f9ca575ebd3b67af4a32562
hac,20x,10,2026-06-11T15:38:20.193610+00:00,0.0,25.0,25.0,50.0,fastplong-all,8,83.3330763868656,True,True,False,1.0,ee7a50a277fef6153a1cc05f9cc2afd227e940efbd36a4c2b0abe9a57580901b,3e7cfddea1d70f28dbf0ec0a605e0a0e4201d8a77c82fc3d93e97e30380c297f,4d6b8cb1d482e5066f9ca575ebd3b67af4a32562
hac,20x,10,2026-06-11T15:38:20.193610+00:00,0.0,25.0,25.0,50.0,seqkit-porechop_abi,9,83.32791049037775,True,True,False,1.0,ee7a50a277fef6153a1cc05f9cc2afd227e940efbd36a4c2b0abe9a57580901b,3e7cfddea1d70f28dbf0ec0a605e0a0e4201d8a77c82fc3d93e97e30380c297f,4d6b8cb1d482e5066f9ca575ebd3b67af4a32562
hac,20x,10,2026-06-11T15:38:20.193610+00:00,0.0,25.0,25.0,50.0,unprocessed-barbell,10,81.77050950695418,True,True,False,1.0,ee7a50a277fef6153a1cc05f9cc2afd227e940efbd36a4c2b0abe9a57580901b,3e7cfddea1d70f28dbf0ec0a605e0a0e4201d8a77c82fc3d93e97e30380c297f,4d6b8cb1d482e5066f9ca575ebd3b67af4a32562
hac,20x,10,2026-06-11T15:38:20.193610+00:00,0.0,25.0,25.0,50.0,chopper-porechop_abi,11,81.05534208131652,True,True,False,1.0,ee7a50a277fef6153a1cc05f9cc2afd227e940efbd36a4c2b0abe9a57580901b,3e7cfddea1d70f28dbf0ec0a605e0a0e4201d8a77c82fc3d93e97e30380c297f,4d6b8cb1d482e5066f9ca575ebd3b67af4a32562
hac,20x,10,2026-06-11T15:38:20.193610+00:00,0.0,25.0,25.0,50.0,seqkit-untrimmed,12,74.82818177197554,True,False,False,1.0,ee7a50a277fef6153a1cc05f9cc2afd227e940efbd36a4c2b0abe9a57580901b,3e7cfddea1d70f28dbf0ec0a605e0a0e4201d8a77c82fc3d93e97e30380c297f,4d6b8cb1d482e5066f9ca575ebd3b67af4a32562
hac,20x,10,2026-06-11T15:38:20.193610+00:00,0.0,25.0,25.0,50.0,chopper-untrimmed,13,71.00055451725665,True,False,False,1.0,ee7a50a277fef6153a1cc05f9cc2afd227e940efbd36a4c2b0abe9a57580901b,3e7cfddea1d70f28dbf0ec0a605e0a0e4201d8a77c82fc3d93e97e30380c297f,4d6b8cb1d482e5066f9ca575ebd3b67af4a32562
hac,20x,10,2026-06-11T15:38:20.193610+00:00,0.0,25.0,25.0,50.0,filtlong-porechop_abi,14,49.99604275364511,True,False,False,1.0,ee7a50a277fef6153a1cc05f9cc2afd227e940efbd36a4c2b0abe9a57580901b,3e7cfddea1d70f28dbf0ec0a605e0a0e4201d8a77c82fc3d93e97e30380c297f,4d6b8cb1d482e5066f9ca575ebd3b67af4a32562
hac,20x,10,2026-06-11T15:38:20.193610+00:00,0.0,25.0,25.0,50.0,filtlong-dorado,15,48.62258705055192,True,False,False,1.0,ee7a50a277fef6153a1cc05f9cc2afd227e940efbd36a4c2b0abe9a57580901b,3e7cfddea1d70f28dbf0ec0a605e0a0e4201d8a77c82fc3d93e97e30380c297f,4d6b8cb1d482e5066f9ca575ebd3b67af4a32562
hac,20x,10,2026-06-11T15:38:20.193610+00:00,0.0,25.0,25.0,50.0,filtlong-barbell,16,47.589506944886544,True,True,False,1.0,ee7a50a277fef6153a1cc05f9cc2afd227e940efbd36a4c2b0abe9a57580901b,3e7cfddea1d70f28dbf0ec0a605e0a0e4201d8a77c82fc3d93e97e30380c297f,4d6b8cb1d482e5066f9ca575ebd3b67af4a32562
hac,20x,10,2026-06-11T15:38:20.193610+00:00,0.0,25.0,25.0,50.0,filtlong-untrimmed,17,46.653547600087926,True,True,False,1.0,ee7a50a277fef6153a1cc05f9cc2afd227e940efbd36a4c2b0abe9a57580901b,3e7cfddea1d70f28dbf0ec0a605e0a0e4201d8a77c82fc3d93e97e30380c297f,4d6b8cb1d482e5066f9ca575ebd3b67af4a32562
hac,20x,11,2026-06-11T17:50:23.421189+00:00,30.0,25.0,20.0,25.0,seqkit-dorado,1,94.240886360041,True,False,True,1.0,ee7a50a277fef6153a1cc05f9cc2afd227e940efbd36a4c2b0abe9a57580901b,3e7cfddea1d70f28dbf0ec0a605e0a0e4201d8a77c82fc3d93e97e30380c297f,4d6b8cb1d482e5066f9ca575ebd3b67af4a32562
hac,20x,11,2026-06-11T17:50:23.421189+00:00,30.0,25.0,20.0,25.0,chopper-dorado,2,91.69979317977851,True,True,False,1.0,ee7a50a277fef6153a1cc05f9cc2afd227e940efbd36a4c2b0abe9a57580901b,3e7cfddea1d70f28dbf0ec0a605e0a0e4201d8a77c82fc3d93e97e30380c297f,4d6b8cb1d482e5066f9ca575ebd3b67af4a32562
hac,20x,11,2026-06-11T17:50:23.421189+00:00,30.0,25.0,20.0,25.0,unprocessed-porechop_abi,3,90.79146439576783,True,True,False,1.0,ee7a50a277fef6153a1cc05f9cc2afd227e940efbd36a4c2b0abe9a57580901b,3e7cfddea1d70f28dbf0ec0a605e0a0e4201d8a77c82fc3d93e97e30380c297f,4d6b8cb1d482e5066f9ca575ebd3b67af4a32562
hac,20x,11,2026-06-11T17:50:23.421189+00:00,30.0,25.0,20.0,25.0,unprocessed-dorado,4,88.88040486927807,True,False,False,1.0,ee7a50a277fef6153a1cc05f9cc2afd227e940efbd36a4c2b0abe9a57580901b,3e7cfddea1d70f28dbf0ec0a605e0a0e4201d8a77c82fc3d93e97e30380c297f,4d6b8cb1d482e5066f9ca575ebd3b67af4a32562
hac,20x,11,2026-06-11T17:50:23.421189+00:00,30.0,25.0,20.0,25.0,seqkit-barbell,5,85.14125264371047,True,True,False,1.0,ee7a50a277fef6153a1cc05f9cc2afd227e940efbd36a4c2b0abe9a57580901b,3e7cfddea1d70f28dbf0ec0a605e0a0e4201d8a77c82fc3d93e97e30380c297f,4d6b8cb1d482e5066f9ca575ebd3b67af4a32562
hac,20x,11,2026-06-11T17:50:23.421189+00:00,30.0,25.0,20.0,25.0,fastplong-all,6,84.81256356635276,True,True,False,1.0,ee7a50a277fef6153a1cc05f9cc2afd227e940efbd36a4c2b0abe9a57580901b,3e7cfddea1d70f28dbf0ec0a605e0a0e4201d8a77c82fc3d93e97e30380c297f,4d6b8cb1d482e5066f9ca575ebd3b67af4a32562
hac,20x,11,2026-06-11T17:50:23.421189+00:00,30.0,25.0,20.0,25.0,seqkit-porechop_abi,7,84.70355151601876,True,True,False,1.0,ee7a50a277fef6153a1cc05f9cc2afd227e940efbd36a4c2b0abe9a57580901b,3e7cfddea1d70f28dbf0ec0a605e0a0e4201d8a77c82fc3d93e97e30380c297f,4d6b8cb1d482e5066f9ca575ebd3b67af4a32562
hac,20x,11,2026-06-11T17:50:23.421189+00:00,30.0,25.0,20.0,25.0,unprocessed-untrimmed,8,84.43133426308792,True,True,False,1.0,ee7a50a277fef6153a1cc05f9cc2afd227e940efbd36a4c2b0abe9a57580901b,3e7cfddea1d70f28dbf0ec0a605e0a0e4201d8a77c82fc3d93e97e30380c297f,4d6b8cb1d482e5066f9ca575ebd3b67af4a32562
hac,20x,11,2026-06-11T17:50:23.421189+00:00,30.0,25.0,20.0,25.0,chopper-porechop_abi,9,82.1102138761883,True,True,False,1.0,ee7a50a277fef6153a1cc05f9cc2afd227e940efbd36a4c2b0abe9a57580901b,3e7cfddea1d70f28dbf0ec0a605e0a0e4201d8a77c82fc3d93e97e30380c297f,4d6b8cb1d482e5066f9ca575ebd3b67af4a32562
hac,20x,11,2026-06-11T17:50:23.421189+00:00,30.0,25.0,20.0,25.0,chopper-barbell,10,81.99697211695918,True,True,False,1.0,ee7a50a277fef6153a1cc05f9cc2afd227e940efbd36a4c2b0abe9a57580901b,3e7cfddea1d70f28dbf0ec0a605e0a0e4201d8a77c82fc3d93e97e30380c297f,4d6b8cb1d482e5066f9ca575ebd3b67af4a32562
hac,20x,11,2026-06-11T17:50:23.421189+00:00,30.0,25.0,20.0,25.0,unprocessed-barbell,11,78.24691976336445,True,True,False,1.0,ee7a50a277fef6153a1cc05f9cc2afd227e940efbd36a4c2b0abe9a57580901b,3e7cfddea1d70f28dbf0ec0a605e0a0e4201d8a77c82fc3d93e97e30380c297f,4d6b8cb1d482e5066f9ca575ebd3b67af4a32562
hac,20x,11,2026-06-11T17:50:23.421189+00:00,30.0,25.0,20.0,25.0,seqkit-untrimmed,12,77.61766895146272,True,True,False,1.0,ee7a50a277fef6153a1cc05f9cc2afd227e940efbd36a4c2b0abe9a57580901b,3e7cfddea1d70f28dbf0ec0a605e0a0e4201d8a77c82fc3d93e97e30380c297f,4d6b8cb1d482e5066f9ca575ebd3b67af4a32562
hac,20x,11,2026-06-11T17:50:23.421189+00:00,30.0,25.0,20.0,25.0,chopper-untrimmed,13,73.73311861982076,True,False,False,1.0,ee7a50a277fef6153a1cc05f9cc2afd227e940efbd36a4c2b0abe9a57580901b,3e7cfddea1d70f28dbf0ec0a605e0a0e4201d8a77c82fc3d93e97e30380c297f,4d6b8cb1d482e5066f9ca575ebd3b67af4a32562
hac,20x,11,2026-06-11T17:50:23.421189+00:00,30.0,25.0,20.0,25.0,filtlong-porechop_abi,14,70.19142736902974,True,False,False,1.0,ee7a50a277fef6153a1cc05f9cc2afd227e940efbd36a4c2b0abe9a57580901b,3e7cfddea1d70f28dbf0ec0a605e0a0e4201d8a77c82fc3d93e97e30380c297f,4d6b8cb1d482e5066f9ca575ebd3b67af4a32562
hac,20x,11,2026-06-11T17:50:23.421189+00:00,30.0,25.0,20.0,25.0,filtlong-untrimmed,15,67.2127783693187,True,True,False,1.0,ee7a50a277fef6153a1cc05f9cc2afd227e940efbd36a4c2b0abe9a57580901b,3e7cfddea1d70f28dbf0ec0a605e0a0e4201d8a77c82fc3d93e97e30380c297f,4d6b8cb1d482e5066f9ca575ebd3b67af4a32562
hac,20x,11,2026-06-11T17:50:23.421189+00:00,30.0,25.0,20.0,25.0,filtlong-dorado,16,66.93951012747499,True,True,False,1.0,ee7a50a277fef6153a1cc05f9cc2afd227e940efbd36a4c2b0abe9a57580901b,3e7cfddea1d70f28dbf0ec0a605e0a0e4201d8a77c82fc3d93e97e30380c297f,4d6b8cb1d482e5066f9ca575ebd3b67af4a32562
hac,20x,11,2026-06-11T17:50:23.421189+00:00,30.0,25.0,20.0,25.0,filtlong-barbell,17,59.7587377141173,True,False,False,1.0,ee7a50a277fef6153a1cc05f9cc2afd227e940efbd36a4c2b0abe9a57580901b,3e7cfddea1d70f28dbf0ec0a605e0a0e4201d8a77c82fc3d93e97e30380c297f,4d6b8cb1d482e5066f9ca575ebd3b67af4a32562
hac,20x,12,2026-06-11T23:15:28.808503+00:00,40.0,10.0,10.0,40.0,seqkit-dorado,1,92.33973915940102,True,False,True,1.0,ee7a50a277fef6153a1cc05f9cc2afd227e940efbd36a4c2b0abe9a57580901b,3e7cfddea1d70f28dbf0ec0a605e0a0e4201d8a77c82fc3d93e97e30380c297f,4d6b8cb1d482e5066f9ca575ebd3b67af4a32562
hac,20x,12,2026-06-11T23:15:28.808503+00:00,40.0,10.0,10.0,40.0,chopper-dorado,2,89.80484034883447,True,False,False,1.0,ee7a50a277fef6153a1cc05f9cc2afd227e940efbd36a4c2b0abe9a57580901b,3e7cfddea1d70f28dbf0ec0a605e0a0e4201d8a77c82fc3d93e97e30380c297f,4d6b8cb1d482e5066f9ca575ebd3b67af4a32562
hac,20x,12,2026-06-11T23:15:28.808503+00:00,40.0,10.0,10.0,40.0,unprocessed-porechop_abi,3,88.48950883523021,True,False,False,1.0,ee7a50a277fef6153a1cc05f9cc2afd227e940efbd36a4c2b0abe9a57580901b,3e7cfddea1d70f28dbf0ec0a605e0a0e4201d8a77c82fc3d93e97e30380c297f,4d6b8cb1d482e5066f9ca575ebd3b67af4a32562
hac,20x,12,2026-06-11T23:15:28.808503+00:00,40.0,10.0,10.0,40.0,unprocessed-dorado,4,86.83554656309583,True,False,False,1.0,ee7a50a277fef6153a1cc05f9cc2afd227e940efbd36a4c2b0abe9a57580901b,3e7cfddea1d70f28dbf0ec0a605e0a0e4201d8a77c82fc3d93e97e30380c297f,4d6b8cb1d482e5066f9ca575ebd3b67af4a32562
hac,20x,12,2026-06-11T23:15:28.808503+00:00,40.0,10.0,10.0,40.0,unprocessed-untrimmed,5,84.41684139754285,True,True,False,1.0,ee7a50a277fef6153a1cc05f9cc2afd227e940efbd36a4c2b0abe9a57580901b,3e7cfddea1d70f28dbf0ec0a605e0a0e4201d8a77c82fc3d93e97e30380c297f,4d6b8cb1d482e5066f9ca575ebd3b67af4a32562
hac,20x,12,2026-06-11T23:15:28.808503+00:00,40.0,10.0,10.0,40.0,seqkit-barbell,6,83.96357798056111,True,True,False,1.0,ee7a50a277fef6153a1cc05f9cc2afd227e940efbd36a4c2b0abe9a57580901b,3e7cfddea1d70f28dbf0ec0a605e0a0e4201d8a77c82fc3d93e97e30380c297f,4d6b8cb1d482e5066f9ca575ebd3b67af4a32562
hac,20x,12,2026-06-11T23:15:28.808503+00:00,40.0,10.0,10.0,40.0,chopper-barbell,7,80.63386576986059,True,False,False,1.0,ee7a50a277fef6153a1cc05f9cc2afd227e940efbd36a4c2b0abe9a57580901b,3e7cfddea1d70f28dbf0ec0a605e0a0e4201d8a77c82fc3d93e97e30380c297f,4d6b8cb1d482e5066f9ca575ebd3b67af4a32562
hac,20x,12,2026-06-11T23:15:28.808503+00:00,40.0,10.0,10.0,40.0,fastplong-all,8,77.52810234961804,True,True,False,1.0,ee7a50a277fef6153a1cc05f9cc2afd227e940efbd36a4c2b0abe9a57580901b,3e7cfddea1d70f28dbf0ec0a605e0a0e4201d8a77c82fc3d93e97e30380c297f,4d6b8cb1d482e5066f9ca575ebd3b67af4a32562
hac,20x,12,2026-06-11T23:15:28.808503+00:00,40.0,10.0,10.0,40.0,seqkit-porechop_abi,9,77.38757445256135,True,True,False,1.0,ee7a50a277fef6153a1cc05f9cc2afd227e940efbd36a4c2b0abe9a57580901b,3e7cfddea1d70f28dbf0ec0a605e0a0e4201d8a77c82fc3d93e97e30380c297f,4d6b8cb1d482e5066f9ca575ebd3b67af4a32562
hac,20x,12,2026-06-11T23:15:28.808503+00:00,40.0,10.0,10.0,40.0,chopper-porechop_abi,10,76.05085478124455,True,False,False,1.0,ee7a50a277fef6153a1cc05f9cc2afd227e940efbd36a4c2b0abe9a57580901b,3e7cfddea1d70f28dbf0ec0a605e0a0e4201d8a77c82fc3d93e97e30380c297f,4d6b8cb1d482e5066f9ca575ebd3b67af4a32562
hac,20x,12,2026-06-11T23:15:28.808503+00:00,40.0,10.0,10.0,40.0,seqkit-untrimmed,11,73.82152911904663,True,False,False,1.0,ee7a50a277fef6153a1cc05f9cc2afd227e940efbd36a4c2b0abe9a57580901b,3e7cfddea1d70f28dbf0ec0a605e0a0e4201d8a77c82fc3d93e97e30380c297f,4d6b8cb1d482e5066f9ca575ebd3b67af4a32562
hac,20x,12,2026-06-11T23:15:28.808503+00:00,40.0,10.0,10.0,40.0,chopper-untrimmed,12,71.18893975562061,True,True,False,1.0,ee7a50a277fef6153a1cc05f9cc2afd227e940efbd36a4c2b0abe9a57580901b,3e7cfddea1d70f28dbf0ec0a605e0a0e4201d8a77c82fc3d93e97e30380c297f,4d6b8cb1d482e5066f9ca575ebd3b67af4a32562
hac,20x,12,2026-06-11T23:15:28.808503+00:00,40.0,10.0,10.0,40.0,unprocessed-barbell,13,70.23230636688425,True,True,False,1.0,ee7a50a277fef6153a1cc05f9cc2afd227e940efbd36a4c2b0abe9a57580901b,3e7cfddea1d70f28dbf0ec0a605e0a0e4201d8a77c82fc3d93e97e30380c297f,4d6b8cb1d482e5066f9ca575ebd3b67af4a32562
hac,20x,12,2026-06-11T23:15:28.808503+00:00,40.0,10.0,10.0,40.0,filtlong-porechop_abi,14,53.592263255304196,True,False,False,1.0,ee7a50a277fef6153a1cc05f9cc2afd227e940efbd36a4c2b0abe9a57580901b,3e7cfddea1d70f28dbf0ec0a605e0a0e4201d8a77c82fc3d93e97e30380c297f,4d6b8cb1d482e5066f9ca575ebd3b67af4a32562
hac,20x,12,2026-06-11T23:15:28.808503+00:00,40.0,10.0,10.0,40.0,filtlong-untrimmed,15,52.227572886189016,True,False,False,1.0,ee7a50a277fef6153a1cc05f9cc2afd227e940efbd36a4c2b0abe9a57580901b,3e7cfddea1d70f28dbf0ec0a605e0a0e4201d8a77c82fc3d93e97e30380c297f,4d6b8cb1d482e5066f9ca575ebd3b67af4a32562
hac,20x,12,2026-06-11T23:15:28.808503+00:00,40.0,10.0,10.0,40.0,filtlong-dorado,16,50.53826558945153,True,False,False,1.0,ee7a50a277fef6153a1cc05f9cc2afd227e940efbd36a4c2b0abe9a57580901b,3e7cfddea1d70f28dbf0ec0a605e0a0e4201d8a77c82fc3d93e97e30380c297f,4d6b8cb1d482e5066f9ca575ebd3b67af4a32562
hac,20x,12,2026-06-11T23:15:28.808503+00:00,40.0,10.0,10.0,40.0,filtlong-barbell,17,41.92811047026231,True,False,False,1.0,ee7a50a277fef6153a1cc05f9cc2afd227e940efbd36a4c2b0abe9a57580901b,3e7cfddea1d70f28dbf0ec0a605e0a0e4201d8a77c82fc3d93e97e30380c297f,4d6b8cb1d482e5066f9ca575ebd3b67af4a32562
hac,20x,13,2026-06-15T06:05:51.659902+00:00,25.0,25.0,25.0,25.0,seqkit-dorado,1,95.19742482157947,True,False,True,1.0,ee7a50a277fef6153a1cc05f9cc2afd227e940efbd36a4c2b0abe9a57580901b,3e7cfddea1d70f28dbf0ec0a605e0a0e4201d8a77c82fc3d93e97e30380c297f,4d6b8cb1d482e5066f9ca575ebd3b67af4a32562
hac,20x,13,2026-06-15T06:05:51.659902+00:00,25.0,25.0,25.0,25.0,chopper-dorado,2,92.92748548747082,True,True,False,1.0,ee7a50a277fef6153a1cc05f9cc2afd227e940efbd36a4c2b0abe9a57580901b,3e7cfddea1d70f28dbf0ec0a605e0a0e4201d8a77c82fc3d93e97e30380c297f,4d6b8cb1d482e5066f9ca575ebd3b67af4a32562
hac,20x,13,2026-06-15T06:05:51.659902+00:00,25.0,25.0,25.0,25.0,unprocessed-porechop_abi,3,92.18915670346014,True,True,False,1.0,ee7a50a277fef6153a1cc05f9cc2afd227e940efbd36a4c2b0abe9a57580901b,3e7cfddea1d70f28dbf0ec0a605e0a0e4201d8a77c82fc3d93e97e30380c297f,4d6b8cb1d482e5066f9ca575ebd3b67af4a32562
hac,20x,13,2026-06-15T06:05:51.659902+00:00,25.0,25.0,25.0,25.0,unprocessed-dorado,4,90.43694333081652,True,False,False,1.0,ee7a50a277fef6153a1cc05f9cc2afd227e940efbd36a4c2b0abe9a57580901b,3e7cfddea1d70f28dbf0ec0a605e0a0e4201d8a77c82fc3d93e97e30380c297f,4d6b8cb1d482e5066f9ca575ebd3b67af4a32562
hac,20x,13,2026-06-15T06:05:51.659902+00:00,25.0,25.0,25.0,25.0,seqkit-barbell,5,86.94356033601817,True,True,False,1.0,ee7a50a277fef6153a1cc05f9cc2afd227e940efbd36a4c2b0abe9a57580901b,3e7cfddea1d70f28dbf0ec0a605e0a0e4201d8a77c82fc3d93e97e30380c297f,4d6b8cb1d482e5066f9ca575ebd3b67af4a32562
hac,20x,13,2026-06-15T06:05:51.659902+00:00,25.0,25.0,25.0,25.0,fastplong-all,6,85.95487125866046,True,True,False,1.0,ee7a50a277fef6153a1cc05f9cc2afd227e940efbd36a4c2b0abe9a57580901b,3e7cfddea1d70f28dbf0ec0a605e0a0e4201d8a77c82fc3d93e97e30380c297f,4d6b8cb1d482e5066f9ca575ebd3b67af4a32562
hac,20x,13,2026-06-15T06:05:51.659902+00:00,25.0,25.0,25.0,25.0,seqkit-porechop_abi,7,85.86316690063416,True,True,False,1.0,ee7a50a277fef6153a1cc05f9cc2afd227e940efbd36a4c2b0abe9a57580901b,3e7cfddea1d70f28dbf0ec0a605e0a0e4201d8a77c82fc3d93e97e30380c297f,4d6b8cb1d482e5066f9ca575ebd3b67af4a32562
hac,20x,13,2026-06-15T06:05:51.659902+00:00,25.0,25.0,25.0,25.0,unprocessed-untrimmed,8,84.4536419553956,True,True,False,1.0,ee7a50a277fef6153a1cc05f9cc2afd227e940efbd36a4c2b0abe9a57580901b,3e7cfddea1d70f28dbf0ec0a605e0a0e4201d8a77c82fc3d93e97e30380c297f,4d6b8cb1d482e5066f9ca575ebd3b67af4a32562
hac,20x,13,2026-06-15T06:05:51.659902+00:00,25.0,25.0,25.0,25.0,chopper-barbell,9,84.16927980926688,True,True,False,1.0,ee7a50a277fef6153a1cc05f9cc2afd227e940efbd36a4c2b0abe9a57580901b,3e7cfddea1d70f28dbf0ec0a605e0a0e4201d8a77c82fc3d93e97e30380c297f,4d6b8cb1d482e5066f9ca575ebd3b67af4a32562
hac,20x,13,2026-06-15T06:05:51.659902+00:00,25.0,25.0,25.0,25.0,chopper-porechop_abi,10,83.32329079926524,True,True,False,1.0,ee7a50a277fef6153a1cc05f9cc2afd227e940efbd36a4c2b0abe9a57580901b,3e7cfddea1d70f28dbf0ec0a605e0a0e4201d8a77c82fc3d93e97e30380c297f,4d6b8cb1d482e5066f9ca575ebd3b67af4a32562
hac,20x,13,2026-06-15T06:05:51.659902+00:00,25.0,25.0,25.0,25.0,unprocessed-barbell,11,80.2230736095183,True,False,False,1.0,ee7a50a277fef6153a1cc05f9cc2afd227e940efbd36a4c2b0abe9a57580901b,3e7cfddea1d70f28dbf0ec0a605e0a0e4201d8a77c82fc3d93e97e30380c297f,4d6b8cb1d482e5066f9ca575ebd3b67af4a32562
hac,20x,13,2026-06-15T06:05:51.659902+00:00,25.0,25.0,25.0,25.0,seqkit-untrimmed,12,77.2595920283858,True,False,False,1.0,ee7a50a277fef6153a1cc05f9cc2afd227e940efbd36a4c2b0abe9a57580901b,3e7cfddea1d70f28dbf0ec0a605e0a0e4201d8a77c82fc3d93e97e30380c297f,4d6b8cb1d482e5066f9ca575ebd3b67af4a32562
hac,20x,13,2026-06-15T06:05:51.659902+00:00,25.0,25.0,25.0,25.0,chopper-untrimmed,13,72.74350323520537,True,False,False,1.0,ee7a50a277fef6153a1cc05f9cc2afd227e940efbd36a4c2b0abe9a57580901b,3e7cfddea1d70f28dbf0ec0a605e0a0e4201d8a77c82fc3d93e97e30380c297f,4d6b8cb1d482e5066f9ca575ebd3b67af4a32562
hac,20x,13,2026-06-15T06:05:51.659902+00:00,25.0,25.0,25.0,25.0,filtlong-porechop_abi,14,70.99219659979896,True,False,False,1.0,ee7a50a277fef6153a1cc05f9cc2afd227e940efbd36a4c2b0abe9a57580901b,3e7cfddea1d70f28dbf0ec0a605e0a0e4201d8a77c82fc3d93e97e30380c297f,4d6b8cb1d482e5066f9ca575ebd3b67af4a32562
hac,20x,13,2026-06-15T06:05:51.659902+00:00,25.0,25.0,25.0,25.0,filtlong-dorado,15,68.05335628132114,True,True,False,1.0,ee7a50a277fef6153a1cc05f9cc2afd227e940efbd36a4c2b0abe9a57580901b,3e7cfddea1d70f28dbf0ec0a605e0a0e4201d8a77c82fc3d93e97e30380c297f,4d6b8cb1d482e5066f9ca575ebd3b67af4a32562
hac,20x,13,2026-06-15T06:05:51.659902+00:00,25.0,25.0,25.0,25.0,filtlong-untrimmed,16,67.63239375393408,True,True,False,1.0,ee7a50a277fef6153a1cc05f9cc2afd227e940efbd36a4c2b0abe9a57580901b,3e7cfddea1d70f28dbf0ec0a605e0a0e4201d8a77c82fc3d93e97e30380c297f,4d6b8cb1d482e5066f9ca575ebd3b67af4a32562
hac,20x,13,2026-06-15T06:05:51.659902+00:00,25.0,25.0,25.0,25.0,filtlong-barbell,17,61.89719925257885,True,False,False,1.0,ee7a50a277fef6153a1cc05f9cc2afd227e940efbd36a4c2b0abe9a57580901b,3e7cfddea1d70f28dbf0ec0a605e0a0e4201d8a77c82fc3d93e97e30380c297f,4d6b8cb1d482e5066f9ca575ebd3b67af4a32562
hac,20x,14,2026-06-15T08:06:48.027717+00:00,39.0,17.0,13.0,31.0,seqkit-dorado,1,92.52547964790482,True,False,True,1.0,ee7a50a277fef6153a1cc05f9cc2afd227e940efbd36a4c2b0abe9a57580901b,3e7cfddea1d70f28dbf0ec0a605e0a0e4201d8a77c82fc3d93e97e30380c297f,4d6b8cb1d482e5066f9ca575ebd3b67af4a32562
hac,20x,14,2026-06-15T08:06:48.027717+00:00,39.0,17.0,13.0,31.0,chopper-dorado,2,89.788843977634,True,False,False,1.0,ee7a50a277fef6153a1cc05f9cc2afd227e940efbd36a4c2b0abe9a57580901b,3e7cfddea1d70f28dbf0ec0a605e0a0e4201d8a77c82fc3d93e97e30380c297f,4d6b8cb1d482e5066f9ca575ebd3b67af4a32562
hac,20x,14,2026-06-15T08:06:48.027717+00:00,39.0,17.0,13.0,31.0,unprocessed-porechop_abi,3,88.53878040450674,True,False,False,1.0,ee7a50a277fef6153a1cc05f9cc2afd227e940efbd36a4c2b0abe9a57580901b,3e7cfddea1d70f28dbf0ec0a605e0a0e4201d8a77c82fc3d93e97e30380c297f,4d6b8cb1d482e5066f9ca575ebd3b67af4a32562
hac,20x,14,2026-06-15T08:06:48.027717+00:00,39.0,17.0,13.0,31.0,unprocessed-dorado,4,86.648352234186,True,False,False,1.0,ee7a50a277fef6153a1cc05f9cc2afd227e940efbd36a4c2b0abe9a57580901b,3e7cfddea1d70f28dbf0ec0a605e0a0e4201d8a77c82fc3d93e97e30380c297f,4d6b8cb1d482e5066f9ca575ebd3b67af4a32562
hac,20x,14,2026-06-15T08:06:48.027717+00:00,39.0,17.0,13.0,31.0,unprocessed-untrimmed,5,83.79186114505363,True,True,False,1.0,ee7a50a277fef6153a1cc05f9cc2afd227e940efbd36a4c2b0abe9a57580901b,3e7cfddea1d70f28dbf0ec0a605e0a0e4201d8a77c82fc3d93e97e30380c297f,4d6b8cb1d482e5066f9ca575ebd3b67af4a32562
hac,20x,14,2026-06-15T08:06:48.027717+00:00,39.0,17.0,13.0,31.0,seqkit-barbell,6,83.1914671823385,True,True,False,1.0,ee7a50a277fef6153a1cc05f9cc2afd227e940efbd36a4c2b0abe9a57580901b,3e7cfddea1d70f28dbf0ec0a605e0a0e4201d8a77c82fc3d93e97e30380c297f,4d6b8cb1d482e5066f9ca575ebd3b67af4a32562
hac,20x,14,2026-06-15T08:06:48.027717+00:00,39.0,17.0,13.0,31.0,fastplong-all,7,80.75649194306861,True,True,False,1.0,ee7a50a277fef6153a1cc05f9cc2afd227e940efbd36a4c2b0abe9a57580901b,3e7cfddea1d70f28dbf0ec0a605e0a0e4201d8a77c82fc3d93e97e30380c297f,4d6b8cb1d482e5066f9ca575ebd3b67af4a32562
hac,20x,14,2026-06-15T08:06:48.027717+00:00,39.0,17.0,13.0,31.0,seqkit-porechop_abi,8,80.61797913345687,True,True,False,1.0,ee7a50a277fef6153a1cc05f9cc2afd227e940efbd36a4c2b0abe9a57580901b,3e7cfddea1d70f28dbf0ec0a605e0a0e4201d8a77c82fc3d93e97e30380c297f,4d6b8cb1d482e5066f9ca575ebd3b67af4a32562
hac,20x,14,2026-06-15T08:06:48.027717+00:00,39.0,17.0,13.0,31.0,chopper-barbell,9,79.67695642414763,True,True,False,1.0,ee7a50a277fef6153a1cc05f9cc2afd227e940efbd36a4c2b0abe9a57580901b,3e7cfddea1d70f28dbf0ec0a605e0a0e4201d8a77c82fc3d93e97e30380c297f,4d6b8cb1d482e5066f9ca575ebd3b67af4a32562
hac,20x,14,2026-06-15T08:06:48.027717+00:00,39.0,17.0,13.0,31.0,chopper-porechop_abi,10,78.65563261529523,True,False,False,1.0,ee7a50a277fef6153a1cc05f9cc2afd227e940efbd36a4c2b0abe9a57580901b,3e7cfddea1d70f28dbf0ec0a605e0a0e4201d8a77c82fc3d93e97e30380c297f,4d6b8cb1d482e5066f9ca575ebd3b67af4a32562
hac,20x,14,2026-06-15T08:06:48.027717+00:00,39.0,17.0,13.0,31.0,seqkit-untrimmed,11,75.90693283571261,True,False,False,1.0,ee7a50a277fef6153a1cc05f9cc2afd227e940efbd36a4c2b0abe9a57580901b,3e7cfddea1d70f28dbf0ec0a605e0a0e4201d8a77c82fc3d93e97e30380c297f,4d6b8cb1d482e5066f9ca575ebd3b67af4a32562
hac,20x,14,2026-06-15T08:06:48.027717+00:00,39.0,17.0,13.0,31.0,unprocessed-barbell,12,73.18994646472885,True,True,False,1.0,ee7a50a277fef6153a1cc05f9cc2afd227e940efbd36a4c2b0abe9a57580901b,3e7cfddea1d70f28dbf0ec0a605e0a0e4201d8a77c82fc3d93e97e30380c297f,4d6b8cb1d482e5066f9ca575ebd3b67af4a32562
hac,20x,14,2026-06-15T08:06:48.027717+00:00,39.0,17.0,13.0,31.0,chopper-untrimmed,13,72.84553091788837,True,True,False,1.0,ee7a50a277fef6153a1cc05f9cc2afd227e940efbd36a4c2b0abe9a57580901b,3e7cfddea1d70f28dbf0ec0a605e0a0e4201d8a77c82fc3d93e97e30380c297f,4d6b8cb1d482e5066f9ca575ebd3b67af4a32562
hac,20x,14,2026-06-15T08:06:48.027717+00:00,39.0,17.0,13.0,31.0,filtlong-porechop_abi,14,62.75130907247867,True,False,False,1.0,ee7a50a277fef6153a1cc05f9cc2afd227e940efbd36a4c2b0abe9a57580901b,3e7cfddea1d70f28dbf0ec0a605e0a0e4201d8a77c82fc3d93e97e30380c297f,4d6b8cb1d482e5066f9ca575ebd3b67af4a32562
hac,20x,14,2026-06-15T08:06:48.027717+00:00,39.0,17.0,13.0,31.0,filtlong-untrimmed,15,60.7591046757521,True,False,False,1.0,ee7a50a277fef6153a1cc05f9cc2afd227e940efbd36a4c2b0abe9a57580901b,3e7cfddea1d70f28dbf0ec0a605e0a0e4201d8a77c82fc3d93e97e30380c297f,4d6b8cb1d482e5066f9ca575ebd3b67af4a32562
hac,20x,14,2026-06-15T08:06:48.027717+00:00,39.0,17.0,13.0,31.0,filtlong-dorado,16,59.37535919437531,True,False,False,1.0,ee7a50a277fef6153a1cc05f9cc2afd227e940efbd36a4c2b0abe9a57580901b,3e7cfddea1d70f28dbf0ec0a605e0a0e4201d8a77c82fc3d93e97e30380c297f,4d6b8cb1d482e5066f9ca575ebd3b67af4a32562
hac,20x,14,2026-06-15T08:06:48.027717+00:00,39.0,17.0,13.0,31.0,filtlong-barbell,17,50.68086472252285,True,False,False,1.0,ee7a50a277fef6153a1cc05f9cc2afd227e940efbd36a4c2b0abe9a57580901b,3e7cfddea1d70f28dbf0ec0a605e0a0e4201d8a77c82fc3d93e97e30380c297f,4d6b8cb1d482e5066f9ca575ebd3b67af4a32562
hac,20x,15,2026-06-15T11:37:41.040801+00:00,50.0,10.0,20.0,20.0,seqkit-dorado,1,90.4266622363241,True,False,True,1.0,ee7a50a277fef6153a1cc05f9cc2afd227e940efbd36a4c2b0abe9a57580901b,3e7cfddea1d70f28dbf0ec0a605e0a0e4201d8a77c82fc3d93e97e30380c297f,4d6b8cb1d482e5066f9ca575ebd3b67af4a32562
hac,20x,15,2026-06-15T11:37:41.040801+00:00,50.0,10.0,20.0,20.0,chopper-dorado,2,87.34945573344987,True,False,False,1.0,ee7a50a277fef6153a1cc05f9cc2afd227e940efbd36a4c2b0abe9a57580901b,3e7cfddea1d70f28dbf0ec0a605e0a0e4201d8a77c82fc3d93e97e30380c297f,4d6b8cb1d482e5066f9ca575ebd3b67af4a32562
hac,20x,15,2026-06-15T11:37:41.040801+00:00,50.0,10.0,20.0,20.0,unprocessed-porechop_abi,3,85.69412421984558,True,False,False,1.0,ee7a50a277fef6153a1cc05f9cc2afd227e940efbd36a4c2b0abe9a57580901b,3e7cfddea1d70f28dbf0ec0a605e0a0e4201d8a77c82fc3d93e97e30380c297f,4d6b8cb1d482e5066f9ca575ebd3b67af4a32562
hac,20x,15,2026-06-15T11:37:41.040801+00:00,50.0,10.0,20.0,20.0,unprocessed-dorado,4,83.72246964001891,True,False,False,1.0,ee7a50a277fef6153a1cc05f9cc2afd227e940efbd36a4c2b0abe9a57580901b,3e7cfddea1d70f28dbf0ec0a605e0a0e4201d8a77c82fc3d93e97e30380c297f,4d6b8cb1d482e5066f9ca575ebd3b67af4a32562
hac,20x,15,2026-06-15T11:37:41.040801+00:00,50.0,10.0,20.0,20.0,fastplong-all,5,81.9101536316693,True,True,False,1.0,ee7a50a277fef6153a1cc05f9cc2afd227e940efbd36a4c2b0abe9a57580901b,3e7cfddea1d70f28dbf0ec0a605e0a0e4201d8a77c82fc3d93e97e30380c297f,4d6b8cb1d482e5066f9ca575ebd3b67af4a32562
hac,20x,15,2026-06-15T11:37:41.040801+00:00,50.0,10.0,20.0,20.0,seqkit-porechop_abi,6,81.73501034999725,True,True,False,1.0,ee7a50a277fef6153a1cc05f9cc2afd227e940efbd36a4c2b0abe9a57580901b,3e7cfddea1d70f28dbf0ec0a605e0a0e4201d8a77c82fc3d93e97e30380c297f,4d6b8cb1d482e5066f9ca575ebd3b67af4a32562
hac,20x,15,2026-06-15T11:37:41.040801+00:00,50.0,10.0,20.0,20.0,seqkit-barbell,7,80.35896259594573,True,True,False,1.0,ee7a50a277fef6153a1cc05f9cc2afd227e940efbd36a4c2b0abe9a57580901b,3e7cfddea1d70f28dbf0ec0a605e0a0e4201d8a77c82fc3d93e97e30380c297f,4d6b8cb1d482e5066f9ca575ebd3b67af4a32562
hac,20x,15,2026-06-15T11:37:41.040801+00:00,50.0,10.0,20.0,20.0,chopper-porechop_abi,8,80.29136760175737,True,True,False,1.0,ee7a50a277fef6153a1cc05f9cc2afd227e940efbd36a4c2b0abe9a57580901b,3e7cfddea1d70f28dbf0ec0a605e0a0e4201d8a77c82fc3d93e97e30380c297f,4d6b8cb1d482e5066f9ca575ebd3b67af4a32562
hac,20x,15,2026-06-15T11:37:41.040801+00:00,50.0,10.0,20.0,20.0,unprocessed-untrimmed,9,78.21837985908131,True,False,False,1.0,ee7a50a277fef6153a1cc05f9cc2afd227e940efbd36a4c2b0abe9a57580901b,3e7cfddea1d70f28dbf0ec0a605e0a0e4201d8a77c82fc3d93e97e30380c297f,4d6b8cb1d482e5066f9ca575ebd3b67af4a32562
hac,20x,15,2026-06-15T11:37:41.040801+00:00,50.0,10.0,20.0,20.0,chopper-barbell,10,76.28925038524521,True,False,False,1.0,ee7a50a277fef6153a1cc05f9cc2afd227e940efbd36a4c2b0abe9a57580901b,3e7cfddea1d70f28dbf0ec0a605e0a0e4201d8a77c82fc3d93e97e30380c297f,4d6b8cb1d482e5066f9ca575ebd3b67af4a32562
hac,20x,15,2026-06-15T11:37:41.040801+00:00,50.0,10.0,20.0,20.0,seqkit-untrimmed,11,75.05050347802099,True,False,False,1.0,ee7a50a277fef6153a1cc05f9cc2afd227e940efbd36a4c2b0abe9a57580901b,3e7cfddea1d70f28dbf0ec0a605e0a0e4201d8a77c82fc3d93e97e30380c297f,4d6b8cb1d482e5066f9ca575ebd3b67af4a32562
hac,20x,15,2026-06-15T11:37:41.040801+00:00,50.0,10.0,20.0,20.0,unprocessed-barbell,12,72.9466653412432,True,True,False,1.0,ee7a50a277fef6153a1cc05f9cc2afd227e940efbd36a4c2b0abe9a57580901b,3e7cfddea1d70f28dbf0ec0a605e0a0e4201d8a77c82fc3d93e97e30380c297f,4d6b8cb1d482e5066f9ca575ebd3b67af4a32562
hac,20x,15,2026-06-15T11:37:41.040801+00:00,50.0,10.0,20.0,20.0,filtlong-porechop_abi,13,71.99072479376574,True,True,False,1.0,ee7a50a277fef6153a1cc05f9cc2afd227e940efbd36a4c2b0abe9a57580901b,3e7cfddea1d70f28dbf0ec0a605e0a0e4201d8a77c82fc3d93e97e30380c297f,4d6b8cb1d482e5066f9ca575ebd3b67af4a32562
hac,20x,15,2026-06-15T11:37:41.040801+00:00,50.0,10.0,20.0,20.0,chopper-untrimmed,14,70.60406796074882,True,True,False,1.0,ee7a50a277fef6153a1cc05f9cc2afd227e940efbd36a4c2b0abe9a57580901b,3e7cfddea1d70f28dbf0ec0a605e0a0e4201d8a77c82fc3d93e97e30380c297f,4d6b8cb1d482e5066f9ca575ebd3b67af4a32562
hac,20x,15,2026-06-15T11:37:41.040801+00:00,50.0,10.0,20.0,20.0,filtlong-untrimmed,15,69.84988057849671,True,True,False,1.0,ee7a50a277fef6153a1cc05f9cc2afd227e940efbd36a4c2b0abe9a57580901b,3e7cfddea1d70f28dbf0ec0a605e0a0e4201d8a77c82fc3d93e97e30380c297f,4d6b8cb1d482e5066f9ca575ebd3b67af4a32562
hac,20x,15,2026-06-15T11:37:41.040801+00:00,50.0,10.0,20.0,20.0,filtlong-dorado,16,68.31057328175922,True,False,False,1.0,ee7a50a277fef6153a1cc05f9cc2afd227e940efbd36a4c2b0abe9a57580901b,3e7cfddea1d70f28dbf0ec0a605e0a0e4201d8a77c82fc3d93e97e30380c297f,4d6b8cb1d482e5066f9ca575ebd3b67af4a32562
hac,20x,15,2026-06-15T11:37:41.040801+00:00,50.0,10.0,20.0,20.0,filtlong-barbell,17,57.651187393339235,True,False,False,1.0,ee7a50a277fef6153a1cc05f9cc2afd227e940efbd36a4c2b0abe9a57580901b,3e7cfddea1d70f28dbf0ec0a605e0a0e4201d8a77c82fc3d93e97e30380c297f,4d6b8cb1d482e5066f9ca575ebd3b67af4a32562
hac,20x,16,2026-06-15T12:29:17.686442+00:00,10.0,15.0,25.0,50.0,seqkit-dorado,1,98.07499335448614,True,False,True,1.0,ee7a50a277fef6153a1cc05f9cc2afd227e940efbd36a4c2b0abe9a57580901b,3e7cfddea1d70f28dbf0ec0a605e0a0e4201d8a77c82fc3d93e97e30380c297f,4d6b8cb1d482e5066f9ca575ebd3b67af4a32562
hac,20x,16,2026-06-15T12:29:17.686442+00:00,10.0,15.0,25.0,50.0,chopper-dorado,2,96.9841836001748,True,True,False,1.0,ee7a50a277fef6153a1cc05f9cc2afd227e940efbd36a4c2b0abe9a57580901b,3e7cfddea1d70f28dbf0ec0a605e0a0e4201d8a77c82fc3d93e97e30380c297f,4d6b8cb1d482e5066f9ca575ebd3b67af4a32562
hac,20x,16,2026-06-15T12:29:17.686442+00:00,10.0,15.0,25.0,50.0,unprocessed-porechop_abi,3,96.7111863297684,True,True,False,1.0,ee7a50a277fef6153a1cc05f9cc2afd227e940efbd36a4c2b0abe9a57580901b,3e7cfddea1d70f28dbf0ec0a605e0a0e4201d8a77c82fc3d93e97e30380c297f,4d6b8cb1d482e5066f9ca575ebd3b67af4a32562
hac,20x,16,2026-06-15T12:29:17.686442+00:00,10.0,15.0,25.0,50.0,unprocessed-dorado,4,95.81870446002839,True,True,False,1.0,ee7a50a277fef6153a1cc05f9cc2afd227e940efbd36a4c2b0abe9a57580901b,3e7cfddea1d70f28dbf0ec0a605e0a0e4201d8a77c82fc3d93e97e30380c297f,4d6b8cb1d482e5066f9ca575ebd3b67af4a32562
hac,20x,16,2026-06-15T12:29:17.686442+00:00,10.0,15.0,25.0,50.0,seqkit-barbell,5,93.96844389391859,True,False,False,1.0,ee7a50a277fef6153a1cc05f9cc2afd227e940efbd36a4c2b0abe9a57580901b,3e7cfddea1d70f28dbf0ec0a605e0a0e4201d8a77c82fc3d93e97e30380c297f,4d6b8cb1d482e5066f9ca575ebd3b67af4a32562
hac,20x,16,2026-06-15T12:29:17.686442+00:00,10.0,15.0,25.0,50.0,chopper-barbell,6,92.67387557786782,True,False,False,1.0,ee7a50a277fef6153a1cc05f9cc2afd227e940efbd36a4c2b0abe9a57580901b,3e7cfddea1d70f28dbf0ec0a605e0a0e4201d8a77c82fc3d93e97e30380c297f,4d6b8cb1d482e5066f9ca575ebd3b67af4a32562
hac,20x,16,2026-06-15T12:29:17.686442+00:00,10.0,15.0,25.0,50.0,unprocessed-untrimmed,7,89.15603132708351,True,False,False,1.0,ee7a50a277fef6153a1cc05f9cc2afd227e940efbd36a4c2b0abe9a57580901b,3e7cfddea1d70f28dbf0ec0a605e0a0e4201d8a77c82fc3d93e97e30380c297f,4d6b8cb1d482e5066f9ca575ebd3b67af4a32562
hac,20x,16,2026-06-15T12:29:17.686442+00:00,10.0,15.0,25.0,50.0,fastplong-all,8,81.0485637808373,True,True,False,1.0,ee7a50a277fef6153a1cc05f9cc2afd227e940efbd36a4c2b0abe9a57580901b,3e7cfddea1d70f28dbf0ec0a605e0a0e4201d8a77c82fc3d93e97e30380c297f,4d6b8cb1d482e5066f9ca575ebd3b67af4a32562
hac,20x,16,2026-06-15T12:29:17.686442+00:00,10.0,15.0,25.0,50.0,seqkit-porechop_abi,9,81.01084885832921,True,True,False,1.0,ee7a50a277fef6153a1cc05f9cc2afd227e940efbd36a4c2b0abe9a57580901b,3e7cfddea1d70f28dbf0ec0a605e0a0e4201d8a77c82fc3d93e97e30380c297f,4d6b8cb1d482e5066f9ca575ebd3b67af4a32562
hac,20x,16,2026-06-15T12:29:17.686442+00:00,10.0,15.0,25.0,50.0,chopper-porechop_abi,10,79.5403847359694,True,False,False,1.0,ee7a50a277fef6153a1cc05f9cc2afd227e940efbd36a4c2b0abe9a57580901b,3e7cfddea1d70f28dbf0ec0a605e0a0e4201d8a77c82fc3d93e97e30380c297f,4d6b8cb1d482e5066f9ca575ebd3b67af4a32562
hac,20x,16,2026-06-15T12:29:17.686442+00:00,10.0,15.0,25.0,50.0,unprocessed-barbell,11,78.44333134519815,True,False,False,1.0,ee7a50a277fef6153a1cc05f9cc2afd227e940efbd36a4c2b0abe9a57580901b,3e7cfddea1d70f28dbf0ec0a605e0a0e4201d8a77c82fc3d93e97e30380c297f,4d6b8cb1d482e5066f9ca575ebd3b67af4a32562
hac,20x,16,2026-06-15T12:29:17.686442+00:00,10.0,15.0,25.0,50.0,seqkit-untrimmed,12,72.79255008882636,True,False,False,1.0,ee7a50a277fef6153a1cc05f9cc2afd227e940efbd36a4c2b0abe9a57580901b,3e7cfddea1d70f28dbf0ec0a605e0a0e4201d8a77c82fc3d93e97e30380c297f,4d6b8cb1d482e5066f9ca575ebd3b67af4a32562
hac,20x,16,2026-06-15T12:29:17.686442+00:00,10.0,15.0,25.0,50.0,chopper-untrimmed,13,68.68212758214887,True,False,False,1.0,ee7a50a277fef6153a1cc05f9cc2afd227e940efbd36a4c2b0abe9a57580901b,3e7cfddea1d70f28dbf0ec0a605e0a0e4201d8a77c82fc3d93e97e30380c297f,4d6b8cb1d482e5066f9ca575ebd3b67af4a32562
hac,20x,16,2026-06-15T12:29:17.686442+00:00,10.0,15.0,25.0,50.0,filtlong-porechop_abi,14,48.39608719064861,True,False,False,1.0,ee7a50a277fef6153a1cc05f9cc2afd227e940efbd36a4c2b0abe9a57580901b,3e7cfddea1d70f28dbf0ec0a605e0a0e4201d8a77c82fc3d93e97e30380c297f,4d6b8cb1d482e5066f9ca575ebd3b67af4a32562
hac,20x,16,2026-06-15T12:29:17.686442+00:00,10.0,15.0,25.0,50.0,filtlong-dorado,15,46.945859922638846,True,False,False,1.0,ee7a50a277fef6153a1cc05f9cc2afd227e940efbd36a4c2b0abe9a57580901b,3e7cfddea1d70f28dbf0ec0a605e0a0e4201d8a77c82fc3d93e97e30380c297f,4d6b8cb1d482e5066f9ca575ebd3b67af4a32562
hac,20x,16,2026-06-15T12:29:17.686442+00:00,10.0,15.0,25.0,50.0,filtlong-untrimmed,16,45.61443625236045,True,False,False,1.0,ee7a50a277fef6153a1cc05f9cc2afd227e940efbd36a4c2b0abe9a57580901b,3e7cfddea1d70f28dbf0ec0a605e0a0e4201d8a77c82fc3d93e97e30380c297f,4d6b8cb1d482e5066f9ca575ebd3b67af4a32562
hac,20x,16,2026-06-15T12:29:17.686442+00:00,10.0,15.0,25.0,50.0,filtlong-barbell,17,44.276781090008846,True,False,False,1.0,ee7a50a277fef6153a1cc05f9cc2afd227e940efbd36a4c2b0abe9a57580901b,3e7cfddea1d70f28dbf0ec0a605e0a0e4201d8a77c82fc3d93e97e30380c297f,4d6b8cb1d482e5066f9ca575ebd3b67af4a32562
hac,20x,17,2026-06-15T15:06:09.868350+00:00,25.0,25.0,10.0,40.0,seqkit-dorado,1,95.19742482157947,True,False,True,1.0,ee7a50a277fef6153a1cc05f9cc2afd227e940efbd36a4c2b0abe9a57580901b,3e7cfddea1d70f28dbf0ec0a605e0a0e4201d8a77c82fc3d93e97e30380c297f,4d6b8cb1d482e5066f9ca575ebd3b67af4a32562
hac,20x,17,2026-06-15T15:06:09.868350+00:00,25.0,25.0,10.0,40.0,chopper-dorado,2,92.92748548747082,True,True,False,1.0,ee7a50a277fef6153a1cc05f9cc2afd227e940efbd36a4c2b0abe9a57580901b,3e7cfddea1d70f28dbf0ec0a605e0a0e4201d8a77c82fc3d93e97e30380c297f,4d6b8cb1d482e5066f9ca575ebd3b67af4a32562
hac,20x,17,2026-06-15T15:06:09.868350+00:00,25.0,25.0,10.0,40.0,unprocessed-porechop_abi,3,92.18915670346014,True,True,False,1.0,ee7a50a277fef6153a1cc05f9cc2afd227e940efbd36a4c2b0abe9a57580901b,3e7cfddea1d70f28dbf0ec0a605e0a0e4201d8a77c82fc3d93e97e30380c297f,4d6b8cb1d482e5066f9ca575ebd3b67af4a32562
hac,20x,17,2026-06-15T15:06:09.868350+00:00,25.0,25.0,10.0,40.0,unprocessed-dorado,4,90.43694333081652,True,False,False,1.0,ee7a50a277fef6153a1cc05f9cc2afd227e940efbd36a4c2b0abe9a57580901b,3e7cfddea1d70f28dbf0ec0a605e0a0e4201d8a77c82fc3d93e97e30380c297f,4d6b8cb1d482e5066f9ca575ebd3b67af4a32562
hac,20x,17,2026-06-15T15:06:09.868350+00:00,25.0,25.0,10.0,40.0,unprocessed-untrimmed,5,89.06902657078022,True,False,False,1.0,ee7a50a277fef6153a1cc05f9cc2afd227e940efbd36a4c2b0abe9a57580901b,3e7cfddea1d70f28dbf0ec0a605e0a0e4201d8a77c82fc3d93e97e30380c297f,4d6b8cb1d482e5066f9ca575ebd3b67af4a32562
hac,20x,17,2026-06-15T15:06:09.868350+00:00,25.0,25.0,10.0,40.0,seqkit-barbell,6,86.94356033601817,True,False,False,1.0,ee7a50a277fef6153a1cc05f9cc2afd227e940efbd36a4c2b0abe9a57580901b,3e7cfddea1d70f28dbf0ec0a605e0a0e4201d8a77c82fc3d93e97e30380c297f,4d6b8cb1d482e5066f9ca575ebd3b67af4a32562
hac,20x,17,2026-06-15T15:06:09.868350+00:00,25.0,25.0,10.0,40.0,chopper-barbell,7,84.16927980926688,True,False,False,1.0,ee7a50a277fef6153a1cc05f9cc2afd227e940efbd36a4c2b0abe9a57580901b,3e7cfddea1d70f28dbf0ec0a605e0a0e4201d8a77c82fc3d93e97e30380c297f,4d6b8cb1d482e5066f9ca575ebd3b67af4a32562
hac,20x,17,2026-06-15T15:06:09.868350+00:00,25.0,25.0,10.0,40.0,fastplong-all,8,80.95487125866046,True,True,False,1.0,ee7a50a277fef6153a1cc05f9cc2afd227e940efbd36a4c2b0abe9a57580901b,3e7cfddea1d70f28dbf0ec0a605e0a0e4201d8a77c82fc3d93e97e30380c297f,4d6b8cb1d482e5066f9ca575ebd3b67af4a32562
hac,20x,17,2026-06-15T15:06:09.868350+00:00,25.0,25.0,10.0,40.0,seqkit-porechop_abi,9,80.86316690063416,True,True,False,1.0,ee7a50a277fef6153a1cc05f9cc2afd227e940efbd36a4c2b0abe9a57580901b,3e7cfddea1d70f28dbf0ec0a605e0a0e4201d8a77c82fc3d93e97e30380c297f,4d6b8cb1d482e5066f9ca575ebd3b67af4a32562
hac,20x,17,2026-06-15T15:06:09.868350+00:00,25.0,25.0,10.0,40.0,chopper-porechop_abi,10,78.32329079926524,True,False,False,1.0,ee7a50a277fef6153a1cc05f9cc2afd227e940efbd36a4c2b0abe9a57580901b,3e7cfddea1d70f28dbf0ec0a605e0a0e4201d8a77c82fc3d93e97e30380c297f,4d6b8cb1d482e5066f9ca575ebd3b67af4a32562
hac,20x,17,2026-06-15T15:06:09.868350+00:00,25.0,25.0,10.0,40.0,seqkit-untrimmed,11,76.87497664377041,True,False,False,1.0,ee7a50a277fef6153a1cc05f9cc2afd227e940efbd36a4c2b0abe9a57580901b,3e7cfddea1d70f28dbf0ec0a605e0a0e4201d8a77c82fc3d93e97e30380c297f,4d6b8cb1d482e5066f9ca575ebd3b67af4a32562
hac,20x,17,2026-06-15T15:06:09.868350+00:00,25.0,25.0,10.0,40.0,unprocessed-barbell,12,75.2230736095183,True,True,False,1.0,ee7a50a277fef6153a1cc05f9cc2afd227e940efbd36a4c2b0abe9a57580901b,3e7cfddea1d70f28dbf0ec0a605e0a0e4201d8a77c82fc3d93e97e30380c297f,4d6b8cb1d482e5066f9ca575ebd3b67af4a32562
hac,20x,17,2026-06-15T15:06:09.868350+00:00,25.0,25.0,10.0,40.0,chopper-untrimmed,13,74.66658015828229,True,True,False,1.0,ee7a50a277fef6153a1cc05f9cc2afd227e940efbd36a4c2b0abe9a57580901b,3e7cfddea1d70f28dbf0ec0a605e0a0e4201d8a77c82fc3d93e97e30380c297f,4d6b8cb1d482e5066f9ca575ebd3b67af4a32562
hac,20x,17,2026-06-15T15:06:09.868350+00:00,25.0,25.0,10.0,40.0,filtlong-porechop_abi,14,55.992196599798966,True,False,False,1.0,ee7a50a277fef6153a1cc05f9cc2afd227e940efbd36a4c2b0abe9a57580901b,3e7cfddea1d70f28dbf0ec0a605e0a0e4201d8a77c82fc3d93e97e30380c297f,4d6b8cb1d482e5066f9ca575ebd3b67af4a32562
hac,20x,17,2026-06-15T15:06:09.868350+00:00,25.0,25.0,10.0,40.0,filtlong-untrimmed,15,53.78623990778023,True,True,False,1.0,ee7a50a277fef6153a1cc05f9cc2afd227e940efbd36a4c2b0abe9a57580901b,3e7cfddea1d70f28dbf0ec0a605e0a0e4201d8a77c82fc3d93e97e30380c297f,4d6b8cb1d482e5066f9ca575ebd3b67af4a32562
hac,20x,17,2026-06-15T15:06:09.868350+00:00,25.0,25.0,10.0,40.0,filtlong-dorado,16,53.05335628132115,True,True,False,1.0,ee7a50a277fef6153a1cc05f9cc2afd227e940efbd36a4c2b0abe9a57580901b,3e7cfddea1d70f28dbf0ec0a605e0a0e4201d8a77c82fc3d93e97e30380c297f,4d6b8cb1d482e5066f9ca575ebd3b67af4a32562
hac,20x,17,2026-06-15T15:06:09.868350+00:00,25.0,25.0,10.0,40.0,filtlong-barbell,17,46.89719925257885,True,False,False,1.0,ee7a50a277fef6153a1cc05f9cc2afd227e940efbd36a4c2b0abe9a57580901b,3e7cfddea1d70f28dbf0ec0a605e0a0e4201d8a77c82fc3d93e97e30380c297f,4d6b8cb1d482e5066f9ca575ebd3b67af4a32562
hac,20x,18,2026-06-16T15:11:47.298850+00:00,20.0,40.0,15.0,25.0,seqkit-dorado,1,96.142033560681,True,False,True,1.0,ee7a50a277fef6153a1cc05f9cc2afd227e940efbd36a4c2b0abe9a57580901b,3e7cfddea1d70f28dbf0ec0a605e0a0e4201d8a77c82fc3d93e97e30380c297f,4d6b8cb1d482e5066f9ca575ebd3b67af4a32562
hac,20x,18,2026-06-16T15:11:47.298850+00:00,20.0,40.0,15.0,25.0,chopper-dorado,2,93.59474601072256,True,True,False,1.0,ee7a50a277fef6153a1cc05f9cc2afd227e940efbd36a4c2b0abe9a57580901b,3e7cfddea1d70f28dbf0ec0a605e0a0e4201d8a77c82fc3d93e97e30380c297f,4d6b8cb1d482e5066f9ca575ebd3b67af4a32562
hac,20x,18,2026-06-16T15:11:47.298850+00:00,20.0,40.0,15.0,25.0,unprocessed-porechop_abi,3,93.09341995630544,True,True,False,1.0,ee7a50a277fef6153a1cc05f9cc2afd227e940efbd36a4c2b0abe9a57580901b,3e7cfddea1d70f28dbf0ec0a605e0a0e4201d8a77c82fc3d93e97e30380c297f,4d6b8cb1d482e5066f9ca575ebd3b67af4a32562
hac,20x,18,2026-06-16T15:11:47.298850+00:00,20.0,40.0,15.0,25.0,unprocessed-dorado,4,90.92526317546027,True,False,False,1.0,ee7a50a277fef6153a1cc05f9cc2afd227e940efbd36a4c2b0abe9a57580901b,3e7cfddea1d70f28dbf0ec0a605e0a0e4201d8a77c82fc3d93e97e30380c297f,4d6b8cb1d482e5066f9ca575ebd3b67af4a32562
hac,20x,18,2026-06-16T15:11:47.298850+00:00,20.0,40.0,15.0,25.0,unprocessed-untrimmed,5,89.06121174401757,True,False,False,1.0,ee7a50a277fef6153a1cc05f9cc2afd227e940efbd36a4c2b0abe9a57580901b,3e7cfddea1d70f28dbf0ec0a605e0a0e4201d8a77c82fc3d93e97e30380c297f,4d6b8cb1d482e5066f9ca575ebd3b67af4a32562
hac,20x,18,2026-06-16T15:11:47.298850+00:00,20.0,40.0,15.0,25.0,fastplong-all,6,87.0970247830875,True,True,False,1.0,ee7a50a277fef6153a1cc05f9cc2afd227e940efbd36a4c2b0abe9a57580901b,3e7cfddea1d70f28dbf0ec0a605e0a0e4201d8a77c82fc3d93e97e30380c297f,4d6b8cb1d482e5066f9ca575ebd3b67af4a32562
hac,20x,18,2026-06-16T15:11:47.298850+00:00,20.0,40.0,15.0,25.0,seqkit-porechop_abi,7,87.01952857947617,True,True,False,1.0,ee7a50a277fef6153a1cc05f9cc2afd227e940efbd36a4c2b0abe9a57580901b,3e7cfddea1d70f28dbf0ec0a605e0a0e4201d8a77c82fc3d93e97e30380c297f,4d6b8cb1d482e5066f9ca575ebd3b67af4a32562
hac,20x,18,2026-06-16T15:11:47.298850+00:00,20.0,40.0,15.0,25.0,seqkit-barbell,8,86.31892730685982,True,True,False,1.0,ee7a50a277fef6153a1cc05f9cc2afd227e940efbd36a4c2b0abe9a57580901b,3e7cfddea1d70f28dbf0ec0a605e0a0e4201d8a77c82fc3d93e97e30380c297f,4d6b8cb1d482e5066f9ca575ebd3b67af4a32562
hac,20x,18,2026-06-16T15:11:47.298850+00:00,20.0,40.0,15.0,25.0,chopper-barbell,9,83.36007846405776,True,True,False,1.0,ee7a50a277fef6153a1cc05f9cc2afd227e940efbd36a4c2b0abe9a57580901b,3e7cfddea1d70f28dbf0ec0a605e0a0e4201d8a77c82fc3d93e97e30380c297f,4d6b8cb1d482e5066f9ca575ebd3b67af4a32562
hac,20x,18,2026-06-16T15:11:47.298850+00:00,20.0,40.0,15.0,25.0,chopper-porechop_abi,10,83.16957297113206,True,True,False,1.0,ee7a50a277fef6153a1cc05f9cc2afd227e940efbd36a4c2b0abe9a57580901b,3e7cfddea1d70f28dbf0ec0a605e0a0e4201d8a77c82fc3d93e97e30380c297f,4d6b8cb1d482e5066f9ca575ebd3b67af4a32562
hac,20x,18,2026-06-16T15:11:47.298850+00:00,20.0,40.0,15.0,25.0,unprocessed-barbell,11,81.26153315984465,True,True,False,1.0,ee7a50a277fef6153a1cc05f9cc2afd227e940efbd36a4c2b0abe9a57580901b,3e7cfddea1d70f28dbf0ec0a605e0a0e4201d8a77c82fc3d93e97e30380c297f,4d6b8cb1d482e5066f9ca575ebd3b67af4a32562
hac,20x,18,2026-06-16T15:11:47.298850+00:00,20.0,40.0,15.0,25.0,seqkit-untrimmed,12,81.02919339926342,True,True,False,1.0,ee7a50a277fef6153a1cc05f9cc2afd227e940efbd36a4c2b0abe9a57580901b,3e7cfddea1d70f28dbf0ec0a605e0a0e4201d8a77c82fc3d93e97e30380c297f,4d6b8cb1d482e5066f9ca575ebd3b67af4a32562
hac,20x,18,2026-06-16T15:11:47.298850+00:00,20.0,40.0,15.0,25.0,chopper-untrimmed,13,78.20037440709783,True,False,False,1.0,ee7a50a277fef6153a1cc05f9cc2afd227e940efbd36a4c2b0abe9a57580901b,3e7cfddea1d70f28dbf0ec0a605e0a0e4201d8a77c82fc3d93e97e30380c297f,4d6b8cb1d482e5066f9ca575ebd3b67af4a32562
hac,20x,18,2026-06-16T15:11:47.298850+00:00,20.0,40.0,15.0,25.0,filtlong-porechop_abi,14,71.79059148275526,True,False,False,1.0,ee7a50a277fef6153a1cc05f9cc2afd227e940efbd36a4c2b0abe9a57580901b,3e7cfddea1d70f28dbf0ec0a605e0a0e4201d8a77c82fc3d93e97e30380c297f,4d6b8cb1d482e5066f9ca575ebd3b67af4a32562
hac,20x,18,2026-06-16T15:11:47.298850+00:00,20.0,40.0,15.0,25.0,filtlong-untrimmed,15,68.35183000629452,True,True,False,1.0,ee7a50a277fef6153a1cc05f9cc2afd227e940efbd36a4c2b0abe9a57580901b,3e7cfddea1d70f28dbf0ec0a605e0a0e4201d8a77c82fc3d93e97e30380c297f,4d6b8cb1d482e5066f9ca575ebd3b67af4a32562
hac,20x,18,2026-06-16T15:11:47.298850+00:00,20.0,40.0,15.0,25.0,filtlong-dorado,16,68.34075466549845,True,True,False,1.0,ee7a50a277fef6153a1cc05f9cc2afd227e940efbd36a4c2b0abe9a57580901b,3e7cfddea1d70f28dbf0ec0a605e0a0e4201d8a77c82fc3d93e97e30380c297f,4d6b8cb1d482e5066f9ca575ebd3b67af4a32562
hac,20x,18,2026-06-16T15:11:47.298850+00:00,20.0,40.0,15.0,25.0,filtlong-barbell,17,62.5893649579723,True,False,False,1.0,ee7a50a277fef6153a1cc05f9cc2afd227e940efbd36a4c2b0abe9a57580901b,3e7cfddea1d70f28dbf0ec0a605e0a0e4201d8a77c82fc3d93e97e30380c297f,4d6b8cb1d482e5066f9ca575ebd3b67af4a32562
hac,20x,19,2026-06-19T04:21:03.491271+00:00,30.0,10.0,10.0,50.0,seqkit-dorado,1,94.25281608247795,True,False,True,1.0,ee7a50a277fef6153a1cc05f9cc2afd227e940efbd36a4c2b0abe9a57580901b,3e7cfddea1d70f28dbf0ec0a605e0a0e4201d8a77c82fc3d93e97e30380c297f,4d6b8cb1d482e5066f9ca575ebd3b67af4a32562
hac,20x,19,2026-06-19T04:21:03.491271+00:00,30.0,10.0,10.0,50.0,chopper-dorado,2,92.26022496421909,True,True,False,1.0,ee7a50a277fef6153a1cc05f9cc2afd227e940efbd36a4c2b0abe9a57580901b,3e7cfddea1d70f28dbf0ec0a605e0a0e4201d8a77c82fc3d93e97e30380c297f,4d6b8cb1d482e5066f9ca575ebd3b67af4a32562
hac,20x,19,2026-06-19T04:21:03.491271+00:00,30.0,10.0,10.0,50.0,unprocessed-porechop_abi,3,91.28489345061482,True,True,False,1.0,ee7a50a277fef6153a1cc05f9cc2afd227e940efbd36a4c2b0abe9a57580901b,3e7cfddea1d70f28dbf0ec0a605e0a0e4201d8a77c82fc3d93e97e30380c297f,4d6b8cb1d482e5066f9ca575ebd3b67af4a32562
hac,20x,19,2026-06-19T04:21:03.491271+00:00,30.0,10.0,10.0,50.0,unprocessed-dorado,4,89.94862348617276,True,False,False,1.0,ee7a50a277fef6153a1cc05f9cc2afd227e940efbd36a4c2b0abe9a57580901b,3e7cfddea1d70f28dbf0ec0a605e0a0e4201d8a77c82fc3d93e97e30380c297f,4d6b8cb1d482e5066f9ca575ebd3b67af4a32562
hac,20x,19,2026-06-19T04:21:03.491271+00:00,30.0,10.0,10.0,50.0,seqkit-barbell,5,87.56819336517648,True,True,False,1.0,ee7a50a277fef6153a1cc05f9cc2afd227e940efbd36a4c2b0abe9a57580901b,3e7cfddea1d70f28dbf0ec0a605e0a0e4201d8a77c82fc3d93e97e30380c297f,4d6b8cb1d482e5066f9ca575ebd3b67af4a32562
hac,20x,19,2026-06-19T04:21:03.491271+00:00,30.0,10.0,10.0,50.0,unprocessed-untrimmed,6,87.53837985908132,True,True,False,1.0,ee7a50a277fef6153a1cc05f9cc2afd227e940efbd36a4c2b0abe9a57580901b,3e7cfddea1d70f28dbf0ec0a605e0a0e4201d8a77c82fc3d93e97e30380c297f,4d6b8cb1d482e5066f9ca575ebd3b67af4a32562
hac,20x,19,2026-06-19T04:21:03.491271+00:00,30.0,10.0,10.0,50.0,chopper-barbell,7,84.97848115447597,True,False,False,1.0,ee7a50a277fef6153a1cc05f9cc2afd227e940efbd36a4c2b0abe9a57580901b,3e7cfddea1d70f28dbf0ec0a605e0a0e4201d8a77c82fc3d93e97e30380c297f,4d6b8cb1d482e5066f9ca575ebd3b67af4a32562
hac,20x,19,2026-06-19T04:21:03.491271+00:00,30.0,10.0,10.0,50.0,fastplong-all,8,76.47938440090009,True,True,False,1.0,ee7a50a277fef6153a1cc05f9cc2afd227e940efbd36a4c2b0abe9a57580901b,3e7cfddea1d70f28dbf0ec0a605e0a0e4201d8a77c82fc3d93e97e30380c297f,4d6b8cb1d482e5066f9ca575ebd3b67af4a32562
hac,20x,19,2026-06-19T04:21:03.491271+00:00,30.0,10.0,10.0,50.0,seqkit-porechop_abi,9,76.3734718884588,True,True,False,1.0,ee7a50a277fef6153a1cc05f9cc2afd227e940efbd36a4c2b0abe9a57580901b,3e7cfddea1d70f28dbf0ec0a605e0a0e4201d8a77c82fc3d93e97e30380c297f,4d6b8cb1d482e5066f9ca575ebd3b67af4a32562
hac,20x,19,2026-06-19T04:21:03.491271+00:00,30.0,10.0,10.0,50.0,chopper-porechop_abi,10,75.14367529406508,True,False,False,1.0,ee7a50a277fef6153a1cc05f9cc2afd227e940efbd36a4c2b0abe9a57580901b,3e7cfddea1d70f28dbf0ec0a605e0a0e4201d8a77c82fc3d93e97e30380c297f,4d6b8cb1d482e5066f9ca575ebd3b67af4a32562
hac,20x,19,2026-06-19T04:21:03.491271+00:00,30.0,10.0,10.0,50.0,seqkit-untrimmed,11,72.84896501648252,True,False,False,1.0,ee7a50a277fef6153a1cc05f9cc2afd227e940efbd36a4c2b0abe9a57580901b,3e7cfddea1d70f28dbf0ec0a605e0a0e4201d8a77c82fc3d93e97e30380c297f,4d6b8cb1d482e5066f9ca575ebd3b67af4a32562
hac,20x,19,2026-06-19T04:21:03.491271+00:00,30.0,10.0,10.0,50.0,unprocessed-barbell,12,70.8512807258586,True,True,False,1.0,ee7a50a277fef6153a1cc05f9cc2afd227e940efbd36a4c2b0abe9a57580901b,3e7cfddea1d70f28dbf0ec0a605e0a0e4201d8a77c82fc3d93e97e30380c297f,4d6b8cb1d482e5066f9ca575ebd3b67af4a32562
hac,20x,19,2026-06-19T04:21:03.491271+00:00,30.0,10.0,10.0,50.0,chopper-untrimmed,13,70.49176026844113,True,True,False,1.0,ee7a50a277fef6153a1cc05f9cc2afd227e940efbd36a4c2b0abe9a57580901b,3e7cfddea1d70f28dbf0ec0a605e0a0e4201d8a77c82fc3d93e97e30380c297f,4d6b8cb1d482e5066f9ca575ebd3b67af4a32562
hac,20x,19,2026-06-19T04:21:03.491271+00:00,30.0,10.0,10.0,50.0,filtlong-porechop_abi,14,45.193801716842664,True,False,False,1.0,ee7a50a277fef6153a1cc05f9cc2afd227e940efbd36a4c2b0abe9a57580901b,3e7cfddea1d70f28dbf0ec0a605e0a0e4201d8a77c82fc3d93e97e30380c297f,4d6b8cb1d482e5066f9ca575ebd3b67af4a32562
hac,20x,19,2026-06-19T04:21:03.491271+00:00,30.0,10.0,10.0,50.0,filtlong-untrimmed,15,43.83603442465055,True,False,False,1.0,ee7a50a277fef6153a1cc05f9cc2afd227e940efbd36a4c2b0abe9a57580901b,3e7cfddea1d70f28dbf0ec0a605e0a0e4201d8a77c82fc3d93e97e30380c297f,4d6b8cb1d482e5066f9ca575ebd3b67af4a32562
hac,20x,19,2026-06-19T04:21:03.491271+00:00,30.0,10.0,10.0,50.0,filtlong-dorado,16,42.76595789714384,True,False,False,1.0,ee7a50a277fef6153a1cc05f9cc2afd227e940efbd36a4c2b0abe9a57580901b,3e7cfddea1d70f28dbf0ec0a605e0a0e4201d8a77c82fc3d93e97e30380c297f,4d6b8cb1d482e5066f9ca575ebd3b67af4a32562
hac,20x,19,2026-06-19T04:21:03.491271+00:00,30.0,10.0,10.0,50.0,filtlong-barbell,17,36.20503354718539,True,False,False,1.0,ee7a50a277fef6153a1cc05f9cc2afd227e940efbd36a4c2b0abe9a57580901b,3e7cfddea1d70f28dbf0ec0a605e0a0e4201d8a77c82fc3d93e97e30380c297f,4d6b8cb1d482e5066f9ca575ebd3b67af4a32562
hac,20x,20,2026-06-19T11:30:26.936256+00:00,35.0,20.0,10.0,35.0,seqkit-dorado,1,93.28832447264818,True,False,True,1.0,ee7a50a277fef6153a1cc05f9cc2afd227e940efbd36a4c2b0abe9a57580901b,3e7cfddea1d70f28dbf0ec0a605e0a0e4201d8a77c82fc3d93e97e30380c297f,4d6b8cb1d482e5066f9ca575ebd3b67af4a32562
hac,20x,20,2026-06-19T11:30:26.936256+00:00,35.0,20.0,10.0,35.0,chopper-dorado,2,90.65891146689974,True,False,False,1.0,ee7a50a277fef6153a1cc05f9cc2afd227e940efbd36a4c2b0abe9a57580901b,3e7cfddea1d70f28dbf0ec0a605e0a0e4201d8a77c82fc3d93e97e30380c297f,4d6b8cb1d482e5066f9ca575ebd3b67af4a32562
hac,20x,20,2026-06-19T11:30:26.936256+00:00,35.0,20.0,10.0,35.0,unprocessed-porechop_abi,3,89.5582484396912,True,False,False,1.0,ee7a50a277fef6153a1cc05f9cc2afd227e940efbd36a4c2b0abe9a57580901b,3e7cfddea1d70f28dbf0ec0a605e0a0e4201d8a77c82fc3d93e97e30380c297f,4d6b8cb1d482e5066f9ca575ebd3b67af4a32562
hac,20x,20,2026-06-19T11:30:26.936256+00:00,35.0,20.0,10.0,35.0,unprocessed-dorado,4,87.67993928003783,True,False,False,1.0,ee7a50a277fef6153a1cc05f9cc2afd227e940efbd36a4c2b0abe9a57580901b,3e7cfddea1d70f28dbf0ec0a605e0a0e4201d8a77c82fc3d93e97e30380c297f,4d6b8cb1d482e5066f9ca575ebd3b67af4a32562
hac,20x,20,2026-06-19T11:30:26.936256+00:00,35.0,20.0,10.0,35.0,unprocessed-untrimmed,5,85.95752894893187,True,False,False,1.0,ee7a50a277fef6153a1cc05f9cc2afd227e940efbd36a4c2b0abe9a57580901b,3e7cfddea1d70f28dbf0ec0a605e0a0e4201d8a77c82fc3d93e97e30380c297f,4d6b8cb1d482e5066f9ca575ebd3b67af4a32562
hac,20x,20,2026-06-19T11:30:26.936256+00:00,35.0,20.0,10.0,35.0,seqkit-barbell,6,84.14792519189145,True,False,False,1.0,ee7a50a277fef6153a1cc05f9cc2afd227e940efbd36a4c2b0abe9a57580901b,3e7cfddea1d70f28dbf0ec0a605e0a0e4201d8a77c82fc3d93e97e30380c297f,4d6b8cb1d482e5066f9ca575ebd3b67af4a32562
hac,20x,20,2026-06-19T11:30:26.936256+00:00,35.0,20.0,10.0,35.0,chopper-barbell,7,80.81850077049042,True,True,False,1.0,ee7a50a277fef6153a1cc05f9cc2afd227e940efbd36a4c2b0abe9a57580901b,3e7cfddea1d70f28dbf0ec0a605e0a0e4201d8a77c82fc3d93e97e30380c297f,4d6b8cb1d482e5066f9ca575ebd3b67af4a32562
hac,20x,20,2026-06-19T11:30:26.936256+00:00,35.0,20.0,10.0,35.0,fastplong-all,8,80.3369739300053,True,True,False,1.0,ee7a50a277fef6153a1cc05f9cc2afd227e940efbd36a4c2b0abe9a57580901b,3e7cfddea1d70f28dbf0ec0a605e0a0e4201d8a77c82fc3d93e97e30380c297f,4d6b8cb1d482e5066f9ca575ebd3b67af4a32562
hac,20x,20,2026-06-19T11:30:26.936256+00:00,35.0,20.0,10.0,35.0,seqkit-porechop_abi,9,80.21168736666117,True,True,False,1.0,ee7a50a277fef6153a1cc05f9cc2afd227e940efbd36a4c2b0abe9a57580901b,3e7cfddea1d70f28dbf0ec0a605e0a0e4201d8a77c82fc3d93e97e30380c297f,4d6b8cb1d482e5066f9ca575ebd3b67af4a32562
hac,20x,20,2026-06-19T11:30:26.936256+00:00,35.0,20.0,10.0,35.0,chopper-porechop_abi,10,78.01940187018141,True,False,False,1.0,ee7a50a277fef6153a1cc05f9cc2afd227e940efbd36a4c2b0abe9a57580901b,3e7cfddea1d70f28dbf0ec0a605e0a0e4201d8a77c82fc3d93e97e30380c297f,4d6b8cb1d482e5066f9ca575ebd3b67af4a32562
hac,20x,20,2026-06-19T11:30:26.936256+00:00,35.0,20.0,10.0,35.0,seqkit-untrimmed,11,76.34344285347787,True,False,False,1.0,ee7a50a277fef6153a1cc05f9cc2afd227e940efbd36a4c2b0abe9a57580901b,3e7cfddea1d70f28dbf0ec0a605e0a0e4201d8a77c82fc3d93e97e30380c297f,4d6b8cb1d482e5066f9ca575ebd3b67af4a32562
hac,20x,20,2026-06-19T11:30:26.936256+00:00,35.0,20.0,10.0,35.0,chopper-untrimmed,12,73.85595643431814,True,True,False,1.0,ee7a50a277fef6153a1cc05f9cc2afd227e940efbd36a4c2b0abe9a57580901b,3e7cfddea1d70f28dbf0ec0a605e0a0e4201d8a77c82fc3d93e97e30380c297f,4d6b8cb1d482e5066f9ca575ebd3b67af4a32562
hac,20x,20,2026-06-19T11:30:26.936256+00:00,35.0,20.0,10.0,35.0,unprocessed-barbell,13,73.24999734915309,True,True,False,1.0,ee7a50a277fef6153a1cc05f9cc2afd227e940efbd36a4c2b0abe9a57580901b,3e7cfddea1d70f28dbf0ec0a605e0a0e4201d8a77c82fc3d93e97e30380c297f,4d6b8cb1d482e5066f9ca575ebd3b67af4a32562
hac,20x,20,2026-06-19T11:30:26.936256+00:00,35.0,20.0,10.0,35.0,filtlong-porechop_abi,14,59.39144958753147,True,False,False,1.0,ee7a50a277fef6153a1cc05f9cc2afd227e940efbd36a4c2b0abe9a57580901b,3e7cfddea1d70f28dbf0ec0a605e0a0e4201d8a77c82fc3d93e97e30380c297f,4d6b8cb1d482e5066f9ca575ebd3b67af4a32562
hac,20x,20,2026-06-19T11:30:26.936256+00:00,35.0,20.0,10.0,35.0,filtlong-untrimmed,15,57.46245346468572,True,False,False,1.0,ee7a50a277fef6153a1cc05f9cc2afd227e940efbd36a4c2b0abe9a57580901b,3e7cfddea1d70f28dbf0ec0a605e0a0e4201d8a77c82fc3d93e97e30380c297f,4d6b8cb1d482e5066f9ca575ebd3b67af4a32562
hac,20x,20,2026-06-19T11:30:26.936256+00:00,35.0,20.0,10.0,35.0,filtlong-dorado,16,56.10114656351845,True,False,False,1.0,ee7a50a277fef6153a1cc05f9cc2afd227e940efbd36a4c2b0abe9a57580901b,3e7cfddea1d70f28dbf0ec0a605e0a0e4201d8a77c82fc3d93e97e30380c297f,4d6b8cb1d482e5066f9ca575ebd3b67af4a32562
hac,20x,20,2026-06-19T11:30:26.936256+00:00,35.0,20.0,10.0,35.0,filtlong-barbell,17,48.10237478667847,True,False,False,1.0,ee7a50a277fef6153a1cc05f9cc2afd227e940efbd36a4c2b0abe9a57580901b,3e7cfddea1d70f28dbf0ec0a605e0a0e4201d8a77c82fc3d93e97e30380c297f,4d6b8cb1d482e5066f9ca575ebd3b67af4a32562
hac,20x,21,2026-06-26T07:42:14.138061+00:00,35.0,20.0,15.0,30.0,seqkit-dorado,1,93.28832447264818,True,False,True,1.0,ee7a50a277fef6153a1cc05f9cc2afd227e940efbd36a4c2b0abe9a57580901b,3e7cfddea1d70f28dbf0ec0a605e0a0e4201d8a77c82fc3d93e97e30380c297f,4d6b8cb1d482e5066f9ca575ebd3b67af4a32562
hac,20x,21,2026-06-26T07:42:14.138061+00:00,35.0,20.0,15.0,30.0,chopper-dorado,2,90.65891146689974,True,False,False,1.0,ee7a50a277fef6153a1cc05f9cc2afd227e940efbd36a4c2b0abe9a57580901b,3e7cfddea1d70f28dbf0ec0a605e0a0e4201d8a77c82fc3d93e97e30380c297f,4d6b8cb1d482e5066f9ca575ebd3b67af4a32562
hac,20x,21,2026-06-26T07:42:14.138061+00:00,35.0,20.0,15.0,30.0,unprocessed-porechop_abi,3,89.5582484396912,True,False,False,1.0,ee7a50a277fef6153a1cc05f9cc2afd227e940efbd36a4c2b0abe9a57580901b,3e7cfddea1d70f28dbf0ec0a605e0a0e4201d8a77c82fc3d93e97e30380c297f,4d6b8cb1d482e5066f9ca575ebd3b67af4a32562
hac,20x,21,2026-06-26T07:42:14.138061+00:00,35.0,20.0,15.0,30.0,unprocessed-dorado,4,87.67993928003783,True,False,False,1.0,ee7a50a277fef6153a1cc05f9cc2afd227e940efbd36a4c2b0abe9a57580901b,3e7cfddea1d70f28dbf0ec0a605e0a0e4201d8a77c82fc3d93e97e30380c297f,4d6b8cb1d482e5066f9ca575ebd3b67af4a32562
hac,20x,21,2026-06-26T07:42:14.138061+00:00,35.0,20.0,15.0,30.0,unprocessed-untrimmed,5,84.4190674104703,True,True,False,1.0,ee7a50a277fef6153a1cc05f9cc2afd227e940efbd36a4c2b0abe9a57580901b,3e7cfddea1d70f28dbf0ec0a605e0a0e4201d8a77c82fc3d93e97e30380c297f,4d6b8cb1d482e5066f9ca575ebd3b67af4a32562
hac,20x,21,2026-06-26T07:42:14.138061+00:00,35.0,20.0,15.0,30.0,seqkit-barbell,6,84.14792519189145,True,True,False,1.0,ee7a50a277fef6153a1cc05f9cc2afd227e940efbd36a4c2b0abe9a57580901b,3e7cfddea1d70f28dbf0ec0a605e0a0e4201d8a77c82fc3d93e97e30380c297f,4d6b8cb1d482e5066f9ca575ebd3b67af4a32562
hac,20x,21,2026-06-26T07:42:14.138061+00:00,35.0,20.0,15.0,30.0,fastplong-all,7,82.00364059667196,True,True,False,1.0,ee7a50a277fef6153a1cc05f9cc2afd227e940efbd36a4c2b0abe9a57580901b,3e7cfddea1d70f28dbf0ec0a605e0a0e4201d8a77c82fc3d93e97e30380c297f,4d6b8cb1d482e5066f9ca575ebd3b67af4a32562
hac,20x,21,2026-06-26T07:42:14.138061+00:00,35.0,20.0,15.0,30.0,seqkit-porechop_abi,8,81.87835403332784,True,True,False,1.0,ee7a50a277fef6153a1cc05f9cc2afd227e940efbd36a4c2b0abe9a57580901b,3e7cfddea1d70f28dbf0ec0a605e0a0e4201d8a77c82fc3d93e97e30380c297f,4d6b8cb1d482e5066f9ca575ebd3b67af4a32562
hac,20x,21,2026-06-26T07:42:14.138061+00:00,35.0,20.0,15.0,30.0,chopper-barbell,9,80.81850077049042,True,False,False,1.0,ee7a50a277fef6153a1cc05f9cc2afd227e940efbd36a4c2b0abe9a57580901b,3e7cfddea1d70f28dbf0ec0a605e0a0e4201d8a77c82fc3d93e97e30380c297f,4d6b8cb1d482e5066f9ca575ebd3b67af4a32562
hac,20x,21,2026-06-26T07:42:14.138061+00:00,35.0,20.0,15.0,30.0,chopper-porechop_abi,10,79.68606853684808,True,False,False,1.0,ee7a50a277fef6153a1cc05f9cc2afd227e940efbd36a4c2b0abe9a57580901b,3e7cfddea1d70f28dbf0ec0a605e0a0e4201d8a77c82fc3d93e97e30380c297f,4d6b8cb1d482e5066f9ca575ebd3b67af4a32562
hac,20x,21,2026-06-26T07:42:14.138061+00:00,35.0,20.0,15.0,30.0,seqkit-untrimmed,11,76.47164798168299,True,False,False,1.0,ee7a50a277fef6153a1cc05f9cc2afd227e940efbd36a4c2b0abe9a57580901b,3e7cfddea1d70f28dbf0ec0a605e0a0e4201d8a77c82fc3d93e97e30380c297f,4d6b8cb1d482e5066f9ca575ebd3b67af4a32562
hac,20x,21,2026-06-26T07:42:14.138061+00:00,35.0,20.0,15.0,30.0,unprocessed-barbell,12,74.91666401581976,True,False,False,1.0,ee7a50a277fef6153a1cc05f9cc2afd227e940efbd36a4c2b0abe9a57580901b,3e7cfddea1d70f28dbf0ec0a605e0a0e4201d8a77c82fc3d93e97e30380c297f,4d6b8cb1d482e5066f9ca575ebd3b67af4a32562
hac,20x,21,2026-06-26T07:42:14.138061+00:00,35.0,20.0,15.0,30.0,chopper-untrimmed,13,73.2149307932925,True,False,False,1.0,ee7a50a277fef6153a1cc05f9cc2afd227e940efbd36a4c2b0abe9a57580901b,3e7cfddea1d70f28dbf0ec0a605e0a0e4201d8a77c82fc3d93e97e30380c297f,4d6b8cb1d482e5066f9ca575ebd3b67af4a32562
hac,20x,21,2026-06-26T07:42:14.138061+00:00,35.0,20.0,15.0,30.0,filtlong-porechop_abi,14,64.39144958753147,True,False,False,1.0,ee7a50a277fef6153a1cc05f9cc2afd227e940efbd36a4c2b0abe9a57580901b,3e7cfddea1d70f28dbf0ec0a605e0a0e4201d8a77c82fc3d93e97e30380c297f,4d6b8cb1d482e5066f9ca575ebd3b67af4a32562
hac,20x,21,2026-06-26T07:42:14.138061+00:00,35.0,20.0,15.0,30.0,filtlong-untrimmed,15,62.07783808007034,True,True,False,1.0,ee7a50a277fef6153a1cc05f9cc2afd227e940efbd36a4c2b0abe9a57580901b,3e7cfddea1d70f28dbf0ec0a605e0a0e4201d8a77c82fc3d93e97e30380c297f,4d6b8cb1d482e5066f9ca575ebd3b67af4a32562
hac,20x,21,2026-06-26T07:42:14.138061+00:00,35.0,20.0,15.0,30.0,filtlong-dorado,16,61.10114656351845,True,True,False,1.0,ee7a50a277fef6153a1cc05f9cc2afd227e940efbd36a4c2b0abe9a57580901b,3e7cfddea1d70f28dbf0ec0a605e0a0e4201d8a77c82fc3d93e97e30380c297f,4d6b8cb1d482e5066f9ca575ebd3b67af4a32562
hac,20x,21,2026-06-26T07:42:14.138061+00:00,35.0,20.0,15.0,30.0,filtlong-barbell,17,53.10237478667847,True,False,False,1.0,ee7a50a277fef6153a1cc05f9cc2afd227e940efbd36a4c2b0abe9a57580901b,3e7cfddea1d70f28dbf0ec0a605e0a0e4201d8a77c82fc3d93e97e30380c297f,4d6b8cb1d482e5066f9ca575ebd3b67af4a32562
hac,20x,22,2026-07-17T05:15:29.320201+00:00,10.0,60.0,5.0,25.0,seqkit-dorado,1,98.03920418717534,True,False,True,1.0,ee7a50a277fef6153a1cc05f9cc2afd227e940efbd36a4c2b0abe9a57580901b,3e7cfddea1d70f28dbf0ec0a605e0a0e4201d8a77c82fc3d93e97e30380c297f,4d6b8cb1d482e5066f9ca575ebd3b67af4a32562
hac,20x,22,2026-07-17T05:15:29.320201+00:00,10.0,60.0,5.0,25.0,chopper-dorado,2,95.30288824685306,True,True,False,1.0,ee7a50a277fef6153a1cc05f9cc2afd227e940efbd36a4c2b0abe9a57580901b,3e7cfddea1d70f28dbf0ec0a605e0a0e4201d8a77c82fc3d93e97e30380c297f,4d6b8cb1d482e5066f9ca575ebd3b67af4a32562
hac,20x,22,2026-07-17T05:15:29.320201+00:00,10.0,60.0,5.0,25.0,unprocessed-porechop_abi,3,95.23089916522741,True,True,False,1.0,ee7a50a277fef6153a1cc05f9cc2afd227e940efbd36a4c2b0abe9a57580901b,3e7cfddea1d70f28dbf0ec0a605e0a0e4201d8a77c82fc3d93e97e30380c297f,4d6b8cb1d482e5066f9ca575ebd3b67af4a32562
hac,20x,22,2026-07-17T05:15:29.320201+00:00,10.0,60.0,5.0,25.0,unprocessed-untrimmed,4,95.21950992371868,True,True,False,1.0,ee7a50a277fef6153a1cc05f9cc2afd227e940efbd36a4c2b0abe9a57580901b,3e7cfddea1d70f28dbf0ec0a605e0a0e4201d8a77c82fc3d93e97e30380c297f,4d6b8cb1d482e5066f9ca575ebd3b67af4a32562
hac,20x,22,2026-07-17T05:15:29.320201+00:00,10.0,60.0,5.0,25.0,unprocessed-dorado,5,92.61404860934428,True,False,False,1.0,ee7a50a277fef6153a1cc05f9cc2afd227e940efbd36a4c2b0abe9a57580901b,3e7cfddea1d70f28dbf0ec0a605e0a0e4201d8a77c82fc3d93e97e30380c297f,4d6b8cb1d482e5066f9ca575ebd3b67af4a32562
hac,20x,22,2026-07-17T05:15:29.320201+00:00,10.0,60.0,5.0,25.0,fastplong-all,6,89.38143461052869,True,True,False,1.0,ee7a50a277fef6153a1cc05f9cc2afd227e940efbd36a4c2b0abe9a57580901b,3e7cfddea1d70f28dbf0ec0a605e0a0e4201d8a77c82fc3d93e97e30380c297f,4d6b8cb1d482e5066f9ca575ebd3b67af4a32562
hac,20x,22,2026-07-17T05:15:29.320201+00:00,10.0,60.0,5.0,25.0,seqkit-porechop_abi,7,89.33442107434249,True,True,False,1.0,ee7a50a277fef6153a1cc05f9cc2afd227e940efbd36a4c2b0abe9a57580901b,3e7cfddea1d70f28dbf0ec0a605e0a0e4201d8a77c82fc3d93e97e30380c297f,4d6b8cb1d482e5066f9ca575ebd3b67af4a32562
hac,20x,22,2026-07-17T05:15:29.320201+00:00,10.0,60.0,5.0,25.0,seqkit-barbell,8,86.6876217295205,True,True,False,1.0,ee7a50a277fef6153a1cc05f9cc2afd227e940efbd36a4c2b0abe9a57580901b,3e7cfddea1d70f28dbf0ec0a605e0a0e4201d8a77c82fc3d93e97e30380c297f,4d6b8cb1d482e5066f9ca575ebd3b67af4a32562
hac,20x,22,2026-07-17T05:15:29.320201+00:00,10.0,60.0,5.0,25.0,seqkit-untrimmed,9,85.81661061171565,True,True,False,1.0,ee7a50a277fef6153a1cc05f9cc2afd227e940efbd36a4c2b0abe9a57580901b,3e7cfddea1d70f28dbf0ec0a605e0a0e4201d8a77c82fc3d93e97e30380c297f,4d6b8cb1d482e5066f9ca575ebd3b67af4a32562
hac,20x,22,2026-07-17T05:15:29.320201+00:00,10.0,60.0,5.0,25.0,chopper-untrimmed,10,84.81645904654417,True,True,False,1.0,ee7a50a277fef6153a1cc05f9cc2afd227e940efbd36a4c2b0abe9a57580901b,3e7cfddea1d70f28dbf0ec0a605e0a0e4201d8a77c82fc3d93e97e30380c297f,4d6b8cb1d482e5066f9ca575ebd3b67af4a32562
hac,20x,22,2026-07-17T05:15:29.320201+00:00,10.0,60.0,5.0,25.0,unprocessed-barbell,11,83.96358179104902,True,True,False,1.0,ee7a50a277fef6153a1cc05f9cc2afd227e940efbd36a4c2b0abe9a57580901b,3e7cfddea1d70f28dbf0ec0a605e0a0e4201d8a77c82fc3d93e97e30380c297f,4d6b8cb1d482e5066f9ca575ebd3b67af4a32562
hac,20x,22,2026-07-17T05:15:29.320201+00:00,10.0,60.0,5.0,25.0,chopper-porechop_abi,12,83.77333381567244,True,True,False,1.0,ee7a50a277fef6153a1cc05f9cc2afd227e940efbd36a4c2b0abe9a57580901b,3e7cfddea1d70f28dbf0ec0a605e0a0e4201d8a77c82fc3d93e97e30380c297f,4d6b8cb1d482e5066f9ca575ebd3b67af4a32562
hac,20x,22,2026-07-17T05:15:29.320201+00:00,10.0,60.0,5.0,25.0,chopper-barbell,13,83.72934846531741,True,True,False,1.0,ee7a50a277fef6153a1cc05f9cc2afd227e940efbd36a4c2b0abe9a57580901b,3e7cfddea1d70f28dbf0ec0a605e0a0e4201d8a77c82fc3d93e97e30380c297f,4d6b8cb1d482e5066f9ca575ebd3b67af4a32562
hac,20x,22,2026-07-17T05:15:29.320201+00:00,10.0,60.0,5.0,25.0,filtlong-porechop_abi,14,73.3889641472098,True,False,False,1.0,ee7a50a277fef6153a1cc05f9cc2afd227e940efbd36a4c2b0abe9a57580901b,3e7cfddea1d70f28dbf0ec0a605e0a0e4201d8a77c82fc3d93e97e30380c297f,4d6b8cb1d482e5066f9ca575ebd3b67af4a32562
hac,20x,22,2026-07-17T05:15:29.320201+00:00,10.0,60.0,5.0,25.0,filtlong-untrimmed,15,69.59082193251871,True,True,False,1.0,ee7a50a277fef6153a1cc05f9cc2afd227e940efbd36a4c2b0abe9a57580901b,3e7cfddea1d70f28dbf0ec0a605e0a0e4201d8a77c82fc3d93e97e30380c297f,4d6b8cb1d482e5066f9ca575ebd3b67af4a32562
hac,20x,22,2026-07-17T05:15:29.320201+00:00,10.0,60.0,5.0,25.0,filtlong-dorado,16,69.4665166136323,True,True,False,1.0,ee7a50a277fef6153a1cc05f9cc2afd227e940efbd36a4c2b0abe9a57580901b,3e7cfddea1d70f28dbf0ec0a605e0a0e4201d8a77c82fc3d93e97e30380c297f,4d6b8cb1d482e5066f9ca575ebd3b67af4a32562
hac,20x,22,2026-07-17T05:15:29.320201+00:00,10.0,60.0,5.0,25.0,filtlong-barbell,17,64.93789359080462,True,False,False,1.0,ee7a50a277fef6153a1cc05f9cc2afd227e940efbd36a4c2b0abe9a57580901b,3e7cfddea1d70f28dbf0ec0a605e0a0e4201d8a77c82fc3d93e97e30380c297f,4d6b8cb1d482e5066f9ca575ebd3b67af4a32562
hac,100x,1,2026-06-11T03:58:21.440403+00:00,40.0,35.0,5.0,20.0,seqkit-barbell,1,98.10446395734878,True,True,True,1.0,ee7a50a277fef6153a1cc05f9cc2afd227e940efbd36a4c2b0abe9a57580901b,3e7cfddea1d70f28dbf0ec0a605e0a0e4201d8a77c82fc3d93e97e30380c297f,4d6b8cb1d482e5066f9ca575ebd3b67af4a32562
hac,100x,1,2026-06-11T03:58:21.440403+00:00,40.0,35.0,5.0,20.0,seqkit-dorado,2,98.06749999664596,True,True,False,1.0,ee7a50a277fef6153a1cc05f9cc2afd227e940efbd36a4c2b0abe9a57580901b,3e7cfddea1d70f28dbf0ec0a605e0a0e4201d8a77c82fc3d93e97e30380c297f,4d6b8cb1d482e5066f9ca575ebd3b67af4a32562
hac,100x,1,2026-06-11T03:58:21.440403+00:00,40.0,35.0,5.0,20.0,chopper-barbell,3,97.91981663406027,True,True,False,1.0,ee7a50a277fef6153a1cc05f9cc2afd227e940efbd36a4c2b0abe9a57580901b,3e7cfddea1d70f28dbf0ec0a605e0a0e4201d8a77c82fc3d93e97e30380c297f,4d6b8cb1d482e5066f9ca575ebd3b67af4a32562
hac,100x,1,2026-06-11T03:58:21.440403+00:00,40.0,35.0,5.0,20.0,chopper-dorado,4,97.79658596941643,True,True,False,1.0,ee7a50a277fef6153a1cc05f9cc2afd227e940efbd36a4c2b0abe9a57580901b,3e7cfddea1d70f28dbf0ec0a605e0a0e4201d8a77c82fc3d93e97e30380c297f,4d6b8cb1d482e5066f9ca575ebd3b67af4a32562
hac,100x,1,2026-06-11T03:58:21.440403+00:00,40.0,35.0,5.0,20.0,seqkit-porechop_abi,5,97.73831137240158,True,True,False,1.0,ee7a50a277fef6153a1cc05f9cc2afd227e940efbd36a4c2b0abe9a57580901b,3e7cfddea1d70f28dbf0ec0a605e0a0e4201d8a77c82fc3d93e97e30380c297f,4d6b8cb1d482e5066f9ca575ebd3b67af4a32562
hac,100x,1,2026-06-11T03:58:21.440403+00:00,40.0,35.0,5.0,20.0,unprocessed-dorado,6,97.43981460900483,True,True,False,1.0,ee7a50a277fef6153a1cc05f9cc2afd227e940efbd36a4c2b0abe9a57580901b,3e7cfddea1d70f28dbf0ec0a605e0a0e4201d8a77c82fc3d93e97e30380c297f,4d6b8cb1d482e5066f9ca575ebd3b67af4a32562
hac,100x,1,2026-06-11T03:58:21.440403+00:00,40.0,35.0,5.0,20.0,unprocessed-barbell,7,97.38139058824692,True,True,False,1.0,ee7a50a277fef6153a1cc05f9cc2afd227e940efbd36a4c2b0abe9a57580901b,3e7cfddea1d70f28dbf0ec0a605e0a0e4201d8a77c82fc3d93e97e30380c297f,4d6b8cb1d482e5066f9ca575ebd3b67af4a32562
hac,100x,1,2026-06-11T03:58:21.440403+00:00,40.0,35.0,5.0,20.0,unprocessed-untrimmed,8,97.00562530669508,True,True,False,1.0,ee7a50a277fef6153a1cc05f9cc2afd227e940efbd36a4c2b0abe9a57580901b,3e7cfddea1d70f28dbf0ec0a605e0a0e4201d8a77c82fc3d93e97e30380c297f,4d6b8cb1d482e5066f9ca575ebd3b67af4a32562
hac,100x,1,2026-06-11T03:58:21.440403+00:00,40.0,35.0,5.0,20.0,seqkit-untrimmed,9,96.5936988149607,True,True,False,1.0,ee7a50a277fef6153a1cc05f9cc2afd227e940efbd36a4c2b0abe9a57580901b,3e7cfddea1d70f28dbf0ec0a605e0a0e4201d8a77c82fc3d93e97e30380c297f,4d6b8cb1d482e5066f9ca575ebd3b67af4a32562
hac,100x,1,2026-06-11T03:58:21.440403+00:00,40.0,35.0,5.0,20.0,chopper-untrimmed,10,95.00511950753085,True,False,False,1.0,ee7a50a277fef6153a1cc05f9cc2afd227e940efbd36a4c2b0abe9a57580901b,3e7cfddea1d70f28dbf0ec0a605e0a0e4201d8a77c82fc3d93e97e30380c297f,4d6b8cb1d482e5066f9ca575ebd3b67af4a32562
hac,100x,1,2026-06-11T03:58:21.440403+00:00,40.0,35.0,5.0,20.0,fastplong-all,11,91.05932819639622,True,True,False,1.0,ee7a50a277fef6153a1cc05f9cc2afd227e940efbd36a4c2b0abe9a57580901b,3e7cfddea1d70f28dbf0ec0a605e0a0e4201d8a77c82fc3d93e97e30380c297f,4d6b8cb1d482e5066f9ca575ebd3b67af4a32562
hac,100x,1,2026-06-11T03:58:21.440403+00:00,40.0,35.0,5.0,20.0,chopper-porechop_abi,12,90.93916209986446,True,True,False,1.0,ee7a50a277fef6153a1cc05f9cc2afd227e940efbd36a4c2b0abe9a57580901b,3e7cfddea1d70f28dbf0ec0a605e0a0e4201d8a77c82fc3d93e97e30380c297f,4d6b8cb1d482e5066f9ca575ebd3b67af4a32562
hac,100x,1,2026-06-11T03:58:21.440403+00:00,40.0,35.0,5.0,20.0,unprocessed-porechop_abi,13,90.88085550859329,True,True,False,1.0,ee7a50a277fef6153a1cc05f9cc2afd227e940efbd36a4c2b0abe9a57580901b,3e7cfddea1d70f28dbf0ec0a605e0a0e4201d8a77c82fc3d93e97e30380c297f,4d6b8cb1d482e5066f9ca575ebd3b67af4a32562
hac,100x,1,2026-06-11T03:58:21.440403+00:00,40.0,35.0,5.0,20.0,filtlong-dorado,14,78.47339470328501,True,True,False,1.0,ee7a50a277fef6153a1cc05f9cc2afd227e940efbd36a4c2b0abe9a57580901b,3e7cfddea1d70f28dbf0ec0a605e0a0e4201d8a77c82fc3d93e97e30380c297f,4d6b8cb1d482e5066f9ca575ebd3b67af4a32562
hac,100x,1,2026-06-11T03:58:21.440403+00:00,40.0,35.0,5.0,20.0,filtlong-barbell,15,78.40269513296846,True,True,False,1.0,ee7a50a277fef6153a1cc05f9cc2afd227e940efbd36a4c2b0abe9a57580901b,3e7cfddea1d70f28dbf0ec0a605e0a0e4201d8a77c82fc3d93e97e30380c297f,4d6b8cb1d482e5066f9ca575ebd3b67af4a32562
hac,100x,1,2026-06-11T03:58:21.440403+00:00,40.0,35.0,5.0,20.0,filtlong-porechop_abi,16,78.08091873163765,True,True,False,1.0,ee7a50a277fef6153a1cc05f9cc2afd227e940efbd36a4c2b0abe9a57580901b,3e7cfddea1d70f28dbf0ec0a605e0a0e4201d8a77c82fc3d93e97e30380c297f,4d6b8cb1d482e5066f9ca575ebd3b67af4a32562
hac,100x,1,2026-06-11T03:58:21.440403+00:00,40.0,35.0,5.0,20.0,filtlong-untrimmed,17,78.07038125349432,True,True,False,1.0,ee7a50a277fef6153a1cc05f9cc2afd227e940efbd36a4c2b0abe9a57580901b,3e7cfddea1d70f28dbf0ec0a605e0a0e4201d8a77c82fc3d93e97e30380c297f,4d6b8cb1d482e5066f9ca575ebd3b67af4a32562
hac,100x,2,2026-06-11T04:07:26.649433+00:00,30.0,20.0,35.0,15.0,seqkit-barbell,1,98.5783750085949,True,True,True,1.0,ee7a50a277fef6153a1cc05f9cc2afd227e940efbd36a4c2b0abe9a57580901b,3e7cfddea1d70f28dbf0ec0a605e0a0e4201d8a77c82fc3d93e97e30380c297f,4d6b8cb1d482e5066f9ca575ebd3b67af4a32562
hac,100x,2,2026-06-11T04:07:26.649433+00:00,30.0,20.0,35.0,15.0,seqkit-dorado,2,98.55065933874275,True,True,False,1.0,ee7a50a277fef6153a1cc05f9cc2afd227e940efbd36a4c2b0abe9a57580901b,3e7cfddea1d70f28dbf0ec0a605e0a0e4201d8a77c82fc3d93e97e30380c297f,4d6b8cb1d482e5066f9ca575ebd3b67af4a32562
hac,100x,2,2026-06-11T04:07:26.649433+00:00,30.0,20.0,35.0,15.0,chopper-barbell,3,98.439895219463,True,True,False,1.0,ee7a50a277fef6153a1cc05f9cc2afd227e940efbd36a4c2b0abe9a57580901b,3e7cfddea1d70f28dbf0ec0a605e0a0e4201d8a77c82fc3d93e97e30380c297f,4d6b8cb1d482e5066f9ca575ebd3b67af4a32562
hac,100x,2,2026-06-11T04:07:26.649433+00:00,30.0,20.0,35.0,15.0,chopper-dorado,4,98.34749967483135,True,True,False,1.0,ee7a50a277fef6153a1cc05f9cc2afd227e940efbd36a4c2b0abe9a57580901b,3e7cfddea1d70f28dbf0ec0a605e0a0e4201d8a77c82fc3d93e97e30380c297f,4d6b8cb1d482e5066f9ca575ebd3b67af4a32562
hac,100x,2,2026-06-11T04:07:26.649433+00:00,30.0,20.0,35.0,15.0,seqkit-porechop_abi,5,98.30376034466903,True,True,False,1.0,ee7a50a277fef6153a1cc05f9cc2afd227e940efbd36a4c2b0abe9a57580901b,3e7cfddea1d70f28dbf0ec0a605e0a0e4201d8a77c82fc3d93e97e30380c297f,4d6b8cb1d482e5066f9ca575ebd3b67af4a32562
hac,100x,2,2026-06-11T04:07:26.649433+00:00,30.0,20.0,35.0,15.0,unprocessed-barbell,6,98.03606934713011,True,True,False,1.0,ee7a50a277fef6153a1cc05f9cc2afd227e940efbd36a4c2b0abe9a57580901b,3e7cfddea1d70f28dbf0ec0a605e0a0e4201d8a77c82fc3d93e97e30380c297f,4d6b8cb1d482e5066f9ca575ebd3b67af4a32562
hac,100x,2,2026-06-11T04:07:26.649433+00:00,30.0,20.0,35.0,15.0,unprocessed-dorado,7,95.67604790844233,True,False,False,1.0,ee7a50a277fef6153a1cc05f9cc2afd227e940efbd36a4c2b0abe9a57580901b,3e7cfddea1d70f28dbf0ec0a605e0a0e4201d8a77c82fc3d93e97e30380c297f,4d6b8cb1d482e5066f9ca575ebd3b67af4a32562
hac,100x,2,2026-06-11T04:07:26.649433+00:00,30.0,20.0,35.0,15.0,fastplong-all,8,93.29452453713482,True,True,False,1.0,ee7a50a277fef6153a1cc05f9cc2afd227e940efbd36a4c2b0abe9a57580901b,3e7cfddea1d70f28dbf0ec0a605e0a0e4201d8a77c82fc3d93e97e30380c297f,4d6b8cb1d482e5066f9ca575ebd3b67af4a32562
hac,100x,2,2026-06-11T04:07:26.649433+00:00,30.0,20.0,35.0,15.0,chopper-porechop_abi,9,93.20442962483098,True,True,False,1.0,ee7a50a277fef6153a1cc05f9cc2afd227e940efbd36a4c2b0abe9a57580901b,3e7cfddea1d70f28dbf0ec0a605e0a0e4201d8a77c82fc3d93e97e30380c297f,4d6b8cb1d482e5066f9ca575ebd3b67af4a32562
hac,100x,2,2026-06-11T04:07:26.649433+00:00,30.0,20.0,35.0,15.0,unprocessed-porechop_abi,10,93.16067201223646,True,True,False,1.0,ee7a50a277fef6153a1cc05f9cc2afd227e940efbd36a4c2b0abe9a57580901b,3e7cfddea1d70f28dbf0ec0a605e0a0e4201d8a77c82fc3d93e97e30380c297f,4d6b8cb1d482e5066f9ca575ebd3b67af4a32562
hac,100x,2,2026-06-11T04:07:26.649433+00:00,30.0,20.0,35.0,15.0,unprocessed-untrimmed,11,92.94662105437521,True,True,False,1.0,ee7a50a277fef6153a1cc05f9cc2afd227e940efbd36a4c2b0abe9a57580901b,3e7cfddea1d70f28dbf0ec0a605e0a0e4201d8a77c82fc3d93e97e30380c297f,4d6b8cb1d482e5066f9ca575ebd3b67af4a32562
hac,100x,2,2026-06-11T04:07:26.649433+00:00,30.0,20.0,35.0,15.0,seqkit-untrimmed,12,90.23376196019731,True,False,False,1.0,ee7a50a277fef6153a1cc05f9cc2afd227e940efbd36a4c2b0abe9a57580901b,3e7cfddea1d70f28dbf0ec0a605e0a0e4201d8a77c82fc3d93e97e30380c297f,4d6b8cb1d482e5066f9ca575ebd3b67af4a32562
hac,100x,2,2026-06-11T04:07:26.649433+00:00,30.0,20.0,35.0,15.0,chopper-untrimmed,13,86.63918916913852,True,False,False,1.0,ee7a50a277fef6153a1cc05f9cc2afd227e940efbd36a4c2b0abe9a57580901b,3e7cfddea1d70f28dbf0ec0a605e0a0e4201d8a77c82fc3d93e97e30380c297f,4d6b8cb1d482e5066f9ca575ebd3b67af4a32562
hac,100x,2,2026-06-11T04:07:26.649433+00:00,30.0,20.0,35.0,15.0,filtlong-dorado,14,83.85512664363537,True,True,False,1.0,ee7a50a277fef6153a1cc05f9cc2afd227e940efbd36a4c2b0abe9a57580901b,3e7cfddea1d70f28dbf0ec0a605e0a0e4201d8a77c82fc3d93e97e30380c297f,4d6b8cb1d482e5066f9ca575ebd3b67af4a32562
hac,100x,2,2026-06-11T04:07:26.649433+00:00,30.0,20.0,35.0,15.0,filtlong-barbell,15,83.80208952653143,True,True,False,1.0,ee7a50a277fef6153a1cc05f9cc2afd227e940efbd36a4c2b0abe9a57580901b,3e7cfddea1d70f28dbf0ec0a605e0a0e4201d8a77c82fc3d93e97e30380c297f,4d6b8cb1d482e5066f9ca575ebd3b67af4a32562
hac,100x,2,2026-06-11T04:07:26.649433+00:00,30.0,20.0,35.0,15.0,filtlong-porechop_abi,16,83.56107444005667,True,True,False,1.0,ee7a50a277fef6153a1cc05f9cc2afd227e940efbd36a4c2b0abe9a57580901b,3e7cfddea1d70f28dbf0ec0a605e0a0e4201d8a77c82fc3d93e97e30380c297f,4d6b8cb1d482e5066f9ca575ebd3b67af4a32562
hac,100x,2,2026-06-11T04:07:26.649433+00:00,30.0,20.0,35.0,15.0,filtlong-untrimmed,17,83.552855221777,True,True,False,1.0,ee7a50a277fef6153a1cc05f9cc2afd227e940efbd36a4c2b0abe9a57580901b,3e7cfddea1d70f28dbf0ec0a605e0a0e4201d8a77c82fc3d93e97e30380c297f,4d6b8cb1d482e5066f9ca575ebd3b67af4a32562
hac,100x,3,2026-06-11T04:38:54.544766+00:00,20.0,20.0,25.0,35.0,seqkit-barbell,1,99.05222116244106,True,True,True,1.0,ee7a50a277fef6153a1cc05f9cc2afd227e940efbd36a4c2b0abe9a57580901b,3e7cfddea1d70f28dbf0ec0a605e0a0e4201d8a77c82fc3d93e97e30380c297f,4d6b8cb1d482e5066f9ca575ebd3b67af4a32562
hac,100x,3,2026-06-11T04:38:54.544766+00:00,20.0,20.0,25.0,35.0,seqkit-dorado,2,99.03373626181968,True,True,False,1.0,ee7a50a277fef6153a1cc05f9cc2afd227e940efbd36a4c2b0abe9a57580901b,3e7cfddea1d70f28dbf0ec0a605e0a0e4201d8a77c82fc3d93e97e30380c297f,4d6b8cb1d482e5066f9ca575ebd3b67af4a32562
hac,100x,3,2026-06-11T04:38:54.544766+00:00,20.0,20.0,25.0,35.0,chopper-barbell,3,98.959895219463,True,True,False,1.0,ee7a50a277fef6153a1cc05f9cc2afd227e940efbd36a4c2b0abe9a57580901b,3e7cfddea1d70f28dbf0ec0a605e0a0e4201d8a77c82fc3d93e97e30380c297f,4d6b8cb1d482e5066f9ca575ebd3b67af4a32562
hac,100x,3,2026-06-11T04:38:54.544766+00:00,20.0,20.0,25.0,35.0,chopper-dorado,4,98.8982689056006,True,True,False,1.0,ee7a50a277fef6153a1cc05f9cc2afd227e940efbd36a4c2b0abe9a57580901b,3e7cfddea1d70f28dbf0ec0a605e0a0e4201d8a77c82fc3d93e97e30380c297f,4d6b8cb1d482e5066f9ca575ebd3b67af4a32562
hac,100x,3,2026-06-11T04:38:54.544766+00:00,20.0,20.0,25.0,35.0,seqkit-porechop_abi,5,98.86914496005366,True,True,False,1.0,ee7a50a277fef6153a1cc05f9cc2afd227e940efbd36a4c2b0abe9a57580901b,3e7cfddea1d70f28dbf0ec0a605e0a0e4201d8a77c82fc3d93e97e30380c297f,4d6b8cb1d482e5066f9ca575ebd3b67af4a32562
hac,100x,3,2026-06-11T04:38:54.544766+00:00,20.0,20.0,25.0,35.0,unprocessed-barbell,6,98.69068473174549,True,True,False,1.0,ee7a50a277fef6153a1cc05f9cc2afd227e940efbd36a4c2b0abe9a57580901b,3e7cfddea1d70f28dbf0ec0a605e0a0e4201d8a77c82fc3d93e97e30380c297f,4d6b8cb1d482e5066f9ca575ebd3b67af4a32562
hac,100x,3,2026-06-11T04:38:54.544766+00:00,20.0,20.0,25.0,35.0,unprocessed-dorado,7,96.98912483151923,True,False,False,1.0,ee7a50a277fef6153a1cc05f9cc2afd227e940efbd36a4c2b0abe9a57580901b,3e7cfddea1d70f28dbf0ec0a605e0a0e4201d8a77c82fc3d93e97e30380c297f,4d6b8cb1d482e5066f9ca575ebd3b67af4a32562
hac,100x,3,2026-06-11T04:38:54.544766+00:00,20.0,20.0,25.0,35.0,unprocessed-untrimmed,8,95.0412364389906,True,False,False,1.0,ee7a50a277fef6153a1cc05f9cc2afd227e940efbd36a4c2b0abe9a57580901b,3e7cfddea1d70f28dbf0ec0a605e0a0e4201d8a77c82fc3d93e97e30380c297f,4d6b8cb1d482e5066f9ca575ebd3b67af4a32562
hac,100x,3,2026-06-11T04:38:54.544766+00:00,20.0,20.0,25.0,35.0,seqkit-untrimmed,9,93.10453119096655,True,False,False,1.0,ee7a50a277fef6153a1cc05f9cc2afd227e940efbd36a4c2b0abe9a57580901b,3e7cfddea1d70f28dbf0ec0a605e0a0e4201d8a77c82fc3d93e97e30380c297f,4d6b8cb1d482e5066f9ca575ebd3b67af4a32562
hac,100x,3,2026-06-11T04:38:54.544766+00:00,20.0,20.0,25.0,35.0,chopper-untrimmed,10,90.57918916913852,True,False,False,1.0,ee7a50a277fef6153a1cc05f9cc2afd227e940efbd36a4c2b0abe9a57580901b,3e7cfddea1d70f28dbf0ec0a605e0a0e4201d8a77c82fc3d93e97e30380c297f,4d6b8cb1d482e5066f9ca575ebd3b67af4a32562
hac,100x,3,2026-06-11T04:38:54.544766+00:00,20.0,20.0,25.0,35.0,fastplong-all,11,87.1963194089297,True,True,False,1.0,ee7a50a277fef6153a1cc05f9cc2afd227e940efbd36a4c2b0abe9a57580901b,3e7cfddea1d70f28dbf0ec0a605e0a0e4201d8a77c82fc3d93e97e30380c297f,4d6b8cb1d482e5066f9ca575ebd3b67af4a32562
hac,100x,3,2026-06-11T04:38:54.544766+00:00,20.0,20.0,25.0,35.0,chopper-porechop_abi,12,87.13622449662586,True,True,False,1.0,ee7a50a277fef6153a1cc05f9cc2afd227e940efbd36a4c2b0abe9a57580901b,3e7cfddea1d70f28dbf0ec0a605e0a0e4201d8a77c82fc3d93e97e30380c297f,4d6b8cb1d482e5066f9ca575ebd3b67af4a32562
hac,100x,3,2026-06-11T04:38:54.544766+00:00,20.0,20.0,25.0,35.0,unprocessed-porechop_abi,13,87.10708226864672,True,True,False,1.0,ee7a50a277fef6153a1cc05f9cc2afd227e940efbd36a4c2b0abe9a57580901b,3e7cfddea1d70f28dbf0ec0a605e0a0e4201d8a77c82fc3d93e97e30380c297f,4d6b8cb1d482e5066f9ca575ebd3b67af4a32562
hac,100x,3,2026-06-11T04:38:54.544766+00:00,20.0,20.0,25.0,35.0,filtlong-dorado,14,64.23666510517386,True,True,False,1.0,ee7a50a277fef6153a1cc05f9cc2afd227e940efbd36a4c2b0abe9a57580901b,3e7cfddea1d70f28dbf0ec0a605e0a0e4201d8a77c82fc3d93e97e30380c297f,4d6b8cb1d482e5066f9ca575ebd3b67af4a32562
hac,100x,3,2026-06-11T04:38:54.544766+00:00,20.0,20.0,25.0,35.0,filtlong-barbell,15,64.2013202957622,True,True,False,1.0,ee7a50a277fef6153a1cc05f9cc2afd227e940efbd36a4c2b0abe9a57580901b,3e7cfddea1d70f28dbf0ec0a605e0a0e4201d8a77c82fc3d93e97e30380c297f,4d6b8cb1d482e5066f9ca575ebd3b67af4a32562
hac,100x,3,2026-06-11T04:38:54.544766+00:00,20.0,20.0,25.0,35.0,filtlong-porechop_abi,16,64.04030520928744,True,True,False,1.0,ee7a50a277fef6153a1cc05f9cc2afd227e940efbd36a4c2b0abe9a57580901b,3e7cfddea1d70f28dbf0ec0a605e0a0e4201d8a77c82fc3d93e97e30380c297f,4d6b8cb1d482e5066f9ca575ebd3b67af4a32562
hac,100x,3,2026-06-11T04:38:54.544766+00:00,20.0,20.0,25.0,35.0,filtlong-untrimmed,17,64.03516291408467,True,True,False,1.0,ee7a50a277fef6153a1cc05f9cc2afd227e940efbd36a4c2b0abe9a57580901b,3e7cfddea1d70f28dbf0ec0a605e0a0e4201d8a77c82fc3d93e97e30380c297f,4d6b8cb1d482e5066f9ca575ebd3b67af4a32562
hac,100x,4,2026-06-11T05:57:49.965985+00:00,25.0,15.0,10.0,50.0,seqkit-barbell,1,98.81531971798464,True,True,True,1.0,ee7a50a277fef6153a1cc05f9cc2afd227e940efbd36a4c2b0abe9a57580901b,3e7cfddea1d70f28dbf0ec0a605e0a0e4201d8a77c82fc3d93e97e30380c297f,4d6b8cb1d482e5066f9ca575ebd3b67af4a32562
hac,100x,4,2026-06-11T05:57:49.965985+00:00,25.0,15.0,10.0,50.0,seqkit-dorado,2,98.79222527328784,True,True,False,1.0,ee7a50a277fef6153a1cc05f9cc2afd227e940efbd36a4c2b0abe9a57580901b,3e7cfddea1d70f28dbf0ec0a605e0a0e4201d8a77c82fc3d93e97e30380c297f,4d6b8cb1d482e5066f9ca575ebd3b67af4a32562
hac,100x,4,2026-06-11T05:57:49.965985+00:00,25.0,15.0,10.0,50.0,chopper-barbell,3,98.69992141459727,True,True,False,1.0,ee7a50a277fef6153a1cc05f9cc2afd227e940efbd36a4c2b0abe9a57580901b,3e7cfddea1d70f28dbf0ec0a605e0a0e4201d8a77c82fc3d93e97e30380c297f,4d6b8cb1d482e5066f9ca575ebd3b67af4a32562
hac,100x,4,2026-06-11T05:57:49.965985+00:00,25.0,15.0,10.0,50.0,chopper-dorado,4,98.62293244843121,True,True,False,1.0,ee7a50a277fef6153a1cc05f9cc2afd227e940efbd36a4c2b0abe9a57580901b,3e7cfddea1d70f28dbf0ec0a605e0a0e4201d8a77c82fc3d93e97e30380c297f,4d6b8cb1d482e5066f9ca575ebd3b67af4a32562
hac,100x,4,2026-06-11T05:57:49.965985+00:00,25.0,15.0,10.0,50.0,seqkit-porechop_abi,5,98.58647410465562,True,True,False,1.0,ee7a50a277fef6153a1cc05f9cc2afd227e940efbd36a4c2b0abe9a57580901b,3e7cfddea1d70f28dbf0ec0a605e0a0e4201d8a77c82fc3d93e97e30380c297f,4d6b8cb1d482e5066f9ca575ebd3b67af4a32562
hac,100x,4,2026-06-11T05:57:49.965985+00:00,25.0,15.0,10.0,50.0,unprocessed-barbell,6,98.36339816419375,True,True,False,1.0,ee7a50a277fef6153a1cc05f9cc2afd227e940efbd36a4c2b0abe9a57580901b,3e7cfddea1d70f28dbf0ec0a605e0a0e4201d8a77c82fc3d93e97e30380c297f,4d6b8cb1d482e5066f9ca575ebd3b67af4a32562
hac,100x,4,2026-06-11T05:57:49.965985+00:00,25.0,15.0,10.0,50.0,unprocessed-dorado,7,97.8710743928702,True,True,False,1.0,ee7a50a277fef6153a1cc05f9cc2afd227e940efbd36a4c2b0abe9a57580901b,3e7cfddea1d70f28dbf0ec0a605e0a0e4201d8a77c82fc3d93e97e30380c297f,4d6b8cb1d482e5066f9ca575ebd3b67af4a32562
hac,100x,4,2026-06-11T05:57:49.965985+00:00,25.0,15.0,10.0,50.0,unprocessed-untrimmed,8,97.07092732924295,True,True,False,1.0,ee7a50a277fef6153a1cc05f9cc2afd227e940efbd36a4c2b0abe9a57580901b,3e7cfddea1d70f28dbf0ec0a605e0a0e4201d8a77c82fc3d93e97e30380c297f,4d6b8cb1d482e5066f9ca575ebd3b67af4a32562
hac,100x,4,2026-06-11T05:57:49.965985+00:00,25.0,15.0,10.0,50.0,seqkit-untrimmed,9,96.28455223937875,True,True,False,1.0,ee7a50a277fef6153a1cc05f9cc2afd227e940efbd36a4c2b0abe9a57580901b,3e7cfddea1d70f28dbf0ec0a605e0a0e4201d8a77c82fc3d93e97e30380c297f,4d6b8cb1d482e5066f9ca575ebd3b67af4a32562
hac,100x,4,2026-06-11T05:57:49.965985+00:00,25.0,15.0,10.0,50.0,chopper-untrimmed,10,94.76362264608466,True,False,False,1.0,ee7a50a277fef6153a1cc05f9cc2afd227e940efbd36a4c2b0abe9a57580901b,3e7cfddea1d70f28dbf0ec0a605e0a0e4201d8a77c82fc3d93e97e30380c297f,4d6b8cb1d482e5066f9ca575ebd3b67af4a32562
hac,100x,4,2026-06-11T05:57:49.965985+00:00,25.0,15.0,10.0,50.0,fastplong-all,11,81.91211135156908,True,True,False,1.0,ee7a50a277fef6153a1cc05f9cc2afd227e940efbd36a4c2b0abe9a57580901b,3e7cfddea1d70f28dbf0ec0a605e0a0e4201d8a77c82fc3d93e97e30380c297f,4d6b8cb1d482e5066f9ca575ebd3b67af4a32562
hac,100x,4,2026-06-11T05:57:49.965985+00:00,25.0,15.0,10.0,50.0,chopper-porechop_abi,12,81.83704016734119,True,True,False,1.0,ee7a50a277fef6153a1cc05f9cc2afd227e940efbd36a4c2b0abe9a57580901b,3e7cfddea1d70f28dbf0ec0a605e0a0e4201d8a77c82fc3d93e97e30380c297f,4d6b8cb1d482e5066f9ca575ebd3b67af4a32562
hac,100x,4,2026-06-11T05:57:49.965985+00:00,25.0,15.0,10.0,50.0,unprocessed-porechop_abi,13,81.80056811174146,True,True,False,1.0,ee7a50a277fef6153a1cc05f9cc2afd227e940efbd36a4c2b0abe9a57580901b,3e7cfddea1d70f28dbf0ec0a605e0a0e4201d8a77c82fc3d93e97e30380c297f,4d6b8cb1d482e5066f9ca575ebd3b67af4a32562
hac,100x,4,2026-06-11T05:57:49.965985+00:00,25.0,15.0,10.0,50.0,filtlong-dorado,14,49.04596036734192,True,True,False,1.0,ee7a50a277fef6153a1cc05f9cc2afd227e940efbd36a4c2b0abe9a57580901b,3e7cfddea1d70f28dbf0ec0a605e0a0e4201d8a77c82fc3d93e97e30380c297f,4d6b8cb1d482e5066f9ca575ebd3b67af4a32562
hac,100x,4,2026-06-11T05:57:49.965985+00:00,25.0,15.0,10.0,50.0,filtlong-barbell,15,49.001759452590875,True,True,False,1.0,ee7a50a277fef6153a1cc05f9cc2afd227e940efbd36a4c2b0abe9a57580901b,3e7cfddea1d70f28dbf0ec0a605e0a0e4201d8a77c82fc3d93e97e30380c297f,4d6b8cb1d482e5066f9ca575ebd3b67af4a32562
hac,100x,4,2026-06-11T05:57:49.965985+00:00,25.0,15.0,10.0,50.0,filtlong-porechop_abi,16,48.800998137734815,True,True,False,1.0,ee7a50a277fef6153a1cc05f9cc2afd227e940efbd36a4c2b0abe9a57580901b,3e7cfddea1d70f28dbf0ec0a605e0a0e4201d8a77c82fc3d93e97e30380c297f,4d6b8cb1d482e5066f9ca575ebd3b67af4a32562
hac,100x,4,2026-06-11T05:57:49.965985+00:00,25.0,15.0,10.0,50.0,filtlong-untrimmed,17,48.79406449325581,True,True,False,1.0,ee7a50a277fef6153a1cc05f9cc2afd227e940efbd36a4c2b0abe9a57580901b,3e7cfddea1d70f28dbf0ec0a605e0a0e4201d8a77c82fc3d93e97e30380c297f,4d6b8cb1d482e5066f9ca575ebd3b67af4a32562
hac,100x,5,2026-06-11T06:50:16.841179+00:00,45.0,5.0,5.0,45.0,seqkit-barbell,1,97.86767067522564,True,True,True,1.0,ee7a50a277fef6153a1cc05f9cc2afd227e940efbd36a4c2b0abe9a57580901b,3e7cfddea1d70f28dbf0ec0a605e0a0e4201d8a77c82fc3d93e97e30380c297f,4d6b8cb1d482e5066f9ca575ebd3b67af4a32562
hac,100x,5,2026-06-11T06:50:16.841179+00:00,45.0,5.0,5.0,45.0,seqkit-dorado,2,97.82612637314723,True,True,False,1.0,ee7a50a277fef6153a1cc05f9cc2afd227e940efbd36a4c2b0abe9a57580901b,3e7cfddea1d70f28dbf0ec0a605e0a0e4201d8a77c82fc3d93e97e30380c297f,4d6b8cb1d482e5066f9ca575ebd3b67af4a32562
hac,100x,5,2026-06-11T06:50:16.841179+00:00,45.0,5.0,5.0,45.0,chopper-barbell,3,97.65997380486573,True,True,False,1.0,ee7a50a277fef6153a1cc05f9cc2afd227e940efbd36a4c2b0abe9a57580901b,3e7cfddea1d70f28dbf0ec0a605e0a0e4201d8a77c82fc3d93e97e30380c297f,4d6b8cb1d482e5066f9ca575ebd3b67af4a32562
hac,100x,5,2026-06-11T06:50:16.841179+00:00,45.0,5.0,5.0,45.0,chopper-dorado,4,97.52149030332322,True,True,False,1.0,ee7a50a277fef6153a1cc05f9cc2afd227e940efbd36a4c2b0abe9a57580901b,3e7cfddea1d70f28dbf0ec0a605e0a0e4201d8a77c82fc3d93e97e30380c297f,4d6b8cb1d482e5066f9ca575ebd3b67af4a32562
hac,100x,5,2026-06-11T06:50:16.841179+00:00,45.0,5.0,5.0,45.0,seqkit-porechop_abi,5,97.45574777847494,True,True,False,1.0,ee7a50a277fef6153a1cc05f9cc2afd227e940efbd36a4c2b0abe9a57580901b,3e7cfddea1d70f28dbf0ec0a605e0a0e4201d8a77c82fc3d93e97e30380c297f,4d6b8cb1d482e5066f9ca575ebd3b67af4a32562
hac,100x,5,2026-06-11T06:50:16.841179+00:00,45.0,5.0,5.0,45.0,unprocessed-dorado,6,97.16805043864905,True,True,False,1.0,ee7a50a277fef6153a1cc05f9cc2afd227e940efbd36a4c2b0abe9a57580901b,3e7cfddea1d70f28dbf0ec0a605e0a0e4201d8a77c82fc3d93e97e30380c297f,4d6b8cb1d482e5066f9ca575ebd3b67af4a32562
hac,100x,5,2026-06-11T06:50:16.841179+00:00,45.0,5.0,5.0,45.0,unprocessed-barbell,7,97.05420964447484,True,True,False,1.0,ee7a50a277fef6153a1cc05f9cc2afd227e940efbd36a4c2b0abe9a57580901b,3e7cfddea1d70f28dbf0ec0a605e0a0e4201d8a77c82fc3d93e97e30380c297f,4d6b8cb1d482e5066f9ca575ebd3b67af4a32562
hac,100x,5,2026-06-11T06:50:16.841179+00:00,45.0,5.0,5.0,45.0,unprocessed-untrimmed,8,96.72800141743996,True,True,False,1.0,ee7a50a277fef6153a1cc05f9cc2afd227e940efbd36a4c2b0abe9a57580901b,3e7cfddea1d70f28dbf0ec0a605e0a0e4201d8a77c82fc3d93e97e30380c297f,4d6b8cb1d482e5066f9ca575ebd3b67af4a32562
hac,100x,5,2026-06-11T06:50:16.841179+00:00,45.0,5.0,5.0,45.0,seqkit-untrimmed,9,96.31228664389549,True,True,False,1.0,ee7a50a277fef6153a1cc05f9cc2afd227e940efbd36a4c2b0abe9a57580901b,3e7cfddea1d70f28dbf0ec0a605e0a0e4201d8a77c82fc3d93e97e30380c297f,4d6b8cb1d482e5066f9ca575ebd3b67af4a32562
hac,100x,5,2026-06-11T06:50:16.841179+00:00,45.0,5.0,5.0,45.0,chopper-untrimmed,10,94.57710498459231,True,False,False,1.0,ee7a50a277fef6153a1cc05f9cc2afd227e940efbd36a4c2b0abe9a57580901b,3e7cfddea1d70f28dbf0ec0a605e0a0e4201d8a77c82fc3d93e97e30380c297f,4d6b8cb1d482e5066f9ca575ebd3b67af4a32562
hac,100x,5,2026-06-11T06:50:16.841179+00:00,45.0,5.0,5.0,45.0,fastplong-all,11,82.44190036505293,True,True,False,1.0,ee7a50a277fef6153a1cc05f9cc2afd227e940efbd36a4c2b0abe9a57580901b,3e7cfddea1d70f28dbf0ec0a605e0a0e4201d8a77c82fc3d93e97e30380c297f,4d6b8cb1d482e5066f9ca575ebd3b67af4a32562
hac,100x,5,2026-06-11T06:50:16.841179+00:00,45.0,5.0,5.0,45.0,chopper-porechop_abi,12,82.30687663697698,True,True,False,1.0,ee7a50a277fef6153a1cc05f9cc2afd227e940efbd36a4c2b0abe9a57580901b,3e7cfddea1d70f28dbf0ec0a605e0a0e4201d8a77c82fc3d93e97e30380c297f,4d6b8cb1d482e5066f9ca575ebd3b67af4a32562
hac,100x,5,2026-06-11T06:50:16.841179+00:00,45.0,5.0,5.0,45.0,unprocessed-porechop_abi,13,82.24112954152064,True,True,False,1.0,ee7a50a277fef6153a1cc05f9cc2afd227e940efbd36a4c2b0abe9a57580901b,3e7cfddea1d70f28dbf0ec0a605e0a0e4201d8a77c82fc3d93e97e30380c297f,4d6b8cb1d482e5066f9ca575ebd3b67af4a32562
hac,100x,5,2026-06-11T06:50:16.841179+00:00,45.0,5.0,5.0,45.0,filtlong-dorado,14,53.28301243013961,True,True,False,1.0,ee7a50a277fef6153a1cc05f9cc2afd227e940efbd36a4c2b0abe9a57580901b,3e7cfddea1d70f28dbf0ec0a605e0a0e4201d8a77c82fc3d93e97e30380c297f,4d6b8cb1d482e5066f9ca575ebd3b67af4a32562
hac,100x,5,2026-06-11T06:50:16.841179+00:00,45.0,5.0,5.0,45.0,filtlong-barbell,15,53.20340699701747,True,True,False,1.0,ee7a50a277fef6153a1cc05f9cc2afd227e940efbd36a4c2b0abe9a57580901b,3e7cfddea1d70f28dbf0ec0a605e0a0e4201d8a77c82fc3d93e97e30380c297f,4d6b8cb1d482e5066f9ca575ebd3b67af4a32562
hac,100x,5,2026-06-11T06:50:16.841179+00:00,45.0,5.0,5.0,45.0,filtlong-porechop_abi,16,52.84315322539878,True,True,False,1.0,ee7a50a277fef6153a1cc05f9cc2afd227e940efbd36a4c2b0abe9a57580901b,3e7cfddea1d70f28dbf0ec0a605e0a0e4201d8a77c82fc3d93e97e30380c297f,4d6b8cb1d482e5066f9ca575ebd3b67af4a32562
hac,100x,5,2026-06-11T06:50:16.841179+00:00,45.0,5.0,5.0,45.0,filtlong-untrimmed,17,52.8295599592904,True,True,False,1.0,ee7a50a277fef6153a1cc05f9cc2afd227e940efbd36a4c2b0abe9a57580901b,3e7cfddea1d70f28dbf0ec0a605e0a0e4201d8a77c82fc3d93e97e30380c297f,4d6b8cb1d482e5066f9ca575ebd3b67af4a32562
hac,100x,6,2026-06-11T07:21:32.710471+00:00,10.0,20.0,35.0,35.0,seqkit-barbell,1,99.52606731628721,True,True,True,1.0,ee7a50a277fef6153a1cc05f9cc2afd227e940efbd36a4c2b0abe9a57580901b,3e7cfddea1d70f28dbf0ec0a605e0a0e4201d8a77c82fc3d93e97e30380c297f,4d6b8cb1d482e5066f9ca575ebd3b67af4a32562
hac,100x,6,2026-06-11T07:21:32.710471+00:00,10.0,20.0,35.0,35.0,seqkit-dorado,2,99.5168131848966,True,True,False,1.0,ee7a50a277fef6153a1cc05f9cc2afd227e940efbd36a4c2b0abe9a57580901b,3e7cfddea1d70f28dbf0ec0a605e0a0e4201d8a77c82fc3d93e97e30380c297f,4d6b8cb1d482e5066f9ca575ebd3b67af4a32562
hac,100x,6,2026-06-11T07:21:32.710471+00:00,10.0,20.0,35.0,35.0,chopper-barbell,3,99.479895219463,True,True,False,1.0,ee7a50a277fef6153a1cc05f9cc2afd227e940efbd36a4c2b0abe9a57580901b,3e7cfddea1d70f28dbf0ec0a605e0a0e4201d8a77c82fc3d93e97e30380c297f,4d6b8cb1d482e5066f9ca575ebd3b67af4a32562
hac,100x,6,2026-06-11T07:21:32.710471+00:00,10.0,20.0,35.0,35.0,chopper-dorado,4,99.44903813636982,True,True,False,1.0,ee7a50a277fef6153a1cc05f9cc2afd227e940efbd36a4c2b0abe9a57580901b,3e7cfddea1d70f28dbf0ec0a605e0a0e4201d8a77c82fc3d93e97e30380c297f,4d6b8cb1d482e5066f9ca575ebd3b67af4a32562
hac,100x,6,2026-06-11T07:21:32.710471+00:00,10.0,20.0,35.0,35.0,seqkit-porechop_abi,5,99.43452957543828,True,True,False,1.0,ee7a50a277fef6153a1cc05f9cc2afd227e940efbd36a4c2b0abe9a57580901b,3e7cfddea1d70f28dbf0ec0a605e0a0e4201d8a77c82fc3d93e97e30380c297f,4d6b8cb1d482e5066f9ca575ebd3b67af4a32562
hac,100x,6,2026-06-11T07:21:32.710471+00:00,10.0,20.0,35.0,35.0,unprocessed-barbell,6,99.34530011636089,True,True,False,1.0,ee7a50a277fef6153a1cc05f9cc2afd227e940efbd36a4c2b0abe9a57580901b,3e7cfddea1d70f28dbf0ec0a605e0a0e4201d8a77c82fc3d93e97e30380c297f,4d6b8cb1d482e5066f9ca575ebd3b67af4a32562
hac,100x,6,2026-06-11T07:21:32.710471+00:00,10.0,20.0,35.0,35.0,unprocessed-dorado,7,96.76374021613464,True,False,False,1.0,ee7a50a277fef6153a1cc05f9cc2afd227e940efbd36a4c2b0abe9a57580901b,3e7cfddea1d70f28dbf0ec0a605e0a0e4201d8a77c82fc3d93e97e30380c297f,4d6b8cb1d482e5066f9ca575ebd3b67af4a32562
hac,100x,6,2026-06-11T07:21:32.710471+00:00,10.0,20.0,35.0,35.0,unprocessed-untrimmed,8,94.05892874668291,True,False,False,1.0,ee7a50a277fef6153a1cc05f9cc2afd227e940efbd36a4c2b0abe9a57580901b,3e7cfddea1d70f28dbf0ec0a605e0a0e4201d8a77c82fc3d93e97e30380c297f,4d6b8cb1d482e5066f9ca575ebd3b67af4a32562
hac,100x,6,2026-06-11T07:21:32.710471+00:00,10.0,20.0,35.0,35.0,seqkit-untrimmed,9,91.35991580635117,True,False,False,1.0,ee7a50a277fef6153a1cc05f9cc2afd227e940efbd36a4c2b0abe9a57580901b,3e7cfddea1d70f28dbf0ec0a605e0a0e4201d8a77c82fc3d93e97e30380c297f,4d6b8cb1d482e5066f9ca575ebd3b67af4a32562
hac,100x,6,2026-06-11T07:21:32.710471+00:00,10.0,20.0,35.0,35.0,chopper-untrimmed,10,88.36534301529235,True,True,False,1.0,ee7a50a277fef6153a1cc05f9cc2afd227e940efbd36a4c2b0abe9a57580901b,3e7cfddea1d70f28dbf0ec0a605e0a0e4201d8a77c82fc3d93e97e30380c297f,4d6b8cb1d482e5066f9ca575ebd3b67af4a32562
hac,100x,6,2026-06-11T07:21:32.710471+00:00,10.0,20.0,35.0,35.0,fastplong-all,11,87.76478094739124,True,True,False,1.0,ee7a50a277fef6153a1cc05f9cc2afd227e940efbd36a4c2b0abe9a57580901b,3e7cfddea1d70f28dbf0ec0a605e0a0e4201d8a77c82fc3d93e97e30380c297f,4d6b8cb1d482e5066f9ca575ebd3b67af4a32562
hac,100x,6,2026-06-11T07:21:32.710471+00:00,10.0,20.0,35.0,35.0,chopper-porechop_abi,12,87.73468603508739,True,True,False,1.0,ee7a50a277fef6153a1cc05f9cc2afd227e940efbd36a4c2b0abe9a57580901b,3e7cfddea1d70f28dbf0ec0a605e0a0e4201d8a77c82fc3d93e97e30380c297f,4d6b8cb1d482e5066f9ca575ebd3b67af4a32562
hac,100x,6,2026-06-11T07:21:32.710471+00:00,10.0,20.0,35.0,35.0,unprocessed-porechop_abi,13,87.72015919172364,True,True,False,1.0,ee7a50a277fef6153a1cc05f9cc2afd227e940efbd36a4c2b0abe9a57580901b,3e7cfddea1d70f28dbf0ec0a605e0a0e4201d8a77c82fc3d93e97e30380c297f,4d6b8cb1d482e5066f9ca575ebd3b67af4a32562
hac,100x,6,2026-06-11T07:21:32.710471+00:00,10.0,20.0,35.0,35.0,filtlong-dorado,14,64.61820356671231,True,True,False,1.0,ee7a50a277fef6153a1cc05f9cc2afd227e940efbd36a4c2b0abe9a57580901b,3e7cfddea1d70f28dbf0ec0a605e0a0e4201d8a77c82fc3d93e97e30380c297f,4d6b8cb1d482e5066f9ca575ebd3b67af4a32562
hac,100x,6,2026-06-11T07:21:32.710471+00:00,10.0,20.0,35.0,35.0,filtlong-barbell,15,64.60055106499297,True,True,False,1.0,ee7a50a277fef6153a1cc05f9cc2afd227e940efbd36a4c2b0abe9a57580901b,3e7cfddea1d70f28dbf0ec0a605e0a0e4201d8a77c82fc3d93e97e30380c297f,4d6b8cb1d482e5066f9ca575ebd3b67af4a32562
hac,100x,6,2026-06-11T07:21:32.710471+00:00,10.0,20.0,35.0,35.0,filtlong-porechop_abi,16,64.51953597851822,True,True,False,1.0,ee7a50a277fef6153a1cc05f9cc2afd227e940efbd36a4c2b0abe9a57580901b,3e7cfddea1d70f28dbf0ec0a605e0a0e4201d8a77c82fc3d93e97e30380c297f,4d6b8cb1d482e5066f9ca575ebd3b67af4a32562
hac,100x,6,2026-06-11T07:21:32.710471+00:00,10.0,20.0,35.0,35.0,filtlong-untrimmed,17,64.51747060639237,True,True,False,1.0,ee7a50a277fef6153a1cc05f9cc2afd227e940efbd36a4c2b0abe9a57580901b,3e7cfddea1d70f28dbf0ec0a605e0a0e4201d8a77c82fc3d93e97e30380c297f,4d6b8cb1d482e5066f9ca575ebd3b67af4a32562
hac,100x,7,2026-06-11T07:30:02.300791+00:00,25.0,15.0,10.0,50.0,seqkit-barbell,1,98.81531971798464,True,True,True,1.0,ee7a50a277fef6153a1cc05f9cc2afd227e940efbd36a4c2b0abe9a57580901b,3e7cfddea1d70f28dbf0ec0a605e0a0e4201d8a77c82fc3d93e97e30380c297f,4d6b8cb1d482e5066f9ca575ebd3b67af4a32562
hac,100x,7,2026-06-11T07:30:02.300791+00:00,25.0,15.0,10.0,50.0,seqkit-dorado,2,98.79222527328784,True,True,False,1.0,ee7a50a277fef6153a1cc05f9cc2afd227e940efbd36a4c2b0abe9a57580901b,3e7cfddea1d70f28dbf0ec0a605e0a0e4201d8a77c82fc3d93e97e30380c297f,4d6b8cb1d482e5066f9ca575ebd3b67af4a32562
hac,100x,7,2026-06-11T07:30:02.300791+00:00,25.0,15.0,10.0,50.0,chopper-barbell,3,98.69992141459727,True,True,False,1.0,ee7a50a277fef6153a1cc05f9cc2afd227e940efbd36a4c2b0abe9a57580901b,3e7cfddea1d70f28dbf0ec0a605e0a0e4201d8a77c82fc3d93e97e30380c297f,4d6b8cb1d482e5066f9ca575ebd3b67af4a32562
hac,100x,7,2026-06-11T07:30:02.300791+00:00,25.0,15.0,10.0,50.0,chopper-dorado,4,98.62293244843121,True,True,False,1.0,ee7a50a277fef6153a1cc05f9cc2afd227e940efbd36a4c2b0abe9a57580901b,3e7cfddea1d70f28dbf0ec0a605e0a0e4201d8a77c82fc3d93e97e30380c297f,4d6b8cb1d482e5066f9ca575ebd3b67af4a32562
hac,100x,7,2026-06-11T07:30:02.300791+00:00,25.0,15.0,10.0,50.0,seqkit-porechop_abi,5,98.58647410465562,True,True,False,1.0,ee7a50a277fef6153a1cc05f9cc2afd227e940efbd36a4c2b0abe9a57580901b,3e7cfddea1d70f28dbf0ec0a605e0a0e4201d8a77c82fc3d93e97e30380c297f,4d6b8cb1d482e5066f9ca575ebd3b67af4a32562
hac,100x,7,2026-06-11T07:30:02.300791+00:00,25.0,15.0,10.0,50.0,unprocessed-barbell,6,98.36339816419375,True,True,False,1.0,ee7a50a277fef6153a1cc05f9cc2afd227e940efbd36a4c2b0abe9a57580901b,3e7cfddea1d70f28dbf0ec0a605e0a0e4201d8a77c82fc3d93e97e30380c297f,4d6b8cb1d482e5066f9ca575ebd3b67af4a32562
hac,100x,7,2026-06-11T07:30:02.300791+00:00,25.0,15.0,10.0,50.0,unprocessed-dorado,7,97.8710743928702,True,True,False,1.0,ee7a50a277fef6153a1cc05f9cc2afd227e940efbd36a4c2b0abe9a57580901b,3e7cfddea1d70f28dbf0ec0a605e0a0e4201d8a77c82fc3d93e97e30380c297f,4d6b8cb1d482e5066f9ca575ebd3b67af4a32562
hac,100x,7,2026-06-11T07:30:02.300791+00:00,25.0,15.0,10.0,50.0,unprocessed-untrimmed,8,97.07092732924295,True,True,False,1.0,ee7a50a277fef6153a1cc05f9cc2afd227e940efbd36a4c2b0abe9a57580901b,3e7cfddea1d70f28dbf0ec0a605e0a0e4201d8a77c82fc3d93e97e30380c297f,4d6b8cb1d482e5066f9ca575ebd3b67af4a32562
hac,100x,7,2026-06-11T07:30:02.300791+00:00,25.0,15.0,10.0,50.0,seqkit-untrimmed,9,96.28455223937875,True,True,False,1.0,ee7a50a277fef6153a1cc05f9cc2afd227e940efbd36a4c2b0abe9a57580901b,3e7cfddea1d70f28dbf0ec0a605e0a0e4201d8a77c82fc3d93e97e30380c297f,4d6b8cb1d482e5066f9ca575ebd3b67af4a32562
hac,100x,7,2026-06-11T07:30:02.300791+00:00,25.0,15.0,10.0,50.0,chopper-untrimmed,10,94.76362264608466,True,False,False,1.0,ee7a50a277fef6153a1cc05f9cc2afd227e940efbd36a4c2b0abe9a57580901b,3e7cfddea1d70f28dbf0ec0a605e0a0e4201d8a77c82fc3d93e97e30380c297f,4d6b8cb1d482e5066f9ca575ebd3b67af4a32562
hac,100x,7,2026-06-11T07:30:02.300791+00:00,25.0,15.0,10.0,50.0,fastplong-all,11,81.91211135156908,True,True,False,1.0,ee7a50a277fef6153a1cc05f9cc2afd227e940efbd36a4c2b0abe9a57580901b,3e7cfddea1d70f28dbf0ec0a605e0a0e4201d8a77c82fc3d93e97e30380c297f,4d6b8cb1d482e5066f9ca575ebd3b67af4a32562
hac,100x,7,2026-06-11T07:30:02.300791+00:00,25.0,15.0,10.0,50.0,chopper-porechop_abi,12,81.83704016734119,True,True,False,1.0,ee7a50a277fef6153a1cc05f9cc2afd227e940efbd36a4c2b0abe9a57580901b,3e7cfddea1d70f28dbf0ec0a605e0a0e4201d8a77c82fc3d93e97e30380c297f,4d6b8cb1d482e5066f9ca575ebd3b67af4a32562
hac,100x,7,2026-06-11T07:30:02.300791+00:00,25.0,15.0,10.0,50.0,unprocessed-porechop_abi,13,81.80056811174146,True,True,False,1.0,ee7a50a277fef6153a1cc05f9cc2afd227e940efbd36a4c2b0abe9a57580901b,3e7cfddea1d70f28dbf0ec0a605e0a0e4201d8a77c82fc3d93e97e30380c297f,4d6b8cb1d482e5066f9ca575ebd3b67af4a32562
hac,100x,7,2026-06-11T07:30:02.300791+00:00,25.0,15.0,10.0,50.0,filtlong-dorado,14,49.04596036734192,True,True,False,1.0,ee7a50a277fef6153a1cc05f9cc2afd227e940efbd36a4c2b0abe9a57580901b,3e7cfddea1d70f28dbf0ec0a605e0a0e4201d8a77c82fc3d93e97e30380c297f,4d6b8cb1d482e5066f9ca575ebd3b67af4a32562
hac,100x,7,2026-06-11T07:30:02.300791+00:00,25.0,15.0,10.0,50.0,filtlong-barbell,15,49.001759452590875,True,True,False,1.0,ee7a50a277fef6153a1cc05f9cc2afd227e940efbd36a4c2b0abe9a57580901b,3e7cfddea1d70f28dbf0ec0a605e0a0e4201d8a77c82fc3d93e97e30380c297f,4d6b8cb1d482e5066f9ca575ebd3b67af4a32562
hac,100x,7,2026-06-11T07:30:02.300791+00:00,25.0,15.0,10.0,50.0,filtlong-porechop_abi,16,48.800998137734815,True,True,False,1.0,ee7a50a277fef6153a1cc05f9cc2afd227e940efbd36a4c2b0abe9a57580901b,3e7cfddea1d70f28dbf0ec0a605e0a0e4201d8a77c82fc3d93e97e30380c297f,4d6b8cb1d482e5066f9ca575ebd3b67af4a32562
hac,100x,7,2026-06-11T07:30:02.300791+00:00,25.0,15.0,10.0,50.0,filtlong-untrimmed,17,48.79406449325581,True,True,False,1.0,ee7a50a277fef6153a1cc05f9cc2afd227e940efbd36a4c2b0abe9a57580901b,3e7cfddea1d70f28dbf0ec0a605e0a0e4201d8a77c82fc3d93e97e30380c297f,4d6b8cb1d482e5066f9ca575ebd3b67af4a32562
hac,100x,8,2026-06-11T09:05:43.656374+00:00,25.0,40.0,5.0,30.0,seqkit-barbell,1,98.81521155565135,True,True,True,1.0,ee7a50a277fef6153a1cc05f9cc2afd227e940efbd36a4c2b0abe9a57580901b,3e7cfddea1d70f28dbf0ec0a605e0a0e4201d8a77c82fc3d93e97e30380c297f,4d6b8cb1d482e5066f9ca575ebd3b67af4a32562
hac,100x,8,2026-06-11T09:05:43.656374+00:00,25.0,40.0,5.0,30.0,seqkit-dorado,2,98.79208790825473,True,True,False,1.0,ee7a50a277fef6153a1cc05f9cc2afd227e940efbd36a4c2b0abe9a57580901b,3e7cfddea1d70f28dbf0ec0a605e0a0e4201d8a77c82fc3d93e97e30380c297f,4d6b8cb1d482e5066f9ca575ebd3b67af4a32562
hac,100x,8,2026-06-11T09:05:43.656374+00:00,25.0,40.0,5.0,30.0,chopper-barbell,3,98.69979043892602,True,True,False,1.0,ee7a50a277fef6153a1cc05f9cc2afd227e940efbd36a4c2b0abe9a57580901b,3e7cfddea1d70f28dbf0ec0a605e0a0e4201d8a77c82fc3d93e97e30380c297f,4d6b8cb1d482e5066f9ca575ebd3b67af4a32562
hac,100x,8,2026-06-11T09:05:43.656374+00:00,25.0,40.0,5.0,30.0,chopper-dorado,4,98.62269165735502,True,True,False,1.0,ee7a50a277fef6153a1cc05f9cc2afd227e940efbd36a4c2b0abe9a57580901b,3e7cfddea1d70f28dbf0ec0a605e0a0e4201d8a77c82fc3d93e97e30380c297f,4d6b8cb1d482e5066f9ca575ebd3b67af4a32562
hac,100x,8,2026-06-11T09:05:43.656374+00:00,25.0,40.0,5.0,30.0,seqkit-porechop_abi,5,98.58636684318424,True,True,False,1.0,ee7a50a277fef6153a1cc05f9cc2afd227e940efbd36a4c2b0abe9a57580901b,3e7cfddea1d70f28dbf0ec0a605e0a0e4201d8a77c82fc3d93e97e30380c297f,4d6b8cb1d482e5066f9ca575ebd3b67af4a32562
hac,100x,8,2026-06-11T09:05:43.656374+00:00,25.0,40.0,5.0,30.0,unprocessed-barbell,6,98.36329254041408,True,True,False,1.0,ee7a50a277fef6153a1cc05f9cc2afd227e940efbd36a4c2b0abe9a57580901b,3e7cfddea1d70f28dbf0ec0a605e0a0e4201d8a77c82fc3d93e97e30380c297f,4d6b8cb1d482e5066f9ca575ebd3b67af4a32562
hac,100x,8,2026-06-11T09:05:43.656374+00:00,25.0,40.0,5.0,30.0,unprocessed-dorado,7,98.25555735534617,True,True,False,1.0,ee7a50a277fef6153a1cc05f9cc2afd227e940efbd36a4c2b0abe9a57580901b,3e7cfddea1d70f28dbf0ec0a605e0a0e4201d8a77c82fc3d93e97e30380c297f,4d6b8cb1d482e5066f9ca575ebd3b67af4a32562
hac,100x,8,2026-06-11T09:05:43.656374+00:00,25.0,40.0,5.0,30.0,unprocessed-untrimmed,8,97.8397805702889,True,True,False,1.0,ee7a50a277fef6153a1cc05f9cc2afd227e940efbd36a4c2b0abe9a57580901b,3e7cfddea1d70f28dbf0ec0a605e0a0e4201d8a77c82fc3d93e97e30380c297f,4d6b8cb1d482e5066f9ca575ebd3b67af4a32562
hac,100x,8,2026-06-11T09:05:43.656374+00:00,25.0,40.0,5.0,30.0,seqkit-untrimmed,9,97.43829315116388,True,True,False,1.0,ee7a50a277fef6153a1cc05f9cc2afd227e940efbd36a4c2b0abe9a57580901b,3e7cfddea1d70f28dbf0ec0a605e0a0e4201d8a77c82fc3d93e97e30380c297f,4d6b8cb1d482e5066f9ca575ebd3b67af4a32562
hac,100x,8,2026-06-11T09:05:43.656374+00:00,25.0,40.0,5.0,30.0,chopper-untrimmed,10,96.29914756904626,True,False,False,1.0,ee7a50a277fef6153a1cc05f9cc2afd227e940efbd36a4c2b0abe9a57580901b,3e7cfddea1d70f28dbf0ec0a605e0a0e4201d8a77c82fc3d93e97e30380c297f,4d6b8cb1d482e5066f9ca575ebd3b67af4a32562
hac,100x,8,2026-06-11T09:05:43.656374+00:00,25.0,40.0,5.0,30.0,fastplong-all,11,88.57866445888504,True,True,False,1.0,ee7a50a277fef6153a1cc05f9cc2afd227e940efbd36a4c2b0abe9a57580901b,3e7cfddea1d70f28dbf0ec0a605e0a0e4201d8a77c82fc3d93e97e30380c297f,4d6b8cb1d482e5066f9ca575ebd3b67af4a32562
hac,100x,8,2026-06-11T09:05:43.656374+00:00,25.0,40.0,5.0,30.0,chopper-porechop_abi,12,88.50347463427734,True,True,False,1.0,ee7a50a277fef6153a1cc05f9cc2afd227e940efbd36a4c2b0abe9a57580901b,3e7cfddea1d70f28dbf0ec0a605e0a0e4201d8a77c82fc3d93e97e30380c297f,4d6b8cb1d482e5066f9ca575ebd3b67af4a32562
hac,100x,8,2026-06-11T09:05:43.656374+00:00,25.0,40.0,5.0,30.0,unprocessed-porechop_abi,13,88.46711325524215,True,True,False,1.0,ee7a50a277fef6153a1cc05f9cc2afd227e940efbd36a4c2b0abe9a57580901b,3e7cfddea1d70f28dbf0ec0a605e0a0e4201d8a77c82fc3d93e97e30380c297f,4d6b8cb1d482e5066f9ca575ebd3b67af4a32562
hac,100x,8,2026-06-11T09:05:43.656374+00:00,25.0,40.0,5.0,30.0,filtlong-dorado,14,69.04563790265539,True,True,False,1.0,ee7a50a277fef6153a1cc05f9cc2afd227e940efbd36a4c2b0abe9a57580901b,3e7cfddea1d70f28dbf0ec0a605e0a0e4201d8a77c82fc3d93e97e30380c297f,4d6b8cb1d482e5066f9ca575ebd3b67af4a32562
hac,100x,8,2026-06-11T09:05:43.656374+00:00,25.0,40.0,5.0,30.0,filtlong-barbell,15,69.00148674537054,True,True,False,1.0,ee7a50a277fef6153a1cc05f9cc2afd227e940efbd36a4c2b0abe9a57580901b,3e7cfddea1d70f28dbf0ec0a605e0a0e4201d8a77c82fc3d93e97e30380c297f,4d6b8cb1d482e5066f9ca575ebd3b67af4a32562
hac,100x,8,2026-06-11T09:05:43.656374+00:00,25.0,40.0,5.0,30.0,filtlong-porechop_abi,16,68.79945657242105,True,True,False,1.0,ee7a50a277fef6153a1cc05f9cc2afd227e940efbd36a4c2b0abe9a57580901b,3e7cfddea1d70f28dbf0ec0a605e0a0e4201d8a77c82fc3d93e97e30380c297f,4d6b8cb1d482e5066f9ca575ebd3b67af4a32562
hac,100x,8,2026-06-11T09:05:43.656374+00:00,25.0,40.0,5.0,30.0,filtlong-untrimmed,17,68.79378736663088,True,True,False,1.0,ee7a50a277fef6153a1cc05f9cc2afd227e940efbd36a4c2b0abe9a57580901b,3e7cfddea1d70f28dbf0ec0a605e0a0e4201d8a77c82fc3d93e97e30380c297f,4d6b8cb1d482e5066f9ca575ebd3b67af4a32562
hac,100x,9,2026-06-11T14:02:05.818988+00:00,35.0,10.0,25.0,30.0,seqkit-barbell,1,98.34149519660514,True,True,True,1.0,ee7a50a277fef6153a1cc05f9cc2afd227e940efbd36a4c2b0abe9a57580901b,3e7cfddea1d70f28dbf0ec0a605e0a0e4201d8a77c82fc3d93e97e30380c297f,4d6b8cb1d482e5066f9ca575ebd3b67af4a32562
hac,100x,9,2026-06-11T14:02:05.818988+00:00,35.0,10.0,25.0,30.0,seqkit-dorado,2,98.30917582321752,True,True,False,1.0,ee7a50a277fef6153a1cc05f9cc2afd227e940efbd36a4c2b0abe9a57580901b,3e7cfddea1d70f28dbf0ec0a605e0a0e4201d8a77c82fc3d93e97e30380c297f,4d6b8cb1d482e5066f9ca575ebd3b67af4a32562
hac,100x,9,2026-06-11T14:02:05.818988+00:00,35.0,10.0,25.0,30.0,chopper-barbell,3,98.1799476097315,True,True,False,1.0,ee7a50a277fef6153a1cc05f9cc2afd227e940efbd36a4c2b0abe9a57580901b,3e7cfddea1d70f28dbf0ec0a605e0a0e4201d8a77c82fc3d93e97e30380c297f,4d6b8cb1d482e5066f9ca575ebd3b67af4a32562
hac,100x,9,2026-06-11T14:02:05.818988+00:00,35.0,10.0,25.0,30.0,chopper-dorado,4,98.07221137587723,True,True,False,1.0,ee7a50a277fef6153a1cc05f9cc2afd227e940efbd36a4c2b0abe9a57580901b,3e7cfddea1d70f28dbf0ec0a605e0a0e4201d8a77c82fc3d93e97e30380c297f,4d6b8cb1d482e5066f9ca575ebd3b67af4a32562
hac,100x,9,2026-06-11T14:02:05.818988+00:00,35.0,10.0,25.0,30.0,seqkit-porechop_abi,5,98.02111094156527,True,True,False,1.0,ee7a50a277fef6153a1cc05f9cc2afd227e940efbd36a4c2b0abe9a57580901b,3e7cfddea1d70f28dbf0ec0a605e0a0e4201d8a77c82fc3d93e97e30380c297f,4d6b8cb1d482e5066f9ca575ebd3b67af4a32562
hac,100x,9,2026-06-11T14:02:05.818988+00:00,35.0,10.0,25.0,30.0,unprocessed-barbell,6,97.70880390433429,True,True,False,1.0,ee7a50a277fef6153a1cc05f9cc2afd227e940efbd36a4c2b0abe9a57580901b,3e7cfddea1d70f28dbf0ec0a605e0a0e4201d8a77c82fc3d93e97e30380c297f,4d6b8cb1d482e5066f9ca575ebd3b67af4a32562
hac,100x,9,2026-06-11T14:02:05.818988+00:00,35.0,10.0,25.0,30.0,unprocessed-dorado,7,96.17340856960578,True,False,False,1.0,ee7a50a277fef6153a1cc05f9cc2afd227e940efbd36a4c2b0abe9a57580901b,3e7cfddea1d70f28dbf0ec0a605e0a0e4201d8a77c82fc3d93e97e30380c297f,4d6b8cb1d482e5066f9ca575ebd3b67af4a32562
hac,100x,9,2026-06-11T14:02:05.818988+00:00,35.0,10.0,25.0,30.0,unprocessed-untrimmed,8,94.20715668103375,True,False,False,1.0,ee7a50a277fef6153a1cc05f9cc2afd227e940efbd36a4c2b0abe9a57580901b,3e7cfddea1d70f28dbf0ec0a605e0a0e4201d8a77c82fc3d93e97e30380c297f,4d6b8cb1d482e5066f9ca575ebd3b67af4a32562
hac,100x,9,2026-06-11T14:02:05.818988+00:00,35.0,10.0,25.0,30.0,seqkit-untrimmed,9,92.25995790317558,True,False,False,1.0,ee7a50a277fef6153a1cc05f9cc2afd227e940efbd36a4c2b0abe9a57580901b,3e7cfddea1d70f28dbf0ec0a605e0a0e4201d8a77c82fc3d93e97e30380c297f,4d6b8cb1d482e5066f9ca575ebd3b67af4a32562
hac,100x,9,2026-06-11T14:02:05.818988+00:00,35.0,10.0,25.0,30.0,chopper-untrimmed,10,89.2857484307231,True,False,False,1.0,ee7a50a277fef6153a1cc05f9cc2afd227e940efbd36a4c2b0abe9a57580901b,3e7cfddea1d70f28dbf0ec0a605e0a0e4201d8a77c82fc3d93e97e30380c297f,4d6b8cb1d482e5066f9ca575ebd3b67af4a32562
hac,100x,9,2026-06-11T14:02:05.818988+00:00,35.0,10.0,25.0,30.0,fastplong-all,11,88.01033919164435,True,True,False,1.0,ee7a50a277fef6153a1cc05f9cc2afd227e940efbd36a4c2b0abe9a57580901b,3e7cfddea1d70f28dbf0ec0a605e0a0e4201d8a77c82fc3d93e97e30380c297f,4d6b8cb1d482e5066f9ca575ebd3b67af4a32562
hac,100x,9,2026-06-11T14:02:05.818988+00:00,35.0,10.0,25.0,30.0,chopper-porechop_abi,12,87.90529173549241,True,True,False,1.0,ee7a50a277fef6153a1cc05f9cc2afd227e940efbd36a4c2b0abe9a57580901b,3e7cfddea1d70f28dbf0ec0a605e0a0e4201d8a77c82fc3d93e97e30380c297f,4d6b8cb1d482e5066f9ca575ebd3b67af4a32562
hac,100x,9,2026-06-11T14:02:05.818988+00:00,35.0,10.0,25.0,30.0,unprocessed-porechop_abi,13,87.85418215996438,True,True,False,1.0,ee7a50a277fef6153a1cc05f9cc2afd227e940efbd36a4c2b0abe9a57580901b,3e7cfddea1d70f28dbf0ec0a605e0a0e4201d8a77c82fc3d93e97e30380c297f,4d6b8cb1d482e5066f9ca575ebd3b67af4a32562
hac,100x,9,2026-06-11T14:02:05.818988+00:00,35.0,10.0,25.0,30.0,filtlong-dorado,14,68.66448639874076,True,True,False,1.0,ee7a50a277fef6153a1cc05f9cc2afd227e940efbd36a4c2b0abe9a57580901b,3e7cfddea1d70f28dbf0ec0a605e0a0e4201d8a77c82fc3d93e97e30380c297f,4d6b8cb1d482e5066f9ca575ebd3b67af4a32562
hac,100x,9,2026-06-11T14:02:05.818988+00:00,35.0,10.0,25.0,30.0,filtlong-barbell,15,68.60258322480418,True,True,False,1.0,ee7a50a277fef6153a1cc05f9cc2afd227e940efbd36a4c2b0abe9a57580901b,3e7cfddea1d70f28dbf0ec0a605e0a0e4201d8a77c82fc3d93e97e30380c297f,4d6b8cb1d482e5066f9ca575ebd3b67af4a32562
hac,100x,9,2026-06-11T14:02:05.818988+00:00,35.0,10.0,25.0,30.0,filtlong-porechop_abi,16,68.3220756815668,True,True,False,1.0,ee7a50a277fef6153a1cc05f9cc2afd227e940efbd36a4c2b0abe9a57580901b,3e7cfddea1d70f28dbf0ec0a605e0a0e4201d8a77c82fc3d93e97e30380c297f,4d6b8cb1d482e5066f9ca575ebd3b67af4a32562
hac,100x,9,2026-06-11T14:02:05.818988+00:00,35.0,10.0,25.0,30.0,filtlong-untrimmed,17,68.3118122262731,True,True,False,1.0,ee7a50a277fef6153a1cc05f9cc2afd227e940efbd36a4c2b0abe9a57580901b,3e7cfddea1d70f28dbf0ec0a605e0a0e4201d8a77c82fc3d93e97e30380c297f,4d6b8cb1d482e5066f9ca575ebd3b67af4a32562
hac,100x,10,2026-06-11T15:38:20.193610+00:00,0.0,25.0,25.0,50.0,unprocessed-barbell,1,99.99989437622033,True,True,True,1.0,ee7a50a277fef6153a1cc05f9cc2afd227e940efbd36a4c2b0abe9a57580901b,3e7cfddea1d70f28dbf0ec0a605e0a0e4201d8a77c82fc3d93e97e30380c297f,4d6b8cb1d482e5066f9ca575ebd3b67af4a32562
hac,100x,10,2026-06-11T15:38:20.193610+00:00,0.0,25.0,25.0,50.0,seqkit-porechop_abi,2,99.99989273852862,True,True,False,1.0,ee7a50a277fef6153a1cc05f9cc2afd227e940efbd36a4c2b0abe9a57580901b,3e7cfddea1d70f28dbf0ec0a605e0a0e4201d8a77c82fc3d93e97e30380c297f,4d6b8cb1d482e5066f9ca575ebd3b67af4a32562
hac,100x,10,2026-06-11T15:38:20.193610+00:00,0.0,25.0,25.0,50.0,seqkit-barbell,3,99.99989183766671,True,True,False,1.0,ee7a50a277fef6153a1cc05f9cc2afd227e940efbd36a4c2b0abe9a57580901b,3e7cfddea1d70f28dbf0ec0a605e0a0e4201d8a77c82fc3d93e97e30380c297f,4d6b8cb1d482e5066f9ca575ebd3b67af4a32562
hac,100x,10,2026-06-11T15:38:20.193610+00:00,0.0,25.0,25.0,50.0,chopper-barbell,4,99.99986902432876,True,True,False,1.0,ee7a50a277fef6153a1cc05f9cc2afd227e940efbd36a4c2b0abe9a57580901b,3e7cfddea1d70f28dbf0ec0a605e0a0e4201d8a77c82fc3d93e97e30380c297f,4d6b8cb1d482e5066f9ca575ebd3b67af4a32562
hac,100x,10,2026-06-11T15:38:20.193610+00:00,0.0,25.0,25.0,50.0,seqkit-dorado,5,99.9998626349669,True,True,False,1.0,ee7a50a277fef6153a1cc05f9cc2afd227e940efbd36a4c2b0abe9a57580901b,3e7cfddea1d70f28dbf0ec0a605e0a0e4201d8a77c82fc3d93e97e30380c297f,4d6b8cb1d482e5066f9ca575ebd3b67af4a32562
hac,100x,10,2026-06-11T15:38:20.193610+00:00,0.0,25.0,25.0,50.0,chopper-dorado,6,99.99975920892382,True,True,False,1.0,ee7a50a277fef6153a1cc05f9cc2afd227e940efbd36a4c2b0abe9a57580901b,3e7cfddea1d70f28dbf0ec0a605e0a0e4201d8a77c82fc3d93e97e30380c297f,4d6b8cb1d482e5066f9ca575ebd3b67af4a32562
hac,100x,10,2026-06-11T15:38:20.193610+00:00,0.0,25.0,25.0,50.0,unprocessed-dorado,7,98.07679065478365,True,False,False,1.0,ee7a50a277fef6153a1cc05f9cc2afd227e940efbd36a4c2b0abe9a57580901b,3e7cfddea1d70f28dbf0ec0a605e0a0e4201d8a77c82fc3d93e97e30380c297f,4d6b8cb1d482e5066f9ca575ebd3b67af4a32562
hac,100x,10,2026-06-11T15:38:20.193610+00:00,0.0,25.0,25.0,50.0,unprocessed-untrimmed,8,96.15346862566132,True,False,False,1.0,ee7a50a277fef6153a1cc05f9cc2afd227e940efbd36a4c2b0abe9a57580901b,3e7cfddea1d70f28dbf0ec0a605e0a0e4201d8a77c82fc3d93e97e30380c297f,4d6b8cb1d482e5066f9ca575ebd3b67af4a32562
hac,100x,10,2026-06-11T15:38:20.193610+00:00,0.0,25.0,25.0,50.0,seqkit-untrimmed,9,94.23066398870819,True,False,False,1.0,ee7a50a277fef6153a1cc05f9cc2afd227e940efbd36a4c2b0abe9a57580901b,3e7cfddea1d70f28dbf0ec0a605e0a0e4201d8a77c82fc3d93e97e30380c297f,4d6b8cb1d482e5066f9ca575ebd3b67af4a32562
hac,100x,10,2026-06-11T15:38:20.193610+00:00,0.0,25.0,25.0,50.0,chopper-untrimmed,10,92.30475569219237,True,False,False,1.0,ee7a50a277fef6153a1cc05f9cc2afd227e940efbd36a4c2b0abe9a57580901b,3e7cfddea1d70f28dbf0ec0a605e0a0e4201d8a77c82fc3d93e97e30380c297f,4d6b8cb1d482e5066f9ca575ebd3b67af4a32562
hac,100x,10,2026-06-11T15:38:20.193610+00:00,0.0,25.0,25.0,50.0,fastplong-all,11,83.33321977398263,True,True,False,1.0,ee7a50a277fef6153a1cc05f9cc2afd227e940efbd36a4c2b0abe9a57580901b,3e7cfddea1d70f28dbf0ec0a605e0a0e4201d8a77c82fc3d93e97e30380c297f,4d6b8cb1d482e5066f9ca575ebd3b67af4a32562
hac,100x,10,2026-06-11T15:38:20.193610+00:00,0.0,25.0,25.0,50.0,unprocessed-porechop_abi,12,83.33321181016737,True,True,False,1.0,ee7a50a277fef6153a1cc05f9cc2afd227e940efbd36a4c2b0abe9a57580901b,3e7cfddea1d70f28dbf0ec0a605e0a0e4201d8a77c82fc3d93e97e30380c297f,4d6b8cb1d482e5066f9ca575ebd3b67af4a32562
hac,100x,10,2026-06-11T15:38:20.193610+00:00,0.0,25.0,25.0,50.0,chopper-porechop_abi,13,83.33310113360284,True,True,False,1.0,ee7a50a277fef6153a1cc05f9cc2afd227e940efbd36a4c2b0abe9a57580901b,3e7cfddea1d70f28dbf0ec0a605e0a0e4201d8a77c82fc3d93e97e30380c297f,4d6b8cb1d482e5066f9ca575ebd3b67af4a32562
hac,100x,10,2026-06-11T15:38:20.193610+00:00,0.0,25.0,25.0,50.0,filtlong-barbell,14,49.99972729277968,True,True,False,1.0,ee7a50a277fef6153a1cc05f9cc2afd227e940efbd36a4c2b0abe9a57580901b,3e7cfddea1d70f28dbf0ec0a605e0a0e4201d8a77c82fc3d93e97e30380c297f,4d6b8cb1d482e5066f9ca575ebd3b67af4a32562
hac,100x,10,2026-06-11T15:38:20.193610+00:00,0.0,25.0,25.0,50.0,filtlong-untrimmed,15,49.99972287337507,True,True,False,1.0,ee7a50a277fef6153a1cc05f9cc2afd227e940efbd36a4c2b0abe9a57580901b,3e7cfddea1d70f28dbf0ec0a605e0a0e4201d8a77c82fc3d93e97e30380c297f,4d6b8cb1d482e5066f9ca575ebd3b67af4a32562
hac,100x,10,2026-06-11T15:38:20.193610+00:00,0.0,25.0,25.0,50.0,filtlong-dorado,16,49.99967753531347,True,True,False,1.0,ee7a50a277fef6153a1cc05f9cc2afd227e940efbd36a4c2b0abe9a57580901b,3e7cfddea1d70f28dbf0ec0a605e0a0e4201d8a77c82fc3d93e97e30380c297f,4d6b8cb1d482e5066f9ca575ebd3b67af4a32562
hac,100x,10,2026-06-11T15:38:20.193610+00:00,0.0,25.0,25.0,50.0,filtlong-porechop_abi,17,49.998458434686235,True,True,False,1.0,ee7a50a277fef6153a1cc05f9cc2afd227e940efbd36a4c2b0abe9a57580901b,3e7cfddea1d70f28dbf0ec0a605e0a0e4201d8a77c82fc3d93e97e30380c297f,4d6b8cb1d482e5066f9ca575ebd3b67af4a32562
hac,100x,11,2026-06-11T17:50:23.421189+00:00,30.0,25.0,20.0,25.0,seqkit-barbell,1,98.57835337612823,True,True,True,1.0,ee7a50a277fef6153a1cc05f9cc2afd227e940efbd36a4c2b0abe9a57580901b,3e7cfddea1d70f28dbf0ec0a605e0a0e4201d8a77c82fc3d93e97e30380c297f,4d6b8cb1d482e5066f9ca575ebd3b67af4a32562
hac,100x,11,2026-06-11T17:50:23.421189+00:00,30.0,25.0,20.0,25.0,seqkit-dorado,2,98.55063186573614,True,True,False,1.0,ee7a50a277fef6153a1cc05f9cc2afd227e940efbd36a4c2b0abe9a57580901b,3e7cfddea1d70f28dbf0ec0a605e0a0e4201d8a77c82fc3d93e97e30380c297f,4d6b8cb1d482e5066f9ca575ebd3b67af4a32562
hac,100x,11,2026-06-11T17:50:23.421189+00:00,30.0,25.0,20.0,25.0,chopper-barbell,3,98.43986902432876,True,True,False,1.0,ee7a50a277fef6153a1cc05f9cc2afd227e940efbd36a4c2b0abe9a57580901b,3e7cfddea1d70f28dbf0ec0a605e0a0e4201d8a77c82fc3d93e97e30380c297f,4d6b8cb1d482e5066f9ca575ebd3b67af4a32562
hac,100x,11,2026-06-11T17:50:23.421189+00:00,30.0,25.0,20.0,25.0,chopper-dorado,4,98.34745151661613,True,True,False,1.0,ee7a50a277fef6153a1cc05f9cc2afd227e940efbd36a4c2b0abe9a57580901b,3e7cfddea1d70f28dbf0ec0a605e0a0e4201d8a77c82fc3d93e97e30380c297f,4d6b8cb1d482e5066f9ca575ebd3b67af4a32562
hac,100x,11,2026-06-11T17:50:23.421189+00:00,30.0,25.0,20.0,25.0,seqkit-porechop_abi,5,98.30373889237475,True,True,False,1.0,ee7a50a277fef6153a1cc05f9cc2afd227e940efbd36a4c2b0abe9a57580901b,3e7cfddea1d70f28dbf0ec0a605e0a0e4201d8a77c82fc3d93e97e30380c297f,4d6b8cb1d482e5066f9ca575ebd3b67af4a32562
hac,100x,11,2026-06-11T17:50:23.421189+00:00,30.0,25.0,20.0,25.0,unprocessed-barbell,6,98.03604822237418,True,True,False,1.0,ee7a50a277fef6153a1cc05f9cc2afd227e940efbd36a4c2b0abe9a57580901b,3e7cfddea1d70f28dbf0ec0a605e0a0e4201d8a77c82fc3d93e97e30380c297f,4d6b8cb1d482e5066f9ca575ebd3b67af4a32562
hac,100x,11,2026-06-11T17:50:23.421189+00:00,30.0,25.0,20.0,25.0,unprocessed-dorado,7,96.82986757786058,True,False,False,1.0,ee7a50a277fef6153a1cc05f9cc2afd227e940efbd36a4c2b0abe9a57580901b,3e7cfddea1d70f28dbf0ec0a605e0a0e4201d8a77c82fc3d93e97e30380c297f,4d6b8cb1d482e5066f9ca575ebd3b67af4a32562
hac,100x,11,2026-06-11T17:50:23.421189+00:00,30.0,25.0,20.0,25.0,unprocessed-untrimmed,8,95.25423785643055,True,False,False,1.0,ee7a50a277fef6153a1cc05f9cc2afd227e940efbd36a4c2b0abe9a57580901b,3e7cfddea1d70f28dbf0ec0a605e0a0e4201d8a77c82fc3d93e97e30380c297f,4d6b8cb1d482e5066f9ca575ebd3b67af4a32562
hac,100x,11,2026-06-11T17:50:23.421189+00:00,30.0,25.0,20.0,25.0,seqkit-untrimmed,9,93.69527937332357,True,False,False,1.0,ee7a50a277fef6153a1cc05f9cc2afd227e940efbd36a4c2b0abe9a57580901b,3e7cfddea1d70f28dbf0ec0a605e0a0e4201d8a77c82fc3d93e97e30380c297f,4d6b8cb1d482e5066f9ca575ebd3b67af4a32562
hac,100x,11,2026-06-11T17:50:23.421189+00:00,30.0,25.0,20.0,25.0,chopper-untrimmed,10,91.25398646142314,True,False,False,1.0,ee7a50a277fef6153a1cc05f9cc2afd227e940efbd36a4c2b0abe9a57580901b,3e7cfddea1d70f28dbf0ec0a605e0a0e4201d8a77c82fc3d93e97e30380c297f,4d6b8cb1d482e5066f9ca575ebd3b67af4a32562
hac,100x,11,2026-06-11T17:50:23.421189+00:00,30.0,25.0,20.0,25.0,fastplong-all,11,89.96116849193135,True,True,False,1.0,ee7a50a277fef6153a1cc05f9cc2afd227e940efbd36a4c2b0abe9a57580901b,3e7cfddea1d70f28dbf0ec0a605e0a0e4201d8a77c82fc3d93e97e30380c297f,4d6b8cb1d482e5066f9ca575ebd3b67af4a32562
hac,100x,11,2026-06-11T17:50:23.421189+00:00,30.0,25.0,20.0,25.0,chopper-porechop_abi,12,89.87104985155155,True,True,False,1.0,ee7a50a277fef6153a1cc05f9cc2afd227e940efbd36a4c2b0abe9a57580901b,3e7cfddea1d70f28dbf0ec0a605e0a0e4201d8a77c82fc3d93e97e30380c297f,4d6b8cb1d482e5066f9ca575ebd3b67af4a32562
hac,100x,11,2026-06-11T17:50:23.421189+00:00,30.0,25.0,20.0,25.0,unprocessed-porechop_abi,13,89.82731437426992,True,True,False,1.0,ee7a50a277fef6153a1cc05f9cc2afd227e940efbd36a4c2b0abe9a57580901b,3e7cfddea1d70f28dbf0ec0a605e0a0e4201d8a77c82fc3d93e97e30380c297f,4d6b8cb1d482e5066f9ca575ebd3b67af4a32562
hac,100x,11,2026-06-11T17:50:23.421189+00:00,30.0,25.0,20.0,25.0,filtlong-dorado,14,73.85506215069807,True,True,False,1.0,ee7a50a277fef6153a1cc05f9cc2afd227e940efbd36a4c2b0abe9a57580901b,3e7cfddea1d70f28dbf0ec0a605e0a0e4201d8a77c82fc3d93e97e30380c297f,4d6b8cb1d482e5066f9ca575ebd3b67af4a32562
hac,100x,11,2026-06-11T17:50:23.421189+00:00,30.0,25.0,20.0,25.0,filtlong-barbell,15,73.80203498508736,True,True,False,1.0,ee7a50a277fef6153a1cc05f9cc2afd227e940efbd36a4c2b0abe9a57580901b,3e7cfddea1d70f28dbf0ec0a605e0a0e4201d8a77c82fc3d93e97e30380c297f,4d6b8cb1d482e5066f9ca575ebd3b67af4a32562
hac,100x,11,2026-06-11T17:50:23.421189+00:00,30.0,25.0,20.0,25.0,filtlong-porechop_abi,16,73.56076612699393,True,True,False,1.0,ee7a50a277fef6153a1cc05f9cc2afd227e940efbd36a4c2b0abe9a57580901b,3e7cfddea1d70f28dbf0ec0a605e0a0e4201d8a77c82fc3d93e97e30380c297f,4d6b8cb1d482e5066f9ca575ebd3b67af4a32562
hac,100x,11,2026-06-11T17:50:23.421189+00:00,30.0,25.0,20.0,25.0,filtlong-untrimmed,17,73.552799796452,True,True,False,1.0,ee7a50a277fef6153a1cc05f9cc2afd227e940efbd36a4c2b0abe9a57580901b,3e7cfddea1d70f28dbf0ec0a605e0a0e4201d8a77c82fc3d93e97e30380c297f,4d6b8cb1d482e5066f9ca575ebd3b67af4a32562
hac,100x,12,2026-06-11T23:15:28.808503+00:00,40.0,10.0,10.0,40.0,seqkit-barbell,1,98.10457211968205,True,True,True,1.0,ee7a50a277fef6153a1cc05f9cc2afd227e940efbd36a4c2b0abe9a57580901b,3e7cfddea1d70f28dbf0ec0a605e0a0e4201d8a77c82fc3d93e97e30380c297f,4d6b8cb1d482e5066f9ca575ebd3b67af4a32562
hac,100x,12,2026-06-11T23:15:28.808503+00:00,40.0,10.0,10.0,40.0,seqkit-dorado,2,98.06763736167908,True,True,False,1.0,ee7a50a277fef6153a1cc05f9cc2afd227e940efbd36a4c2b0abe9a57580901b,3e7cfddea1d70f28dbf0ec0a605e0a0e4201d8a77c82fc3d93e97e30380c297f,4d6b8cb1d482e5066f9ca575ebd3b67af4a32562
hac,100x,12,2026-06-11T23:15:28.808503+00:00,40.0,10.0,10.0,40.0,chopper-barbell,3,97.9199476097315,True,True,False,1.0,ee7a50a277fef6153a1cc05f9cc2afd227e940efbd36a4c2b0abe9a57580901b,3e7cfddea1d70f28dbf0ec0a605e0a0e4201d8a77c82fc3d93e97e30380c297f,4d6b8cb1d482e5066f9ca575ebd3b67af4a32562
hac,100x,12,2026-06-11T23:15:28.808503+00:00,40.0,10.0,10.0,40.0,chopper-dorado,4,97.7968267604926,True,True,False,1.0,ee7a50a277fef6153a1cc05f9cc2afd227e940efbd36a4c2b0abe9a57580901b,3e7cfddea1d70f28dbf0ec0a605e0a0e4201d8a77c82fc3d93e97e30380c297f,4d6b8cb1d482e5066f9ca575ebd3b67af4a32562
hac,100x,12,2026-06-11T23:15:28.808503+00:00,40.0,10.0,10.0,40.0,seqkit-porechop_abi,5,97.73841863387297,True,True,False,1.0,ee7a50a277fef6153a1cc05f9cc2afd227e940efbd36a4c2b0abe9a57580901b,3e7cfddea1d70f28dbf0ec0a605e0a0e4201d8a77c82fc3d93e97e30380c297f,4d6b8cb1d482e5066f9ca575ebd3b67af4a32562
hac,100x,12,2026-06-11T23:15:28.808503+00:00,40.0,10.0,10.0,40.0,unprocessed-barbell,6,97.38149621202659,True,True,False,1.0,ee7a50a277fef6153a1cc05f9cc2afd227e940efbd36a4c2b0abe9a57580901b,3e7cfddea1d70f28dbf0ec0a605e0a0e4201d8a77c82fc3d93e97e30380c297f,4d6b8cb1d482e5066f9ca575ebd3b67af4a32562
hac,100x,12,2026-06-11T23:15:28.808503+00:00,40.0,10.0,10.0,40.0,unprocessed-dorado,7,97.05533164652884,True,True,False,1.0,ee7a50a277fef6153a1cc05f9cc2afd227e940efbd36a4c2b0abe9a57580901b,3e7cfddea1d70f28dbf0ec0a605e0a0e4201d8a77c82fc3d93e97e30380c297f,4d6b8cb1d482e5066f9ca575ebd3b67af4a32562
hac,100x,12,2026-06-11T23:15:28.808503+00:00,40.0,10.0,10.0,40.0,unprocessed-untrimmed,8,96.23677206564915,True,True,False,1.0,ee7a50a277fef6153a1cc05f9cc2afd227e940efbd36a4c2b0abe9a57580901b,3e7cfddea1d70f28dbf0ec0a605e0a0e4201d8a77c82fc3d93e97e30380c297f,4d6b8cb1d482e5066f9ca575ebd3b67af4a32562
hac,100x,12,2026-06-11T23:15:28.808503+00:00,40.0,10.0,10.0,40.0,seqkit-untrimmed,9,95.43995790317558,True,True,False,1.0,ee7a50a277fef6153a1cc05f9cc2afd227e940efbd36a4c2b0abe9a57580901b,3e7cfddea1d70f28dbf0ec0a605e0a0e4201d8a77c82fc3d93e97e30380c297f,4d6b8cb1d482e5066f9ca575ebd3b67af4a32562
hac,100x,12,2026-06-11T23:15:28.808503+00:00,40.0,10.0,10.0,40.0,chopper-untrimmed,10,93.46959458456926,True,False,False,1.0,ee7a50a277fef6153a1cc05f9cc2afd227e940efbd36a4c2b0abe9a57580901b,3e7cfddea1d70f28dbf0ec0a605e0a0e4201d8a77c82fc3d93e97e30380c297f,4d6b8cb1d482e5066f9ca575ebd3b67af4a32562
hac,100x,12,2026-06-11T23:15:28.808503+00:00,40.0,10.0,10.0,40.0,fastplong-all,11,84.39277508908025,True,True,False,1.0,ee7a50a277fef6153a1cc05f9cc2afd227e940efbd36a4c2b0abe9a57580901b,3e7cfddea1d70f28dbf0ec0a605e0a0e4201d8a77c82fc3d93e97e30380c297f,4d6b8cb1d482e5066f9ca575ebd3b67af4a32562
hac,100x,12,2026-06-11T23:15:28.808503+00:00,40.0,10.0,10.0,40.0,chopper-porechop_abi,12,84.27272763292832,True,True,False,1.0,ee7a50a277fef6153a1cc05f9cc2afd227e940efbd36a4c2b0abe9a57580901b,3e7cfddea1d70f28dbf0ec0a605e0a0e4201d8a77c82fc3d93e97e30380c297f,4d6b8cb1d482e5066f9ca575ebd3b67af4a32562
hac,100x,12,2026-06-11T23:15:28.808503+00:00,40.0,10.0,10.0,40.0,unprocessed-porechop_abi,13,84.21431036509259,True,True,False,1.0,ee7a50a277fef6153a1cc05f9cc2afd227e940efbd36a4c2b0abe9a57580901b,3e7cfddea1d70f28dbf0ec0a605e0a0e4201d8a77c82fc3d93e97e30380c297f,4d6b8cb1d482e5066f9ca575ebd3b67af4a32562
hac,100x,12,2026-06-11T23:15:28.808503+00:00,40.0,10.0,10.0,40.0,filtlong-dorado,14,58.473717167971536,True,True,False,1.0,ee7a50a277fef6153a1cc05f9cc2afd227e940efbd36a4c2b0abe9a57580901b,3e7cfddea1d70f28dbf0ec0a605e0a0e4201d8a77c82fc3d93e97e30380c297f,4d6b8cb1d482e5066f9ca575ebd3b67af4a32562
hac,100x,12,2026-06-11T23:15:28.808503+00:00,40.0,10.0,10.0,40.0,filtlong-barbell,15,58.40296784018879,True,True,False,1.0,ee7a50a277fef6153a1cc05f9cc2afd227e940efbd36a4c2b0abe9a57580901b,3e7cfddea1d70f28dbf0ec0a605e0a0e4201d8a77c82fc3d93e97e30380c297f,4d6b8cb1d482e5066f9ca575ebd3b67af4a32562
hac,100x,12,2026-06-11T23:15:28.808503+00:00,40.0,10.0,10.0,40.0,filtlong-porechop_abi,16,58.08246029695141,True,True,False,1.0,ee7a50a277fef6153a1cc05f9cc2afd227e940efbd36a4c2b0abe9a57580901b,3e7cfddea1d70f28dbf0ec0a605e0a0e4201d8a77c82fc3d93e97e30380c297f,4d6b8cb1d482e5066f9ca575ebd3b67af4a32562
hac,100x,12,2026-06-11T23:15:28.808503+00:00,40.0,10.0,10.0,40.0,filtlong-untrimmed,17,58.07065838011927,True,True,False,1.0,ee7a50a277fef6153a1cc05f9cc2afd227e940efbd36a4c2b0abe9a57580901b,3e7cfddea1d70f28dbf0ec0a605e0a0e4201d8a77c82fc3d93e97e30380c297f,4d6b8cb1d482e5066f9ca575ebd3b67af4a32562
hac,100x,13,2026-06-15T06:05:51.659902+00:00,25.0,25.0,25.0,25.0,seqkit-barbell,1,98.81527645305133,True,True,True,1.0,ee7a50a277fef6153a1cc05f9cc2afd227e940efbd36a4c2b0abe9a57580901b,3e7cfddea1d70f28dbf0ec0a605e0a0e4201d8a77c82fc3d93e97e30380c297f,4d6b8cb1d482e5066f9ca575ebd3b67af4a32562
hac,100x,13,2026-06-15T06:05:51.659902+00:00,25.0,25.0,25.0,25.0,seqkit-dorado,2,98.7921703272746,True,True,False,1.0,ee7a50a277fef6153a1cc05f9cc2afd227e940efbd36a4c2b0abe9a57580901b,3e7cfddea1d70f28dbf0ec0a605e0a0e4201d8a77c82fc3d93e97e30380c297f,4d6b8cb1d482e5066f9ca575ebd3b67af4a32562
hac,100x,13,2026-06-15T06:05:51.659902+00:00,25.0,25.0,25.0,25.0,chopper-barbell,3,98.69986902432876,True,True,False,1.0,ee7a50a277fef6153a1cc05f9cc2afd227e940efbd36a4c2b0abe9a57580901b,3e7cfddea1d70f28dbf0ec0a605e0a0e4201d8a77c82fc3d93e97e30380c297f,4d6b8cb1d482e5066f9ca575ebd3b67af4a32562
hac,100x,13,2026-06-15T06:05:51.659902+00:00,25.0,25.0,25.0,25.0,chopper-dorado,4,98.62283613200074,True,True,False,1.0,ee7a50a277fef6153a1cc05f9cc2afd227e940efbd36a4c2b0abe9a57580901b,3e7cfddea1d70f28dbf0ec0a605e0a0e4201d8a77c82fc3d93e97e30380c297f,4d6b8cb1d482e5066f9ca575ebd3b67af4a32562
hac,100x,13,2026-06-15T06:05:51.659902+00:00,25.0,25.0,25.0,25.0,seqkit-porechop_abi,5,98.58643120006707,True,True,False,1.0,ee7a50a277fef6153a1cc05f9cc2afd227e940efbd36a4c2b0abe9a57580901b,3e7cfddea1d70f28dbf0ec0a605e0a0e4201d8a77c82fc3d93e97e30380c297f,4d6b8cb1d482e5066f9ca575ebd3b67af4a32562
hac,100x,13,2026-06-15T06:05:51.659902+00:00,25.0,25.0,25.0,25.0,unprocessed-barbell,6,98.36335591468188,True,True,False,1.0,ee7a50a277fef6153a1cc05f9cc2afd227e940efbd36a4c2b0abe9a57580901b,3e7cfddea1d70f28dbf0ec0a605e0a0e4201d8a77c82fc3d93e97e30380c297f,4d6b8cb1d482e5066f9ca575ebd3b67af4a32562
hac,100x,13,2026-06-15T06:05:51.659902+00:00,25.0,25.0,25.0,25.0,unprocessed-dorado,7,96.71717527016827,True,False,False,1.0,ee7a50a277fef6153a1cc05f9cc2afd227e940efbd36a4c2b0abe9a57580901b,3e7cfddea1d70f28dbf0ec0a605e0a0e4201d8a77c82fc3d93e97e30380c297f,4d6b8cb1d482e5066f9ca575ebd3b67af4a32562
hac,100x,13,2026-06-15T06:05:51.659902+00:00,25.0,25.0,25.0,25.0,unprocessed-untrimmed,8,94.76308401027671,True,False,False,1.0,ee7a50a277fef6153a1cc05f9cc2afd227e940efbd36a4c2b0abe9a57580901b,3e7cfddea1d70f28dbf0ec0a605e0a0e4201d8a77c82fc3d93e97e30380c297f,4d6b8cb1d482e5066f9ca575ebd3b67af4a32562
hac,100x,13,2026-06-15T06:05:51.659902+00:00,25.0,25.0,25.0,25.0,seqkit-untrimmed,9,92.82297168101587,True,False,False,1.0,ee7a50a277fef6153a1cc05f9cc2afd227e940efbd36a4c2b0abe9a57580901b,3e7cfddea1d70f28dbf0ec0a605e0a0e4201d8a77c82fc3d93e97e30380c297f,4d6b8cb1d482e5066f9ca575ebd3b67af4a32562
hac,100x,13,2026-06-15T06:05:51.659902+00:00,25.0,25.0,25.0,25.0,fastplong-all,10,90.24539926116213,True,True,False,1.0,ee7a50a277fef6153a1cc05f9cc2afd227e940efbd36a4c2b0abe9a57580901b,3e7cfddea1d70f28dbf0ec0a605e0a0e4201d8a77c82fc3d93e97e30380c297f,4d6b8cb1d482e5066f9ca575ebd3b67af4a32562
hac,100x,13,2026-06-15T06:05:51.659902+00:00,25.0,25.0,25.0,25.0,chopper-porechop_abi,11,90.17028062078231,True,True,False,1.0,ee7a50a277fef6153a1cc05f9cc2afd227e940efbd36a4c2b0abe9a57580901b,3e7cfddea1d70f28dbf0ec0a605e0a0e4201d8a77c82fc3d93e97e30380c297f,4d6b8cb1d482e5066f9ca575ebd3b67af4a32562
hac,100x,13,2026-06-15T06:05:51.659902+00:00,25.0,25.0,25.0,25.0,chopper-untrimmed,12,90.14706338450007,True,True,False,1.0,ee7a50a277fef6153a1cc05f9cc2afd227e940efbd36a4c2b0abe9a57580901b,3e7cfddea1d70f28dbf0ec0a605e0a0e4201d8a77c82fc3d93e97e30380c297f,4d6b8cb1d482e5066f9ca575ebd3b67af4a32562
hac,100x,13,2026-06-15T06:05:51.659902+00:00,25.0,25.0,25.0,25.0,unprocessed-porechop_abi,13,90.1338528358084,True,True,False,1.0,ee7a50a277fef6153a1cc05f9cc2afd227e940efbd36a4c2b0abe9a57580901b,3e7cfddea1d70f28dbf0ec0a605e0a0e4201d8a77c82fc3d93e97e30380c297f,4d6b8cb1d482e5066f9ca575ebd3b67af4a32562
hac,100x,13,2026-06-15T06:05:51.659902+00:00,25.0,25.0,25.0,25.0,filtlong-dorado,14,74.04583138146731,True,True,False,1.0,ee7a50a277fef6153a1cc05f9cc2afd227e940efbd36a4c2b0abe9a57580901b,3e7cfddea1d70f28dbf0ec0a605e0a0e4201d8a77c82fc3d93e97e30380c297f,4d6b8cb1d482e5066f9ca575ebd3b67af4a32562
hac,100x,13,2026-06-15T06:05:51.659902+00:00,25.0,25.0,25.0,25.0,filtlong-barbell,15,74.00165036970274,True,True,False,1.0,ee7a50a277fef6153a1cc05f9cc2afd227e940efbd36a4c2b0abe9a57580901b,3e7cfddea1d70f28dbf0ec0a605e0a0e4201d8a77c82fc3d93e97e30380c297f,4d6b8cb1d482e5066f9ca575ebd3b67af4a32562
hac,100x,13,2026-06-15T06:05:51.659902+00:00,25.0,25.0,25.0,25.0,filtlong-porechop_abi,16,73.80038151160932,True,True,False,1.0,ee7a50a277fef6153a1cc05f9cc2afd227e940efbd36a4c2b0abe9a57580901b,3e7cfddea1d70f28dbf0ec0a605e0a0e4201d8a77c82fc3d93e97e30380c297f,4d6b8cb1d482e5066f9ca575ebd3b67af4a32562
hac,100x,13,2026-06-15T06:05:51.659902+00:00,25.0,25.0,25.0,25.0,filtlong-untrimmed,17,73.79395364260584,True,True,False,1.0,ee7a50a277fef6153a1cc05f9cc2afd227e940efbd36a4c2b0abe9a57580901b,3e7cfddea1d70f28dbf0ec0a605e0a0e4201d8a77c82fc3d93e97e30380c297f,4d6b8cb1d482e5066f9ca575ebd3b67af4a32562
hac,100x,14,2026-06-15T08:06:48.027717+00:00,39.0,17.0,13.0,31.0,seqkit-barbell,1,98.15192644961334,True,True,True,1.0,ee7a50a277fef6153a1cc05f9cc2afd227e940efbd36a4c2b0abe9a57580901b,3e7cfddea1d70f28dbf0ec0a605e0a0e4201d8a77c82fc3d93e97e30380c297f,4d6b8cb1d482e5066f9ca575ebd3b67af4a32562
hac,100x,14,2026-06-15T08:06:48.027717+00:00,39.0,17.0,13.0,31.0,seqkit-dorado,2,98.11590659177749,True,True,False,1.0,ee7a50a277fef6153a1cc05f9cc2afd227e940efbd36a4c2b0abe9a57580901b,3e7cfddea1d70f28dbf0ec0a605e0a0e4201d8a77c82fc3d93e97e30380c297f,4d6b8cb1d482e5066f9ca575ebd3b67af4a32562
hac,100x,14,2026-06-15T08:06:48.027717+00:00,39.0,17.0,13.0,31.0,chopper-barbell,3,97.97191093654355,True,True,False,1.0,ee7a50a277fef6153a1cc05f9cc2afd227e940efbd36a4c2b0abe9a57580901b,3e7cfddea1d70f28dbf0ec0a605e0a0e4201d8a77c82fc3d93e97e30380c297f,4d6b8cb1d482e5066f9ca575ebd3b67af4a32562
hac,100x,14,2026-06-15T08:06:48.027717+00:00,39.0,17.0,13.0,31.0,chopper-dorado,4,97.8518362620682,True,True,False,1.0,ee7a50a277fef6153a1cc05f9cc2afd227e940efbd36a4c2b0abe9a57580901b,3e7cfddea1d70f28dbf0ec0a605e0a0e4201d8a77c82fc3d93e97e30380c297f,4d6b8cb1d482e5066f9ca575ebd3b67af4a32562
hac,100x,14,2026-06-15T08:06:48.027717+00:00,39.0,17.0,13.0,31.0,seqkit-porechop_abi,5,97.79492706219946,True,True,False,1.0,ee7a50a277fef6153a1cc05f9cc2afd227e940efbd36a4c2b0abe9a57580901b,3e7cfddea1d70f28dbf0ec0a605e0a0e4201d8a77c82fc3d93e97e30380c297f,4d6b8cb1d482e5066f9ca575ebd3b67af4a32562
hac,100x,14,2026-06-15T08:06:48.027717+00:00,39.0,17.0,13.0,31.0,unprocessed-barbell,6,97.44692817582981,True,True,False,1.0,ee7a50a277fef6153a1cc05f9cc2afd227e940efbd36a4c2b0abe9a57580901b,3e7cfddea1d70f28dbf0ec0a605e0a0e4201d8a77c82fc3d93e97e30380c297f,4d6b8cb1d482e5066f9ca575ebd3b67af4a32562
hac,100x,14,2026-06-15T08:06:48.027717+00:00,39.0,17.0,13.0,31.0,unprocessed-dorado,7,96.8789099529452,True,True,False,1.0,ee7a50a277fef6153a1cc05f9cc2afd227e940efbd36a4c2b0abe9a57580901b,3e7cfddea1d70f28dbf0ec0a605e0a0e4201d8a77c82fc3d93e97e30380c297f,4d6b8cb1d482e5066f9ca575ebd3b67af4a32562
hac,100x,14,2026-06-15T08:06:48.027717+00:00,39.0,17.0,13.0,31.0,unprocessed-untrimmed,8,95.83074328083433,True,False,False,1.0,ee7a50a277fef6153a1cc05f9cc2afd227e940efbd36a4c2b0abe9a57580901b,3e7cfddea1d70f28dbf0ec0a605e0a0e4201d8a77c82fc3d93e97e30380c297f,4d6b8cb1d482e5066f9ca575ebd3b67af4a32562
hac,100x,14,2026-06-15T08:06:48.027717+00:00,39.0,17.0,13.0,31.0,seqkit-untrimmed,9,94.80392843539849,True,False,False,1.0,ee7a50a277fef6153a1cc05f9cc2afd227e940efbd36a4c2b0abe9a57580901b,3e7cfddea1d70f28dbf0ec0a605e0a0e4201d8a77c82fc3d93e97e30380c297f,4d6b8cb1d482e5066f9ca575ebd3b67af4a32562
hac,100x,14,2026-06-15T08:06:48.027717+00:00,39.0,17.0,13.0,31.0,chopper-untrimmed,10,92.63200310146004,True,False,False,1.0,ee7a50a277fef6153a1cc05f9cc2afd227e940efbd36a4c2b0abe9a57580901b,3e7cfddea1d70f28dbf0ec0a605e0a0e4201d8a77c82fc3d93e97e30380c297f,4d6b8cb1d482e5066f9ca575ebd3b67af4a32562
hac,100x,14,2026-06-15T08:06:48.027717+00:00,39.0,17.0,13.0,31.0,fastplong-all,11,87.4495894463082,True,True,False,1.0,ee7a50a277fef6153a1cc05f9cc2afd227e940efbd36a4c2b0abe9a57580901b,3e7cfddea1d70f28dbf0ec0a605e0a0e4201d8a77c82fc3d93e97e30380c297f,4d6b8cb1d482e5066f9ca575ebd3b67af4a32562
hac,100x,14,2026-06-15T08:06:48.027717+00:00,39.0,17.0,13.0,31.0,chopper-porechop_abi,12,87.33250877084993,True,True,False,1.0,ee7a50a277fef6153a1cc05f9cc2afd227e940efbd36a4c2b0abe9a57580901b,3e7cfddea1d70f28dbf0ec0a605e0a0e4201d8a77c82fc3d93e97e30380c297f,4d6b8cb1d482e5066f9ca575ebd3b67af4a32562
hac,100x,14,2026-06-15T08:06:48.027717+00:00,39.0,17.0,13.0,31.0,unprocessed-porechop_abi,13,87.27558403091382,True,True,False,1.0,ee7a50a277fef6153a1cc05f9cc2afd227e940efbd36a4c2b0abe9a57580901b,3e7cfddea1d70f28dbf0ec0a605e0a0e4201d8a77c82fc3d93e97e30380c297f,4d6b8cb1d482e5066f9ca575ebd3b67af4a32562
hac,100x,14,2026-06-15T08:06:48.027717+00:00,39.0,17.0,13.0,31.0,filtlong-dorado,14,67.51178072401315,True,True,False,1.0,ee7a50a277fef6153a1cc05f9cc2afd227e940efbd36a4c2b0abe9a57580901b,3e7cfddea1d70f28dbf0ec0a605e0a0e4201d8a77c82fc3d93e97e30380c297f,4d6b8cb1d482e5066f9ca575ebd3b67af4a32562
hac,100x,14,2026-06-15T08:06:48.027717+00:00,39.0,17.0,13.0,31.0,filtlong-barbell,15,67.44281455909018,True,True,False,1.0,ee7a50a277fef6153a1cc05f9cc2afd227e940efbd36a4c2b0abe9a57580901b,3e7cfddea1d70f28dbf0ec0a605e0a0e4201d8a77c82fc3d93e97e30380c297f,4d6b8cb1d482e5066f9ca575ebd3b67af4a32562
hac,100x,14,2026-06-15T08:06:48.027717+00:00,39.0,17.0,13.0,31.0,filtlong-porechop_abi,16,67.12995173558664,True,True,False,1.0,ee7a50a277fef6153a1cc05f9cc2afd227e940efbd36a4c2b0abe9a57580901b,3e7cfddea1d70f28dbf0ec0a605e0a0e4201d8a77c82fc3d93e97e30380c297f,4d6b8cb1d482e5066f9ca575ebd3b67af4a32562
hac,100x,14,2026-06-15T08:06:48.027717+00:00,39.0,17.0,13.0,31.0,filtlong-untrimmed,17,67.11881155389504,True,True,False,1.0,ee7a50a277fef6153a1cc05f9cc2afd227e940efbd36a4c2b0abe9a57580901b,3e7cfddea1d70f28dbf0ec0a605e0a0e4201d8a77c82fc3d93e97e30380c297f,4d6b8cb1d482e5066f9ca575ebd3b67af4a32562
hac,100x,15,2026-06-15T11:37:41.040801+00:00,50.0,10.0,20.0,20.0,seqkit-barbell,1,97.63072596583592,True,True,True,1.0,ee7a50a277fef6153a1cc05f9cc2afd227e940efbd36a4c2b0abe9a57580901b,3e7cfddea1d70f28dbf0ec0a605e0a0e4201d8a77c82fc3d93e97e30380c297f,4d6b8cb1d482e5066f9ca575ebd3b67af4a32562
hac,100x,15,2026-06-15T11:37:41.040801+00:00,50.0,10.0,20.0,20.0,seqkit-dorado,2,97.58456043860215,True,True,False,1.0,ee7a50a277fef6153a1cc05f9cc2afd227e940efbd36a4c2b0abe9a57580901b,3e7cfddea1d70f28dbf0ec0a605e0a0e4201d8a77c82fc3d93e97e30380c297f,4d6b8cb1d482e5066f9ca575ebd3b67af4a32562
hac,100x,15,2026-06-15T11:37:41.040801+00:00,50.0,10.0,20.0,20.0,chopper-barbell,3,97.3999476097315,True,True,False,1.0,ee7a50a277fef6153a1cc05f9cc2afd227e940efbd36a4c2b0abe9a57580901b,3e7cfddea1d70f28dbf0ec0a605e0a0e4201d8a77c82fc3d93e97e30380c297f,4d6b8cb1d482e5066f9ca575ebd3b67af4a32562
hac,100x,15,2026-06-15T11:37:41.040801+00:00,50.0,10.0,20.0,20.0,chopper-dorado,4,97.24605752972339,True,True,False,1.0,ee7a50a277fef6153a1cc05f9cc2afd227e940efbd36a4c2b0abe9a57580901b,3e7cfddea1d70f28dbf0ec0a605e0a0e4201d8a77c82fc3d93e97e30380c297f,4d6b8cb1d482e5066f9ca575ebd3b67af4a32562
hac,100x,15,2026-06-15T11:37:41.040801+00:00,50.0,10.0,20.0,20.0,seqkit-porechop_abi,5,97.17303401848837,True,True,False,1.0,ee7a50a277fef6153a1cc05f9cc2afd227e940efbd36a4c2b0abe9a57580901b,3e7cfddea1d70f28dbf0ec0a605e0a0e4201d8a77c82fc3d93e97e30380c297f,4d6b8cb1d482e5066f9ca575ebd3b67af4a32562
hac,100x,15,2026-06-15T11:37:41.040801+00:00,50.0,10.0,20.0,20.0,unprocessed-barbell,6,96.72688082741121,True,True,False,1.0,ee7a50a277fef6153a1cc05f9cc2afd227e940efbd36a4c2b0abe9a57580901b,3e7cfddea1d70f28dbf0ec0a605e0a0e4201d8a77c82fc3d93e97e30380c297f,4d6b8cb1d482e5066f9ca575ebd3b67af4a32562
hac,100x,15,2026-06-15T11:37:41.040801+00:00,50.0,10.0,20.0,20.0,unprocessed-dorado,7,95.74225472345194,True,True,False,1.0,ee7a50a277fef6153a1cc05f9cc2afd227e940efbd36a4c2b0abe9a57580901b,3e7cfddea1d70f28dbf0ec0a605e0a0e4201d8a77c82fc3d93e97e30380c297f,4d6b8cb1d482e5066f9ca575ebd3b67af4a32562
hac,100x,15,2026-06-15T11:37:41.040801+00:00,50.0,10.0,20.0,20.0,unprocessed-untrimmed,8,94.14215668103378,True,False,False,1.0,ee7a50a277fef6153a1cc05f9cc2afd227e940efbd36a4c2b0abe9a57580901b,3e7cfddea1d70f28dbf0ec0a605e0a0e4201d8a77c82fc3d93e97e30380c297f,4d6b8cb1d482e5066f9ca575ebd3b67af4a32562
hac,100x,15,2026-06-15T11:37:41.040801+00:00,50.0,10.0,20.0,20.0,seqkit-untrimmed,9,92.56918867240634,True,False,False,1.0,ee7a50a277fef6153a1cc05f9cc2afd227e940efbd36a4c2b0abe9a57580901b,3e7cfddea1d70f28dbf0ec0a605e0a0e4201d8a77c82fc3d93e97e30380c297f,4d6b8cb1d482e5066f9ca575ebd3b67af4a32562
hac,100x,15,2026-06-15T11:37:41.040801+00:00,50.0,10.0,20.0,20.0,fastplong-all,10,90.49098021728538,True,True,False,1.0,ee7a50a277fef6153a1cc05f9cc2afd227e940efbd36a4c2b0abe9a57580901b,3e7cfddea1d70f28dbf0ec0a605e0a0e4201d8a77c82fc3d93e97e30380c297f,4d6b8cb1d482e5066f9ca575ebd3b67af4a32562
hac,100x,15,2026-06-15T11:37:41.040801+00:00,50.0,10.0,20.0,20.0,chopper-porechop_abi,11,90.34093276113344,True,True,False,1.0,ee7a50a277fef6153a1cc05f9cc2afd227e940efbd36a4c2b0abe9a57580901b,3e7cfddea1d70f28dbf0ec0a605e0a0e4201d8a77c82fc3d93e97e30380c297f,4d6b8cb1d482e5066f9ca575ebd3b67af4a32562
hac,100x,15,2026-06-15T11:37:41.040801+00:00,50.0,10.0,20.0,20.0,unprocessed-porechop_abi,12,90.26790010868234,True,True,False,1.0,ee7a50a277fef6153a1cc05f9cc2afd227e940efbd36a4c2b0abe9a57580901b,3e7cfddea1d70f28dbf0ec0a605e0a0e4201d8a77c82fc3d93e97e30380c297f,4d6b8cb1d482e5066f9ca575ebd3b67af4a32562
hac,100x,15,2026-06-15T11:37:41.040801+00:00,50.0,10.0,20.0,20.0,chopper-untrimmed,13,89.52959458456925,True,True,False,1.0,ee7a50a277fef6153a1cc05f9cc2afd227e940efbd36a4c2b0abe9a57580901b,3e7cfddea1d70f28dbf0ec0a605e0a0e4201d8a77c82fc3d93e97e30380c297f,4d6b8cb1d482e5066f9ca575ebd3b67af4a32562
hac,100x,15,2026-06-15T11:37:41.040801+00:00,50.0,10.0,20.0,20.0,filtlong-dorado,14,78.09217870643307,True,True,False,1.0,ee7a50a277fef6153a1cc05f9cc2afd227e940efbd36a4c2b0abe9a57580901b,3e7cfddea1d70f28dbf0ec0a605e0a0e4201d8a77c82fc3d93e97e30380c297f,4d6b8cb1d482e5066f9ca575ebd3b67af4a32562
hac,100x,15,2026-06-15T11:37:41.040801+00:00,50.0,10.0,20.0,20.0,filtlong-barbell,15,78.00373707095801,True,True,False,1.0,ee7a50a277fef6153a1cc05f9cc2afd227e940efbd36a4c2b0abe9a57580901b,3e7cfddea1d70f28dbf0ec0a605e0a0e4201d8a77c82fc3d93e97e30380c297f,4d6b8cb1d482e5066f9ca575ebd3b67af4a32562
hac,100x,15,2026-06-15T11:37:41.040801+00:00,50.0,10.0,20.0,20.0,filtlong-porechop_abi,16,77.60322952772066,True,True,False,1.0,ee7a50a277fef6153a1cc05f9cc2afd227e940efbd36a4c2b0abe9a57580901b,3e7cfddea1d70f28dbf0ec0a605e0a0e4201d8a77c82fc3d93e97e30380c297f,4d6b8cb1d482e5066f9ca575ebd3b67af4a32562
hac,100x,15,2026-06-15T11:37:41.040801+00:00,50.0,10.0,20.0,20.0,filtlong-untrimmed,17,77.58835068781157,True,True,False,1.0,ee7a50a277fef6153a1cc05f9cc2afd227e940efbd36a4c2b0abe9a57580901b,3e7cfddea1d70f28dbf0ec0a605e0a0e4201d8a77c82fc3d93e97e30380c297f,4d6b8cb1d482e5066f9ca575ebd3b67af4a32562
hac,100x,16,2026-06-15T12:29:17.686442+00:00,10.0,15.0,25.0,50.0,seqkit-barbell,1,99.52608894875385,True,True,True,1.0,ee7a50a277fef6153a1cc05f9cc2afd227e940efbd36a4c2b0abe9a57580901b,3e7cfddea1d70f28dbf0ec0a605e0a0e4201d8a77c82fc3d93e97e30380c297f,4d6b8cb1d482e5066f9ca575ebd3b67af4a32562
hac,100x,16,2026-06-15T12:29:17.686442+00:00,10.0,15.0,25.0,50.0,seqkit-dorado,2,99.51684065790322,True,True,False,1.0,ee7a50a277fef6153a1cc05f9cc2afd227e940efbd36a4c2b0abe9a57580901b,3e7cfddea1d70f28dbf0ec0a605e0a0e4201d8a77c82fc3d93e97e30380c297f,4d6b8cb1d482e5066f9ca575ebd3b67af4a32562
hac,100x,16,2026-06-15T12:29:17.686442+00:00,10.0,15.0,25.0,50.0,chopper-barbell,3,99.47992141459727,True,True,False,1.0,ee7a50a277fef6153a1cc05f9cc2afd227e940efbd36a4c2b0abe9a57580901b,3e7cfddea1d70f28dbf0ec0a605e0a0e4201d8a77c82fc3d93e97e30380c297f,4d6b8cb1d482e5066f9ca575ebd3b67af4a32562
hac,100x,16,2026-06-15T12:29:17.686442+00:00,10.0,15.0,25.0,50.0,chopper-dorado,4,99.44908629458507,True,True,False,1.0,ee7a50a277fef6153a1cc05f9cc2afd227e940efbd36a4c2b0abe9a57580901b,3e7cfddea1d70f28dbf0ec0a605e0a0e4201d8a77c82fc3d93e97e30380c297f,4d6b8cb1d482e5066f9ca575ebd3b67af4a32562
hac,100x,16,2026-06-15T12:29:17.686442+00:00,10.0,15.0,25.0,50.0,seqkit-porechop_abi,5,99.43455102773255,True,True,False,1.0,ee7a50a277fef6153a1cc05f9cc2afd227e940efbd36a4c2b0abe9a57580901b,3e7cfddea1d70f28dbf0ec0a605e0a0e4201d8a77c82fc3d93e97e30380c297f,4d6b8cb1d482e5066f9ca575ebd3b67af4a32562
hac,100x,16,2026-06-15T12:29:17.686442+00:00,10.0,15.0,25.0,50.0,unprocessed-barbell,6,99.34532124111682,True,True,False,1.0,ee7a50a277fef6153a1cc05f9cc2afd227e940efbd36a4c2b0abe9a57580901b,3e7cfddea1d70f28dbf0ec0a605e0a0e4201d8a77c82fc3d93e97e30380c297f,4d6b8cb1d482e5066f9ca575ebd3b67af4a32562
hac,100x,16,2026-06-15T12:29:17.686442+00:00,10.0,15.0,25.0,50.0,unprocessed-dorado,7,97.53299746979329,True,False,False,1.0,ee7a50a277fef6153a1cc05f9cc2afd227e940efbd36a4c2b0abe9a57580901b,3e7cfddea1d70f28dbf0ec0a605e0a0e4201d8a77c82fc3d93e97e30380c297f,4d6b8cb1d482e5066f9ca575ebd3b67af4a32562
hac,100x,16,2026-06-15T12:29:17.686442+00:00,10.0,15.0,25.0,50.0,unprocessed-untrimmed,8,95.59746579078141,True,False,False,1.0,ee7a50a277fef6153a1cc05f9cc2afd227e940efbd36a4c2b0abe9a57580901b,3e7cfddea1d70f28dbf0ec0a605e0a0e4201d8a77c82fc3d93e97e30380c297f,4d6b8cb1d482e5066f9ca575ebd3b67af4a32562
hac,100x,16,2026-06-15T12:29:17.686442+00:00,10.0,15.0,25.0,50.0,seqkit-untrimmed,9,93.66762916245568,True,False,False,1.0,ee7a50a277fef6153a1cc05f9cc2afd227e940efbd36a4c2b0abe9a57580901b,3e7cfddea1d70f28dbf0ec0a605e0a0e4201d8a77c82fc3d93e97e30380c297f,4d6b8cb1d482e5066f9ca575ebd3b67af4a32562
hac,100x,16,2026-06-15T12:29:17.686442+00:00,10.0,15.0,25.0,50.0,chopper-untrimmed,10,91.44285341531543,True,False,False,1.0,ee7a50a277fef6153a1cc05f9cc2afd227e940efbd36a4c2b0abe9a57580901b,3e7cfddea1d70f28dbf0ec0a605e0a0e4201d8a77c82fc3d93e97e30380c297f,4d6b8cb1d482e5066f9ca575ebd3b67af4a32562
hac,100x,16,2026-06-15T12:29:17.686442+00:00,10.0,15.0,25.0,50.0,fastplong-all,11,82.76480365926137,True,True,False,1.0,ee7a50a277fef6153a1cc05f9cc2afd227e940efbd36a4c2b0abe9a57580901b,3e7cfddea1d70f28dbf0ec0a605e0a0e4201d8a77c82fc3d93e97e30380c297f,4d6b8cb1d482e5066f9ca575ebd3b67af4a32562
hac,100x,16,2026-06-15T12:29:17.686442+00:00,10.0,15.0,25.0,50.0,chopper-porechop_abi,12,82.73473247503348,True,True,False,1.0,ee7a50a277fef6153a1cc05f9cc2afd227e940efbd36a4c2b0abe9a57580901b,3e7cfddea1d70f28dbf0ec0a605e0a0e4201d8a77c82fc3d93e97e30380c297f,4d6b8cb1d482e5066f9ca575ebd3b67af4a32562
hac,100x,16,2026-06-15T12:29:17.686442+00:00,10.0,15.0,25.0,50.0,unprocessed-porechop_abi,13,82.72018349635682,True,True,False,1.0,ee7a50a277fef6153a1cc05f9cc2afd227e940efbd36a4c2b0abe9a57580901b,3e7cfddea1d70f28dbf0ec0a605e0a0e4201d8a77c82fc3d93e97e30380c297f,4d6b8cb1d482e5066f9ca575ebd3b67af4a32562
hac,100x,16,2026-06-15T12:29:17.686442+00:00,10.0,15.0,25.0,50.0,filtlong-dorado,14,49.618268059649616,True,True,False,1.0,ee7a50a277fef6153a1cc05f9cc2afd227e940efbd36a4c2b0abe9a57580901b,3e7cfddea1d70f28dbf0ec0a605e0a0e4201d8a77c82fc3d93e97e30380c297f,4d6b8cb1d482e5066f9ca575ebd3b67af4a32562
hac,100x,16,2026-06-15T12:29:17.686442+00:00,10.0,15.0,25.0,50.0,filtlong-barbell,15,49.600605606437036,True,True,False,1.0,ee7a50a277fef6153a1cc05f9cc2afd227e940efbd36a4c2b0abe9a57580901b,3e7cfddea1d70f28dbf0ec0a605e0a0e4201d8a77c82fc3d93e97e30380c297f,4d6b8cb1d482e5066f9ca575ebd3b67af4a32562
hac,100x,16,2026-06-15T12:29:17.686442+00:00,10.0,15.0,25.0,50.0,filtlong-porechop_abi,16,49.519844291580974,True,True,False,1.0,ee7a50a277fef6153a1cc05f9cc2afd227e940efbd36a4c2b0abe9a57580901b,3e7cfddea1d70f28dbf0ec0a605e0a0e4201d8a77c82fc3d93e97e30380c297f,4d6b8cb1d482e5066f9ca575ebd3b67af4a32562
hac,100x,16,2026-06-15T12:29:17.686442+00:00,10.0,15.0,25.0,50.0,filtlong-untrimmed,17,49.51752603171735,True,True,False,1.0,ee7a50a277fef6153a1cc05f9cc2afd227e940efbd36a4c2b0abe9a57580901b,3e7cfddea1d70f28dbf0ec0a605e0a0e4201d8a77c82fc3d93e97e30380c297f,4d6b8cb1d482e5066f9ca575ebd3b67af4a32562
hac,100x,17,2026-06-15T15:06:09.868350+00:00,25.0,25.0,10.0,40.0,seqkit-barbell,1,98.81527645305133,True,True,True,1.0,ee7a50a277fef6153a1cc05f9cc2afd227e940efbd36a4c2b0abe9a57580901b,3e7cfddea1d70f28dbf0ec0a605e0a0e4201d8a77c82fc3d93e97e30380c297f,4d6b8cb1d482e5066f9ca575ebd3b67af4a32562
hac,100x,17,2026-06-15T15:06:09.868350+00:00,25.0,25.0,10.0,40.0,seqkit-dorado,2,98.7921703272746,True,True,False,1.0,ee7a50a277fef6153a1cc05f9cc2afd227e940efbd36a4c2b0abe9a57580901b,3e7cfddea1d70f28dbf0ec0a605e0a0e4201d8a77c82fc3d93e97e30380c297f,4d6b8cb1d482e5066f9ca575ebd3b67af4a32562
hac,100x,17,2026-06-15T15:06:09.868350+00:00,25.0,25.0,10.0,40.0,chopper-barbell,3,98.69986902432876,True,True,False,1.0,ee7a50a277fef6153a1cc05f9cc2afd227e940efbd36a4c2b0abe9a57580901b,3e7cfddea1d70f28dbf0ec0a605e0a0e4201d8a77c82fc3d93e97e30380c297f,4d6b8cb1d482e5066f9ca575ebd3b67af4a32562
hac,100x,17,2026-06-15T15:06:09.868350+00:00,25.0,25.0,10.0,40.0,chopper-dorado,4,98.62283613200074,True,True,False,1.0,ee7a50a277fef6153a1cc05f9cc2afd227e940efbd36a4c2b0abe9a57580901b,3e7cfddea1d70f28dbf0ec0a605e0a0e4201d8a77c82fc3d93e97e30380c297f,4d6b8cb1d482e5066f9ca575ebd3b67af4a32562
hac,100x,17,2026-06-15T15:06:09.868350+00:00,25.0,25.0,10.0,40.0,seqkit-porechop_abi,5,98.58643120006707,True,True,False,1.0,ee7a50a277fef6153a1cc05f9cc2afd227e940efbd36a4c2b0abe9a57580901b,3e7cfddea1d70f28dbf0ec0a605e0a0e4201d8a77c82fc3d93e97e30380c297f,4d6b8cb1d482e5066f9ca575ebd3b67af4a32562
hac,100x,17,2026-06-15T15:06:09.868350+00:00,25.0,25.0,10.0,40.0,unprocessed-barbell,6,98.36335591468188,True,True,False,1.0,ee7a50a277fef6153a1cc05f9cc2afd227e940efbd36a4c2b0abe9a57580901b,3e7cfddea1d70f28dbf0ec0a605e0a0e4201d8a77c82fc3d93e97e30380c297f,4d6b8cb1d482e5066f9ca575ebd3b67af4a32562
hac,100x,17,2026-06-15T15:06:09.868350+00:00,25.0,25.0,10.0,40.0,unprocessed-dorado,7,97.87102142401443,True,True,False,1.0,ee7a50a277fef6153a1cc05f9cc2afd227e940efbd36a4c2b0abe9a57580901b,3e7cfddea1d70f28dbf0ec0a605e0a0e4201d8a77c82fc3d93e97e30380c297f,4d6b8cb1d482e5066f9ca575ebd3b67af4a32562
hac,100x,17,2026-06-15T15:06:09.868350+00:00,25.0,25.0,10.0,40.0,unprocessed-untrimmed,8,97.070776317969,True,True,False,1.0,ee7a50a277fef6153a1cc05f9cc2afd227e940efbd36a4c2b0abe9a57580901b,3e7cfddea1d70f28dbf0ec0a605e0a0e4201d8a77c82fc3d93e97e30380c297f,4d6b8cb1d482e5066f9ca575ebd3b67af4a32562
hac,100x,17,2026-06-15T15:06:09.868350+00:00,25.0,25.0,10.0,40.0,seqkit-untrimmed,9,96.28451014255434,True,True,False,1.0,ee7a50a277fef6153a1cc05f9cc2afd227e940efbd36a4c2b0abe9a57580901b,3e7cfddea1d70f28dbf0ec0a605e0a0e4201d8a77c82fc3d93e97e30380c297f,4d6b8cb1d482e5066f9ca575ebd3b67af4a32562
hac,100x,17,2026-06-15T15:06:09.868350+00:00,25.0,25.0,10.0,40.0,chopper-untrimmed,10,94.76244799988469,True,False,False,1.0,ee7a50a277fef6153a1cc05f9cc2afd227e940efbd36a4c2b0abe9a57580901b,3e7cfddea1d70f28dbf0ec0a605e0a0e4201d8a77c82fc3d93e97e30380c297f,4d6b8cb1d482e5066f9ca575ebd3b67af4a32562
hac,100x,17,2026-06-15T15:06:09.868350+00:00,25.0,25.0,10.0,40.0,fastplong-all,11,85.24539926116213,True,True,False,1.0,ee7a50a277fef6153a1cc05f9cc2afd227e940efbd36a4c2b0abe9a57580901b,3e7cfddea1d70f28dbf0ec0a605e0a0e4201d8a77c82fc3d93e97e30380c297f,4d6b8cb1d482e5066f9ca575ebd3b67af4a32562
hac,100x,17,2026-06-15T15:06:09.868350+00:00,25.0,25.0,10.0,40.0,chopper-porechop_abi,12,85.17028062078232,True,True,False,1.0,ee7a50a277fef6153a1cc05f9cc2afd227e940efbd36a4c2b0abe9a57580901b,3e7cfddea1d70f28dbf0ec0a605e0a0e4201d8a77c82fc3d93e97e30380c297f,4d6b8cb1d482e5066f9ca575ebd3b67af4a32562
hac,100x,17,2026-06-15T15:06:09.868350+00:00,25.0,25.0,10.0,40.0,unprocessed-porechop_abi,13,85.1338528358084,True,True,False,1.0,ee7a50a277fef6153a1cc05f9cc2afd227e940efbd36a4c2b0abe9a57580901b,3e7cfddea1d70f28dbf0ec0a605e0a0e4201d8a77c82fc3d93e97e30380c297f,4d6b8cb1d482e5066f9ca575ebd3b67af4a32562
hac,100x,17,2026-06-15T15:06:09.868350+00:00,25.0,25.0,10.0,40.0,filtlong-dorado,14,59.04583138146731,True,True,False,1.0,ee7a50a277fef6153a1cc05f9cc2afd227e940efbd36a4c2b0abe9a57580901b,3e7cfddea1d70f28dbf0ec0a605e0a0e4201d8a77c82fc3d93e97e30380c297f,4d6b8cb1d482e5066f9ca575ebd3b67af4a32562
hac,100x,17,2026-06-15T15:06:09.868350+00:00,25.0,25.0,10.0,40.0,filtlong-barbell,15,59.001650369702745,True,True,False,1.0,ee7a50a277fef6153a1cc05f9cc2afd227e940efbd36a4c2b0abe9a57580901b,3e7cfddea1d70f28dbf0ec0a605e0a0e4201d8a77c82fc3d93e97e30380c297f,4d6b8cb1d482e5066f9ca575ebd3b67af4a32562
hac,100x,17,2026-06-15T15:06:09.868350+00:00,25.0,25.0,10.0,40.0,filtlong-porechop_abi,16,58.80038151160931,True,True,False,1.0,ee7a50a277fef6153a1cc05f9cc2afd227e940efbd36a4c2b0abe9a57580901b,3e7cfddea1d70f28dbf0ec0a605e0a0e4201d8a77c82fc3d93e97e30380c297f,4d6b8cb1d482e5066f9ca575ebd3b67af4a32562
hac,100x,17,2026-06-15T15:06:09.868350+00:00,25.0,25.0,10.0,40.0,filtlong-untrimmed,17,58.793953642605835,True,True,False,1.0,ee7a50a277fef6153a1cc05f9cc2afd227e940efbd36a4c2b0abe9a57580901b,3e7cfddea1d70f28dbf0ec0a605e0a0e4201d8a77c82fc3d93e97e30380c297f,4d6b8cb1d482e5066f9ca575ebd3b67af4a32562
hac,100x,18,2026-06-16T15:11:47.298850+00:00,20.0,40.0,15.0,25.0,seqkit-barbell,1,99.05213463257442,True,True,True,1.0,ee7a50a277fef6153a1cc05f9cc2afd227e940efbd36a4c2b0abe9a57580901b,3e7cfddea1d70f28dbf0ec0a605e0a0e4201d8a77c82fc3d93e97e30380c297f,4d6b8cb1d482e5066f9ca575ebd3b67af4a32562
hac,100x,18,2026-06-16T15:11:47.298850+00:00,20.0,40.0,15.0,25.0,seqkit-dorado,2,99.0336263697932,True,True,False,1.0,ee7a50a277fef6153a1cc05f9cc2afd227e940efbd36a4c2b0abe9a57580901b,3e7cfddea1d70f28dbf0ec0a605e0a0e4201d8a77c82fc3d93e97e30380c297f,4d6b8cb1d482e5066f9ca575ebd3b67af4a32562
hac,100x,18,2026-06-16T15:11:47.298850+00:00,20.0,40.0,15.0,25.0,chopper-barbell,3,98.959790438926,True,True,False,1.0,ee7a50a277fef6153a1cc05f9cc2afd227e940efbd36a4c2b0abe9a57580901b,3e7cfddea1d70f28dbf0ec0a605e0a0e4201d8a77c82fc3d93e97e30380c297f,4d6b8cb1d482e5066f9ca575ebd3b67af4a32562
hac,100x,18,2026-06-16T15:11:47.298850+00:00,20.0,40.0,15.0,25.0,chopper-dorado,4,98.89807627273963,True,True,False,1.0,ee7a50a277fef6153a1cc05f9cc2afd227e940efbd36a4c2b0abe9a57580901b,3e7cfddea1d70f28dbf0ec0a605e0a0e4201d8a77c82fc3d93e97e30380c297f,4d6b8cb1d482e5066f9ca575ebd3b67af4a32562
hac,100x,18,2026-06-16T15:11:47.298850+00:00,20.0,40.0,15.0,25.0,seqkit-porechop_abi,5,98.86905915087655,True,True,False,1.0,ee7a50a277fef6153a1cc05f9cc2afd227e940efbd36a4c2b0abe9a57580901b,3e7cfddea1d70f28dbf0ec0a605e0a0e4201d8a77c82fc3d93e97e30380c297f,4d6b8cb1d482e5066f9ca575ebd3b67af4a32562
hac,100x,18,2026-06-16T15:11:47.298850+00:00,20.0,40.0,15.0,25.0,unprocessed-barbell,6,98.69060023272178,True,True,False,1.0,ee7a50a277fef6153a1cc05f9cc2afd227e940efbd36a4c2b0abe9a57580901b,3e7cfddea1d70f28dbf0ec0a605e0a0e4201d8a77c82fc3d93e97e30380c297f,4d6b8cb1d482e5066f9ca575ebd3b67af4a32562
hac,100x,18,2026-06-16T15:11:47.298850+00:00,20.0,40.0,15.0,25.0,unprocessed-dorado,7,97.75824966303848,True,True,False,1.0,ee7a50a277fef6153a1cc05f9cc2afd227e940efbd36a4c2b0abe9a57580901b,3e7cfddea1d70f28dbf0ec0a605e0a0e4201d8a77c82fc3d93e97e30380c297f,4d6b8cb1d482e5066f9ca575ebd3b67af4a32562
hac,100x,18,2026-06-16T15:11:47.298850+00:00,20.0,40.0,15.0,25.0,unprocessed-untrimmed,8,96.57939595490429,True,False,False,1.0,ee7a50a277fef6153a1cc05f9cc2afd227e940efbd36a4c2b0abe9a57580901b,3e7cfddea1d70f28dbf0ec0a605e0a0e4201d8a77c82fc3d93e97e30380c297f,4d6b8cb1d482e5066f9ca575ebd3b67af4a32562
hac,100x,18,2026-06-16T15:11:47.298850+00:00,20.0,40.0,15.0,25.0,seqkit-untrimmed,9,95.41213930501003,True,False,False,1.0,ee7a50a277fef6153a1cc05f9cc2afd227e940efbd36a4c2b0abe9a57580901b,3e7cfddea1d70f28dbf0ec0a605e0a0e4201d8a77c82fc3d93e97e30380c297f,4d6b8cb1d482e5066f9ca575ebd3b67af4a32562
hac,100x,18,2026-06-16T15:11:47.298850+00:00,20.0,40.0,15.0,25.0,chopper-untrimmed,10,93.65376295366164,True,False,False,1.0,ee7a50a277fef6153a1cc05f9cc2afd227e940efbd36a4c2b0abe9a57580901b,3e7cfddea1d70f28dbf0ec0a605e0a0e4201d8a77c82fc3d93e97e30380c297f,4d6b8cb1d482e5066f9ca575ebd3b67af4a32562
hac,100x,18,2026-06-16T15:11:47.298850+00:00,20.0,40.0,15.0,25.0,fastplong-all,11,90.52956189478247,True,True,False,1.0,ee7a50a277fef6153a1cc05f9cc2afd227e940efbd36a4c2b0abe9a57580901b,3e7cfddea1d70f28dbf0ec0a605e0a0e4201d8a77c82fc3d93e97e30380c297f,4d6b8cb1d482e5066f9ca575ebd3b67af4a32562
hac,100x,18,2026-06-16T15:11:47.298850+00:00,20.0,40.0,15.0,25.0,chopper-porechop_abi,12,90.46937207017477,True,True,False,1.0,ee7a50a277fef6153a1cc05f9cc2afd227e940efbd36a4c2b0abe9a57580901b,3e7cfddea1d70f28dbf0ec0a605e0a0e4201d8a77c82fc3d93e97e30380c297f,4d6b8cb1d482e5066f9ca575ebd3b67af4a32562
hac,100x,18,2026-06-16T15:11:47.298850+00:00,20.0,40.0,15.0,25.0,unprocessed-porechop_abi,13,90.44031838344726,True,True,False,1.0,ee7a50a277fef6153a1cc05f9cc2afd227e940efbd36a4c2b0abe9a57580901b,3e7cfddea1d70f28dbf0ec0a605e0a0e4201d8a77c82fc3d93e97e30380c297f,4d6b8cb1d482e5066f9ca575ebd3b67af4a32562
hac,100x,18,2026-06-16T15:11:47.298850+00:00,20.0,40.0,15.0,25.0,filtlong-dorado,14,74.23640713342462,True,True,False,1.0,ee7a50a277fef6153a1cc05f9cc2afd227e940efbd36a4c2b0abe9a57580901b,3e7cfddea1d70f28dbf0ec0a605e0a0e4201d8a77c82fc3d93e97e30380c297f,4d6b8cb1d482e5066f9ca575ebd3b67af4a32562
hac,100x,18,2026-06-16T15:11:47.298850+00:00,20.0,40.0,15.0,25.0,filtlong-barbell,15,74.20110212998594,True,True,False,1.0,ee7a50a277fef6153a1cc05f9cc2afd227e940efbd36a4c2b0abe9a57580901b,3e7cfddea1d70f28dbf0ec0a605e0a0e4201d8a77c82fc3d93e97e30380c297f,4d6b8cb1d482e5066f9ca575ebd3b67af4a32562
hac,100x,18,2026-06-16T15:11:47.298850+00:00,20.0,40.0,15.0,25.0,filtlong-porechop_abi,16,74.03907195703643,True,True,False,1.0,ee7a50a277fef6153a1cc05f9cc2afd227e940efbd36a4c2b0abe9a57580901b,3e7cfddea1d70f28dbf0ec0a605e0a0e4201d8a77c82fc3d93e97e30380c297f,4d6b8cb1d482e5066f9ca575ebd3b67af4a32562
hac,100x,18,2026-06-16T15:11:47.298850+00:00,20.0,40.0,15.0,25.0,filtlong-untrimmed,17,74.03494121278473,True,True,False,1.0,ee7a50a277fef6153a1cc05f9cc2afd227e940efbd36a4c2b0abe9a57580901b,3e7cfddea1d70f28dbf0ec0a605e0a0e4201d8a77c82fc3d93e97e30380c297f,4d6b8cb1d482e5066f9ca575ebd3b67af4a32562
hac,100x,19,2026-06-19T04:21:03.491271+00:00,30.0,10.0,10.0,50.0,seqkit-barbell,1,98.57841827352823,True,True,True,1.0,ee7a50a277fef6153a1cc05f9cc2afd227e940efbd36a4c2b0abe9a57580901b,3e7cfddea1d70f28dbf0ec0a605e0a0e4201d8a77c82fc3d93e97e30380c297f,4d6b8cb1d482e5066f9ca575ebd3b67af4a32562
hac,100x,19,2026-06-19T04:21:03.491271+00:00,30.0,10.0,10.0,50.0,seqkit-dorado,2,98.550714284756,True,True,False,1.0,ee7a50a277fef6153a1cc05f9cc2afd227e940efbd36a4c2b0abe9a57580901b,3e7cfddea1d70f28dbf0ec0a605e0a0e4201d8a77c82fc3d93e97e30380c297f,4d6b8cb1d482e5066f9ca575ebd3b67af4a32562
hac,100x,19,2026-06-19T04:21:03.491271+00:00,30.0,10.0,10.0,50.0,chopper-barbell,3,98.4399476097315,True,True,False,1.0,ee7a50a277fef6153a1cc05f9cc2afd227e940efbd36a4c2b0abe9a57580901b,3e7cfddea1d70f28dbf0ec0a605e0a0e4201d8a77c82fc3d93e97e30380c297f,4d6b8cb1d482e5066f9ca575ebd3b67af4a32562
hac,100x,19,2026-06-19T04:21:03.491271+00:00,30.0,10.0,10.0,50.0,chopper-dorado,4,98.34759599126184,True,True,False,1.0,ee7a50a277fef6153a1cc05f9cc2afd227e940efbd36a4c2b0abe9a57580901b,3e7cfddea1d70f28dbf0ec0a605e0a0e4201d8a77c82fc3d93e97e30380c297f,4d6b8cb1d482e5066f9ca575ebd3b67af4a32562
hac,100x,19,2026-06-19T04:21:03.491271+00:00,30.0,10.0,10.0,50.0,seqkit-porechop_abi,5,98.3038032492576,True,True,False,1.0,ee7a50a277fef6153a1cc05f9cc2afd227e940efbd36a4c2b0abe9a57580901b,3e7cfddea1d70f28dbf0ec0a605e0a0e4201d8a77c82fc3d93e97e30380c297f,4d6b8cb1d482e5066f9ca575ebd3b67af4a32562
hac,100x,19,2026-06-19T04:21:03.491271+00:00,30.0,10.0,10.0,50.0,unprocessed-barbell,6,98.03611159664199,True,True,False,1.0,ee7a50a277fef6153a1cc05f9cc2afd227e940efbd36a4c2b0abe9a57580901b,3e7cfddea1d70f28dbf0ec0a605e0a0e4201d8a77c82fc3d93e97e30380c297f,4d6b8cb1d482e5066f9ca575ebd3b67af4a32562
hac,100x,19,2026-06-19T04:21:03.491271+00:00,30.0,10.0,10.0,50.0,unprocessed-dorado,7,97.599177800375,True,True,False,1.0,ee7a50a277fef6153a1cc05f9cc2afd227e940efbd36a4c2b0abe9a57580901b,3e7cfddea1d70f28dbf0ec0a605e0a0e4201d8a77c82fc3d93e97e30380c297f,4d6b8cb1d482e5066f9ca575ebd3b67af4a32562
hac,100x,19,2026-06-19T04:21:03.491271+00:00,30.0,10.0,10.0,50.0,unprocessed-untrimmed,8,96.792925911803,True,True,False,1.0,ee7a50a277fef6153a1cc05f9cc2afd227e940efbd36a4c2b0abe9a57580901b,3e7cfddea1d70f28dbf0ec0a605e0a0e4201d8a77c82fc3d93e97e30380c297f,4d6b8cb1d482e5066f9ca575ebd3b67af4a32562
hac,100x,19,2026-06-19T04:21:03.491271+00:00,30.0,10.0,10.0,50.0,seqkit-untrimmed,9,96.00303482625252,True,True,False,1.0,ee7a50a277fef6153a1cc05f9cc2afd227e940efbd36a4c2b0abe9a57580901b,3e7cfddea1d70f28dbf0ec0a605e0a0e4201d8a77c82fc3d93e97e30380c297f,4d6b8cb1d482e5066f9ca575ebd3b67af4a32562
hac,100x,19,2026-06-19T04:21:03.491271+00:00,30.0,10.0,10.0,50.0,chopper-untrimmed,10,94.33267150764617,True,False,False,1.0,ee7a50a277fef6153a1cc05f9cc2afd227e940efbd36a4c2b0abe9a57580901b,3e7cfddea1d70f28dbf0ec0a605e0a0e4201d8a77c82fc3d93e97e30380c297f,4d6b8cb1d482e5066f9ca575ebd3b67af4a32562
hac,100x,19,2026-06-19T04:21:03.491271+00:00,30.0,10.0,10.0,50.0,fastplong-all,11,81.62790329420845,True,True,False,1.0,ee7a50a277fef6153a1cc05f9cc2afd227e940efbd36a4c2b0abe9a57580901b,3e7cfddea1d70f28dbf0ec0a605e0a0e4201d8a77c82fc3d93e97e30380c297f,4d6b8cb1d482e5066f9ca575ebd3b67af4a32562
hac,100x,19,2026-06-19T04:21:03.491271+00:00,30.0,10.0,10.0,50.0,chopper-porechop_abi,12,81.53785583805652,True,True,False,1.0,ee7a50a277fef6153a1cc05f9cc2afd227e940efbd36a4c2b0abe9a57580901b,3e7cfddea1d70f28dbf0ec0a605e0a0e4201d8a77c82fc3d93e97e30380c297f,4d6b8cb1d482e5066f9ca575ebd3b67af4a32562
hac,100x,19,2026-06-19T04:21:03.491271+00:00,30.0,10.0,10.0,50.0,unprocessed-porechop_abi,13,81.49405395483618,True,True,False,1.0,ee7a50a277fef6153a1cc05f9cc2afd227e940efbd36a4c2b0abe9a57580901b,3e7cfddea1d70f28dbf0ec0a605e0a0e4201d8a77c82fc3d93e97e30380c297f,4d6b8cb1d482e5066f9ca575ebd3b67af4a32562
hac,100x,19,2026-06-19T04:21:03.491271+00:00,30.0,10.0,10.0,50.0,filtlong-dorado,14,48.85525562950999,True,True,False,1.0,ee7a50a277fef6153a1cc05f9cc2afd227e940efbd36a4c2b0abe9a57580901b,3e7cfddea1d70f28dbf0ec0a605e0a0e4201d8a77c82fc3d93e97e30380c297f,4d6b8cb1d482e5066f9ca575ebd3b67af4a32562
hac,100x,19,2026-06-19T04:21:03.491271+00:00,30.0,10.0,10.0,50.0,filtlong-barbell,15,48.802198609419555,True,True,False,1.0,ee7a50a277fef6153a1cc05f9cc2afd227e940efbd36a4c2b0abe9a57580901b,3e7cfddea1d70f28dbf0ec0a605e0a0e4201d8a77c82fc3d93e97e30380c297f,4d6b8cb1d482e5066f9ca575ebd3b67af4a32562
hac,100x,19,2026-06-19T04:21:03.491271+00:00,30.0,10.0,10.0,50.0,filtlong-porechop_abi,16,48.561691066182185,True,True,False,1.0,ee7a50a277fef6153a1cc05f9cc2afd227e940efbd36a4c2b0abe9a57580901b,3e7cfddea1d70f28dbf0ec0a605e0a0e4201d8a77c82fc3d93e97e30380c297f,4d6b8cb1d482e5066f9ca575ebd3b67af4a32562
hac,100x,19,2026-06-19T04:21:03.491271+00:00,30.0,10.0,10.0,50.0,filtlong-untrimmed,17,48.552966072426955,True,True,False,1.0,ee7a50a277fef6153a1cc05f9cc2afd227e940efbd36a4c2b0abe9a57580901b,3e7cfddea1d70f28dbf0ec0a605e0a0e4201d8a77c82fc3d93e97e30380c297f,4d6b8cb1d482e5066f9ca575ebd3b67af4a32562
hac,100x,20,2026-06-19T11:30:26.936256+00:00,35.0,20.0,10.0,35.0,seqkit-barbell,1,98.34145193167181,True,True,True,1.0,ee7a50a277fef6153a1cc05f9cc2afd227e940efbd36a4c2b0abe9a57580901b,3e7cfddea1d70f28dbf0ec0a605e0a0e4201d8a77c82fc3d93e97e30380c297f,4d6b8cb1d482e5066f9ca575ebd3b67af4a32562
hac,100x,20,2026-06-19T11:30:26.936256+00:00,35.0,20.0,10.0,35.0,seqkit-dorado,2,98.3091208772043,True,True,False,1.0,ee7a50a277fef6153a1cc05f9cc2afd227e940efbd36a4c2b0abe9a57580901b,3e7cfddea1d70f28dbf0ec0a605e0a0e4201d8a77c82fc3d93e97e30380c297f,4d6b8cb1d482e5066f9ca575ebd3b67af4a32562
hac,100x,20,2026-06-19T11:30:26.936256+00:00,35.0,20.0,10.0,35.0,chopper-barbell,3,98.17989521946299,True,True,False,1.0,ee7a50a277fef6153a1cc05f9cc2afd227e940efbd36a4c2b0abe9a57580901b,3e7cfddea1d70f28dbf0ec0a605e0a0e4201d8a77c82fc3d93e97e30380c297f,4d6b8cb1d482e5066f9ca575ebd3b67af4a32562
hac,100x,20,2026-06-19T11:30:26.936256+00:00,35.0,20.0,10.0,35.0,chopper-dorado,4,98.07211505944674,True,True,False,1.0,ee7a50a277fef6153a1cc05f9cc2afd227e940efbd36a4c2b0abe9a57580901b,3e7cfddea1d70f28dbf0ec0a605e0a0e4201d8a77c82fc3d93e97e30380c297f,4d6b8cb1d482e5066f9ca575ebd3b67af4a32562
hac,100x,20,2026-06-19T11:30:26.936256+00:00,35.0,20.0,10.0,35.0,seqkit-porechop_abi,5,98.02106803697671,True,True,False,1.0,ee7a50a277fef6153a1cc05f9cc2afd227e940efbd36a4c2b0abe9a57580901b,3e7cfddea1d70f28dbf0ec0a605e0a0e4201d8a77c82fc3d93e97e30380c297f,4d6b8cb1d482e5066f9ca575ebd3b67af4a32562
hac,100x,20,2026-06-19T11:30:26.936256+00:00,35.0,20.0,10.0,35.0,unprocessed-barbell,6,97.70876165482242,True,True,False,1.0,ee7a50a277fef6153a1cc05f9cc2afd227e940efbd36a4c2b0abe9a57580901b,3e7cfddea1d70f28dbf0ec0a605e0a0e4201d8a77c82fc3d93e97e30380c297f,4d6b8cb1d482e5066f9ca575ebd3b67af4a32562
hac,100x,20,2026-06-19T11:30:26.936256+00:00,35.0,20.0,10.0,35.0,unprocessed-dorado,7,97.32720175459617,True,True,False,1.0,ee7a50a277fef6153a1cc05f9cc2afd227e940efbd36a4c2b0abe9a57580901b,3e7cfddea1d70f28dbf0ec0a605e0a0e4201d8a77c82fc3d93e97e30380c297f,4d6b8cb1d482e5066f9ca575ebd3b67af4a32562
hac,100x,20,2026-06-19T11:30:26.936256+00:00,35.0,20.0,10.0,35.0,unprocessed-untrimmed,8,96.51469797745214,True,True,False,1.0,ee7a50a277fef6153a1cc05f9cc2afd227e940efbd36a4c2b0abe9a57580901b,3e7cfddea1d70f28dbf0ec0a605e0a0e4201d8a77c82fc3d93e97e30380c297f,4d6b8cb1d482e5066f9ca575ebd3b67af4a32562
hac,100x,20,2026-06-19T11:30:26.936256+00:00,35.0,20.0,10.0,35.0,seqkit-untrimmed,9,95.72145426788963,True,True,False,1.0,ee7a50a277fef6153a1cc05f9cc2afd227e940efbd36a4c2b0abe9a57580901b,3e7cfddea1d70f28dbf0ec0a605e0a0e4201d8a77c82fc3d93e97e30380c297f,4d6b8cb1d482e5066f9ca575ebd3b67af4a32562
hac,100x,20,2026-06-19T11:30:26.936256+00:00,35.0,20.0,10.0,35.0,chopper-untrimmed,10,93.89995839990773,True,False,False,1.0,ee7a50a277fef6153a1cc05f9cc2afd227e940efbd36a4c2b0abe9a57580901b,3e7cfddea1d70f28dbf0ec0a605e0a0e4201d8a77c82fc3d93e97e30380c297f,4d6b8cb1d482e5066f9ca575ebd3b67af4a32562
hac,100x,20,2026-06-19T11:30:26.936256+00:00,35.0,20.0,10.0,35.0,fastplong-all,11,86.3436271012374,True,True,False,1.0,ee7a50a277fef6153a1cc05f9cc2afd227e940efbd36a4c2b0abe9a57580901b,3e7cfddea1d70f28dbf0ec0a605e0a0e4201d8a77c82fc3d93e97e30380c297f,4d6b8cb1d482e5066f9ca575ebd3b67af4a32562
hac,100x,20,2026-06-19T11:30:26.936256+00:00,35.0,20.0,10.0,35.0,chopper-porechop_abi,12,86.23853218893355,True,True,False,1.0,ee7a50a277fef6153a1cc05f9cc2afd227e940efbd36a4c2b0abe9a57580901b,3e7cfddea1d70f28dbf0ec0a605e0a0e4201d8a77c82fc3d93e97e30380c297f,4d6b8cb1d482e5066f9ca575ebd3b67af4a32562
hac,100x,20,2026-06-19T11:30:26.936256+00:00,35.0,20.0,10.0,35.0,unprocessed-porechop_abi,13,86.18746688403132,True,True,False,1.0,ee7a50a277fef6153a1cc05f9cc2afd227e940efbd36a4c2b0abe9a57580901b,3e7cfddea1d70f28dbf0ec0a605e0a0e4201d8a77c82fc3d93e97e30380c297f,4d6b8cb1d482e5066f9ca575ebd3b67af4a32562
hac,100x,20,2026-06-19T11:30:26.936256+00:00,35.0,20.0,10.0,35.0,filtlong-dorado,14,63.66435741286616,True,True,False,1.0,ee7a50a277fef6153a1cc05f9cc2afd227e940efbd36a4c2b0abe9a57580901b,3e7cfddea1d70f28dbf0ec0a605e0a0e4201d8a77c82fc3d93e97e30380c297f,4d6b8cb1d482e5066f9ca575ebd3b67af4a32562
hac,100x,20,2026-06-19T11:30:26.936256+00:00,35.0,20.0,10.0,35.0,filtlong-barbell,15,63.60247414191605,True,True,False,1.0,ee7a50a277fef6153a1cc05f9cc2afd227e940efbd36a4c2b0abe9a57580901b,3e7cfddea1d70f28dbf0ec0a605e0a0e4201d8a77c82fc3d93e97e30380c297f,4d6b8cb1d482e5066f9ca575ebd3b67af4a32562
hac,100x,20,2026-06-19T11:30:26.936256+00:00,35.0,20.0,10.0,35.0,filtlong-porechop_abi,16,63.321459055441295,True,True,False,1.0,ee7a50a277fef6153a1cc05f9cc2afd227e940efbd36a4c2b0abe9a57580901b,3e7cfddea1d70f28dbf0ec0a605e0a0e4201d8a77c82fc3d93e97e30380c297f,4d6b8cb1d482e5066f9ca575ebd3b67af4a32562
hac,100x,20,2026-06-19T11:30:26.936256+00:00,35.0,20.0,10.0,35.0,filtlong-untrimmed,17,63.31170137562313,True,True,False,1.0,ee7a50a277fef6153a1cc05f9cc2afd227e940efbd36a4c2b0abe9a57580901b,3e7cfddea1d70f28dbf0ec0a605e0a0e4201d8a77c82fc3d93e97e30380c297f,4d6b8cb1d482e5066f9ca575ebd3b67af4a32562
hac,100x,21,2026-06-26T07:42:14.138061+00:00,35.0,20.0,15.0,30.0,seqkit-barbell,1,98.34145193167181,True,True,True,1.0,ee7a50a277fef6153a1cc05f9cc2afd227e940efbd36a4c2b0abe9a57580901b,3e7cfddea1d70f28dbf0ec0a605e0a0e4201d8a77c82fc3d93e97e30380c297f,4d6b8cb1d482e5066f9ca575ebd3b67af4a32562
hac,100x,21,2026-06-26T07:42:14.138061+00:00,35.0,20.0,15.0,30.0,seqkit-dorado,2,98.3091208772043,True,True,False,1.0,ee7a50a277fef6153a1cc05f9cc2afd227e940efbd36a4c2b0abe9a57580901b,3e7cfddea1d70f28dbf0ec0a605e0a0e4201d8a77c82fc3d93e97e30380c297f,4d6b8cb1d482e5066f9ca575ebd3b67af4a32562
hac,100x,21,2026-06-26T07:42:14.138061+00:00,35.0,20.0,15.0,30.0,chopper-barbell,3,98.17989521946299,True,True,False,1.0,ee7a50a277fef6153a1cc05f9cc2afd227e940efbd36a4c2b0abe9a57580901b,3e7cfddea1d70f28dbf0ec0a605e0a0e4201d8a77c82fc3d93e97e30380c297f,4d6b8cb1d482e5066f9ca575ebd3b67af4a32562
hac,100x,21,2026-06-26T07:42:14.138061+00:00,35.0,20.0,15.0,30.0,chopper-dorado,4,98.07211505944674,True,True,False,1.0,ee7a50a277fef6153a1cc05f9cc2afd227e940efbd36a4c2b0abe9a57580901b,3e7cfddea1d70f28dbf0ec0a605e0a0e4201d8a77c82fc3d93e97e30380c297f,4d6b8cb1d482e5066f9ca575ebd3b67af4a32562
hac,100x,21,2026-06-26T07:42:14.138061+00:00,35.0,20.0,15.0,30.0,seqkit-porechop_abi,5,98.02106803697671,True,True,False,1.0,ee7a50a277fef6153a1cc05f9cc2afd227e940efbd36a4c2b0abe9a57580901b,3e7cfddea1d70f28dbf0ec0a605e0a0e4201d8a77c82fc3d93e97e30380c297f,4d6b8cb1d482e5066f9ca575ebd3b67af4a32562
hac,100x,21,2026-06-26T07:42:14.138061+00:00,35.0,20.0,15.0,30.0,unprocessed-barbell,6,97.70876165482242,True,True,False,1.0,ee7a50a277fef6153a1cc05f9cc2afd227e940efbd36a4c2b0abe9a57580901b,3e7cfddea1d70f28dbf0ec0a605e0a0e4201d8a77c82fc3d93e97e30380c297f,4d6b8cb1d482e5066f9ca575ebd3b67af4a32562
hac,100x,21,2026-06-26T07:42:14.138061+00:00,35.0,20.0,15.0,30.0,unprocessed-dorado,7,96.94258636998079,True,True,False,1.0,ee7a50a277fef6153a1cc05f9cc2afd227e940efbd36a4c2b0abe9a57580901b,3e7cfddea1d70f28dbf0ec0a605e0a0e4201d8a77c82fc3d93e97e30380c297f,4d6b8cb1d482e5066f9ca575ebd3b67af4a32562
hac,100x,21,2026-06-26T07:42:14.138061+00:00,35.0,20.0,15.0,30.0,unprocessed-untrimmed,8,95.74546720822138,True,False,False,1.0,ee7a50a277fef6153a1cc05f9cc2afd227e940efbd36a4c2b0abe9a57580901b,3e7cfddea1d70f28dbf0ec0a605e0a0e4201d8a77c82fc3d93e97e30380c297f,4d6b8cb1d482e5066f9ca575ebd3b67af4a32562
hac,100x,21,2026-06-26T07:42:14.138061+00:00,35.0,20.0,15.0,30.0,seqkit-untrimmed,9,94.56760811404347,True,False,False,1.0,ee7a50a277fef6153a1cc05f9cc2afd227e940efbd36a4c2b0abe9a57580901b,3e7cfddea1d70f28dbf0ec0a605e0a0e4201d8a77c82fc3d93e97e30380c297f,4d6b8cb1d482e5066f9ca575ebd3b67af4a32562
hac,100x,21,2026-06-26T07:42:14.138061+00:00,35.0,20.0,15.0,30.0,chopper-untrimmed,10,92.36149686144621,True,False,False,1.0,ee7a50a277fef6153a1cc05f9cc2afd227e940efbd36a4c2b0abe9a57580901b,3e7cfddea1d70f28dbf0ec0a605e0a0e4201d8a77c82fc3d93e97e30380c297f,4d6b8cb1d482e5066f9ca575ebd3b67af4a32562
hac,100x,21,2026-06-26T07:42:14.138061+00:00,35.0,20.0,15.0,30.0,fastplong-all,11,88.01029376790406,True,True,False,1.0,ee7a50a277fef6153a1cc05f9cc2afd227e940efbd36a4c2b0abe9a57580901b,3e7cfddea1d70f28dbf0ec0a605e0a0e4201d8a77c82fc3d93e97e30380c297f,4d6b8cb1d482e5066f9ca575ebd3b67af4a32562
hac,100x,21,2026-06-26T07:42:14.138061+00:00,35.0,20.0,15.0,30.0,chopper-porechop_abi,12,87.9051988556002,True,True,False,1.0,ee7a50a277fef6153a1cc05f9cc2afd227e940efbd36a4c2b0abe9a57580901b,3e7cfddea1d70f28dbf0ec0a605e0a0e4201d8a77c82fc3d93e97e30380c297f,4d6b8cb1d482e5066f9ca575ebd3b67af4a32562
hac,100x,21,2026-06-26T07:42:14.138061+00:00,35.0,20.0,15.0,30.0,unprocessed-porechop_abi,13,87.854133550698,True,True,False,1.0,ee7a50a277fef6153a1cc05f9cc2afd227e940efbd36a4c2b0abe9a57580901b,3e7cfddea1d70f28dbf0ec0a605e0a0e4201d8a77c82fc3d93e97e30380c297f,4d6b8cb1d482e5066f9ca575ebd3b67af4a32562
hac,100x,21,2026-06-26T07:42:14.138061+00:00,35.0,20.0,15.0,30.0,filtlong-dorado,14,68.66435741286615,True,True,False,1.0,ee7a50a277fef6153a1cc05f9cc2afd227e940efbd36a4c2b0abe9a57580901b,3e7cfddea1d70f28dbf0ec0a605e0a0e4201d8a77c82fc3d93e97e30380c297f,4d6b8cb1d482e5066f9ca575ebd3b67af4a32562
hac,100x,21,2026-06-26T07:42:14.138061+00:00,35.0,20.0,15.0,30.0,filtlong-barbell,15,68.60247414191605,True,True,False,1.0,ee7a50a277fef6153a1cc05f9cc2afd227e940efbd36a4c2b0abe9a57580901b,3e7cfddea1d70f28dbf0ec0a605e0a0e4201d8a77c82fc3d93e97e30380c297f,4d6b8cb1d482e5066f9ca575ebd3b67af4a32562
hac,100x,21,2026-06-26T07:42:14.138061+00:00,35.0,20.0,15.0,30.0,filtlong-porechop_abi,16,68.3214590554413,True,True,False,1.0,ee7a50a277fef6153a1cc05f9cc2afd227e940efbd36a4c2b0abe9a57580901b,3e7cfddea1d70f28dbf0ec0a605e0a0e4201d8a77c82fc3d93e97e30380c297f,4d6b8cb1d482e5066f9ca575ebd3b67af4a32562
hac,100x,21,2026-06-26T07:42:14.138061+00:00,35.0,20.0,15.0,30.0,filtlong-untrimmed,17,68.31170137562313,True,True,False,1.0,ee7a50a277fef6153a1cc05f9cc2afd227e940efbd36a4c2b0abe9a57580901b,3e7cfddea1d70f28dbf0ec0a605e0a0e4201d8a77c82fc3d93e97e30380c297f,4d6b8cb1d482e5066f9ca575ebd3b67af4a32562
hac,100x,22,2026-07-17T05:15:29.320201+00:00,10.0,60.0,5.0,25.0,seqkit-barbell,1,99.52589425655395,True,True,True,1.0,ee7a50a277fef6153a1cc05f9cc2afd227e940efbd36a4c2b0abe9a57580901b,3e7cfddea1d70f28dbf0ec0a605e0a0e4201d8a77c82fc3d93e97e30380c297f,4d6b8cb1d482e5066f9ca575ebd3b67af4a32562
hac,100x,22,2026-07-17T05:15:29.320201+00:00,10.0,60.0,5.0,25.0,seqkit-dorado,2,99.51659340084363,True,True,False,1.0,ee7a50a277fef6153a1cc05f9cc2afd227e940efbd36a4c2b0abe9a57580901b,3e7cfddea1d70f28dbf0ec0a605e0a0e4201d8a77c82fc3d93e97e30380c297f,4d6b8cb1d482e5066f9ca575ebd3b67af4a32562
hac,100x,22,2026-07-17T05:15:29.320201+00:00,10.0,60.0,5.0,25.0,chopper-barbell,3,99.47968565838903,True,True,False,1.0,ee7a50a277fef6153a1cc05f9cc2afd227e940efbd36a4c2b0abe9a57580901b,3e7cfddea1d70f28dbf0ec0a605e0a0e4201d8a77c82fc3d93e97e30380c297f,4d6b8cb1d482e5066f9ca575ebd3b67af4a32562
hac,100x,22,2026-07-17T05:15:29.320201+00:00,10.0,60.0,5.0,25.0,chopper-dorado,4,99.44865287064793,True,True,False,1.0,ee7a50a277fef6153a1cc05f9cc2afd227e940efbd36a4c2b0abe9a57580901b,3e7cfddea1d70f28dbf0ec0a605e0a0e4201d8a77c82fc3d93e97e30380c297f,4d6b8cb1d482e5066f9ca575ebd3b67af4a32562
hac,100x,22,2026-07-17T05:15:29.320201+00:00,10.0,60.0,5.0,25.0,seqkit-porechop_abi,5,99.43435795708405,True,True,False,1.0,ee7a50a277fef6153a1cc05f9cc2afd227e940efbd36a4c2b0abe9a57580901b,3e7cfddea1d70f28dbf0ec0a605e0a0e4201d8a77c82fc3d93e97e30380c297f,4d6b8cb1d482e5066f9ca575ebd3b67af4a32562
hac,100x,22,2026-07-17T05:15:29.320201+00:00,10.0,60.0,5.0,25.0,unprocessed-barbell,6,99.34513111831342,True,True,False,1.0,ee7a50a277fef6153a1cc05f9cc2afd227e940efbd36a4c2b0abe9a57580901b,3e7cfddea1d70f28dbf0ec0a605e0a0e4201d8a77c82fc3d93e97e30380c297f,4d6b8cb1d482e5066f9ca575ebd3b67af4a32562
hac,100x,22,2026-07-17T05:15:29.320201+00:00,10.0,60.0,5.0,25.0,unprocessed-dorado,7,99.07122064840387,True,True,False,1.0,ee7a50a277fef6153a1cc05f9cc2afd227e940efbd36a4c2b0abe9a57580901b,3e7cfddea1d70f28dbf0ec0a605e0a0e4201d8a77c82fc3d93e97e30380c297f,4d6b8cb1d482e5066f9ca575ebd3b67af4a32562
hac,100x,22,2026-07-17T05:15:29.320201+00:00,10.0,60.0,5.0,25.0,unprocessed-untrimmed,8,98.6737093169718,True,True,False,1.0,ee7a50a277fef6153a1cc05f9cc2afd227e940efbd36a4c2b0abe9a57580901b,3e7cfddea1d70f28dbf0ec0a605e0a0e4201d8a77c82fc3d93e97e30380c297f,4d6b8cb1d482e5066f9ca575ebd3b67af4a32562
hac,100x,22,2026-07-17T05:15:29.320201+00:00,10.0,60.0,5.0,25.0,seqkit-untrimmed,9,98.28282434213041,True,True,False,1.0,ee7a50a277fef6153a1cc05f9cc2afd227e940efbd36a4c2b0abe9a57580901b,3e7cfddea1d70f28dbf0ec0a605e0a0e4201d8a77c82fc3d93e97e30380c297f,4d6b8cb1d482e5066f9ca575ebd3b67af4a32562
hac,100x,22,2026-07-17T05:15:29.320201+00:00,10.0,60.0,5.0,25.0,chopper-untrimmed,10,97.59141366126168,True,True,False,1.0,ee7a50a277fef6153a1cc05f9cc2afd227e940efbd36a4c2b0abe9a57580901b,3e7cfddea1d70f28dbf0ec0a605e0a0e4201d8a77c82fc3d93e97e30380c297f,4d6b8cb1d482e5066f9ca575ebd3b67af4a32562
hac,100x,22,2026-07-17T05:15:29.320201+00:00,10.0,60.0,5.0,25.0,fastplong-all,11,91.09793258576346,True,True,False,1.0,ee7a50a277fef6153a1cc05f9cc2afd227e940efbd36a4c2b0abe9a57580901b,3e7cfddea1d70f28dbf0ec0a605e0a0e4201d8a77c82fc3d93e97e30380c297f,4d6b8cb1d482e5066f9ca575ebd3b67af4a32562
hac,100x,22,2026-07-17T05:15:29.320201+00:00,10.0,60.0,5.0,25.0,chopper-porechop_abi,12,91.0676478488519,True,True,False,1.0,ee7a50a277fef6153a1cc05f9cc2afd227e940efbd36a4c2b0abe9a57580901b,3e7cfddea1d70f28dbf0ec0a605e0a0e4201d8a77c82fc3d93e97e30380c297f,4d6b8cb1d482e5066f9ca575ebd3b67af4a32562
hac,100x,22,2026-07-17T05:15:29.320201+00:00,10.0,60.0,5.0,25.0,unprocessed-porechop_abi,13,91.05329808799141,True,True,False,1.0,ee7a50a277fef6153a1cc05f9cc2afd227e940efbd36a4c2b0abe9a57580901b,3e7cfddea1d70f28dbf0ec0a605e0a0e4201d8a77c82fc3d93e97e30380c297f,4d6b8cb1d482e5066f9ca575ebd3b67af4a32562
hac,100x,22,2026-07-17T05:15:29.320201+00:00,10.0,60.0,5.0,25.0,filtlong-dorado,14,74.61768762321385,True,True,False,1.0,ee7a50a277fef6153a1cc05f9cc2afd227e940efbd36a4c2b0abe9a57580901b,3e7cfddea1d70f28dbf0ec0a605e0a0e4201d8a77c82fc3d93e97e30380c297f,4d6b8cb1d482e5066f9ca575ebd3b67af4a32562
hac,100x,22,2026-07-17T05:15:29.320201+00:00,10.0,60.0,5.0,25.0,filtlong-barbell,15,74.60011473344045,True,True,False,1.0,ee7a50a277fef6153a1cc05f9cc2afd227e940efbd36a4c2b0abe9a57580901b,3e7cfddea1d70f28dbf0ec0a605e0a0e4201d8a77c82fc3d93e97e30380c297f,4d6b8cb1d482e5066f9ca575ebd3b67af4a32562
hac,100x,22,2026-07-17T05:15:29.320201+00:00,10.0,60.0,5.0,25.0,filtlong-porechop_abi,16,74.51706947401618,True,True,False,1.0,ee7a50a277fef6153a1cc05f9cc2afd227e940efbd36a4c2b0abe9a57580901b,3e7cfddea1d70f28dbf0ec0a605e0a0e4201d8a77c82fc3d93e97e30380c297f,4d6b8cb1d482e5066f9ca575ebd3b67af4a32562
hac,100x,22,2026-07-17T05:15:29.320201+00:00,10.0,60.0,5.0,25.0,filtlong-untrimmed,17,74.51702720379248,True,True,False,1.0,ee7a50a277fef6153a1cc05f9cc2afd227e940efbd36a4c2b0abe9a57580901b,3e7cfddea1d70f28dbf0ec0a605e0a0e4201d8a77c82fc3d93e97e30380c297f,4d6b8cb1d482e5066f9ca575ebd3b67af4a32562
sup,20x,1,2026-06-11T03:58:21.440403+00:00,40.0,35.0,5.0,20.0,chopper-porechop_abi,1,96.43865113093334,True,True,True,1.0,ee7a50a277fef6153a1cc05f9cc2afd227e940efbd36a4c2b0abe9a57580901b,3e7cfddea1d70f28dbf0ec0a605e0a0e4201d8a77c82fc3d93e97e30380c297f,4d6b8cb1d482e5066f9ca575ebd3b67af4a32562
sup,20x,1,2026-06-11T03:58:21.440403+00:00,40.0,35.0,5.0,20.0,chopper-dorado,2,96.07009970343579,True,True,False,1.0,ee7a50a277fef6153a1cc05f9cc2afd227e940efbd36a4c2b0abe9a57580901b,3e7cfddea1d70f28dbf0ec0a605e0a0e4201d8a77c82fc3d93e97e30380c297f,4d6b8cb1d482e5066f9ca575ebd3b67af4a32562
sup,20x,1,2026-06-11T03:58:21.440403+00:00,40.0,35.0,5.0,20.0,unprocessed-dorado,3,95.50059308342257,True,True,False,1.0,ee7a50a277fef6153a1cc05f9cc2afd227e940efbd36a4c2b0abe9a57580901b,3e7cfddea1d70f28dbf0ec0a605e0a0e4201d8a77c82fc3d93e97e30380c297f,4d6b8cb1d482e5066f9ca575ebd3b67af4a32562
sup,20x,1,2026-06-11T03:58:21.440403+00:00,40.0,35.0,5.0,20.0,unprocessed-porechop_abi,4,95.23668045403579,True,True,False,1.0,ee7a50a277fef6153a1cc05f9cc2afd227e940efbd36a4c2b0abe9a57580901b,3e7cfddea1d70f28dbf0ec0a605e0a0e4201d8a77c82fc3d93e97e30380c297f,4d6b8cb1d482e5066f9ca575ebd3b67af4a32562
sup,20x,1,2026-06-11T03:58:21.440403+00:00,40.0,35.0,5.0,20.0,seqkit-untrimmed,5,94.75995856745958,True,True,False,1.0,ee7a50a277fef6153a1cc05f9cc2afd227e940efbd36a4c2b0abe9a57580901b,3e7cfddea1d70f28dbf0ec0a605e0a0e4201d8a77c82fc3d93e97e30380c297f,4d6b8cb1d482e5066f9ca575ebd3b67af4a32562
sup,20x,1,2026-06-11T03:58:21.440403+00:00,40.0,35.0,5.0,20.0,chopper-untrimmed,6,94.26530881155773,True,True,False,1.0,ee7a50a277fef6153a1cc05f9cc2afd227e940efbd36a4c2b0abe9a57580901b,3e7cfddea1d70f28dbf0ec0a605e0a0e4201d8a77c82fc3d93e97e30380c297f,4d6b8cb1d482e5066f9ca575ebd3b67af4a32562
sup,20x,1,2026-06-11T03:58:21.440403+00:00,40.0,35.0,5.0,20.0,fastplong-all,7,93.41005776148772,True,True,False,1.0,ee7a50a277fef6153a1cc05f9cc2afd227e940efbd36a4c2b0abe9a57580901b,3e7cfddea1d70f28dbf0ec0a605e0a0e4201d8a77c82fc3d93e97e30380c297f,4d6b8cb1d482e5066f9ca575ebd3b67af4a32562
sup,20x,1,2026-06-11T03:58:21.440403+00:00,40.0,35.0,5.0,20.0,unprocessed-untrimmed,8,89.5800025253489,True,False,False,1.0,ee7a50a277fef6153a1cc05f9cc2afd227e940efbd36a4c2b0abe9a57580901b,3e7cfddea1d70f28dbf0ec0a605e0a0e4201d8a77c82fc3d93e97e30380c297f,4d6b8cb1d482e5066f9ca575ebd3b67af4a32562
sup,20x,1,2026-06-11T03:58:21.440403+00:00,40.0,35.0,5.0,20.0,seqkit-dorado,9,87.64028225445617,True,False,False,1.0,ee7a50a277fef6153a1cc05f9cc2afd227e940efbd36a4c2b0abe9a57580901b,3e7cfddea1d70f28dbf0ec0a605e0a0e4201d8a77c82fc3d93e97e30380c297f,4d6b8cb1d482e5066f9ca575ebd3b67af4a32562
sup,20x,1,2026-06-11T03:58:21.440403+00:00,40.0,35.0,5.0,20.0,unprocessed-barbell,10,86.44695334594657,True,True,False,1.0,ee7a50a277fef6153a1cc05f9cc2afd227e940efbd36a4c2b0abe9a57580901b,3e7cfddea1d70f28dbf0ec0a605e0a0e4201d8a77c82fc3d93e97e30380c297f,4d6b8cb1d482e5066f9ca575ebd3b67af4a32562
sup,20x,1,2026-06-11T03:58:21.440403+00:00,40.0,35.0,5.0,20.0,seqkit-porechop_abi,11,86.04847637883275,True,True,False,1.0,ee7a50a277fef6153a1cc05f9cc2afd227e940efbd36a4c2b0abe9a57580901b,3e7cfddea1d70f28dbf0ec0a605e0a0e4201d8a77c82fc3d93e97e30380c297f,4d6b8cb1d482e5066f9ca575ebd3b67af4a32562
sup,20x,1,2026-06-11T03:58:21.440403+00:00,40.0,35.0,5.0,20.0,seqkit-barbell,12,85.94058569649368,True,True,False,1.0,ee7a50a277fef6153a1cc05f9cc2afd227e940efbd36a4c2b0abe9a57580901b,3e7cfddea1d70f28dbf0ec0a605e0a0e4201d8a77c82fc3d93e97e30380c297f,4d6b8cb1d482e5066f9ca575ebd3b67af4a32562
sup,20x,1,2026-06-11T03:58:21.440403+00:00,40.0,35.0,5.0,20.0,chopper-barbell,13,79.39971969925553,True,False,False,1.0,ee7a50a277fef6153a1cc05f9cc2afd227e940efbd36a4c2b0abe9a57580901b,3e7cfddea1d70f28dbf0ec0a605e0a0e4201d8a77c82fc3d93e97e30380c297f,4d6b8cb1d482e5066f9ca575ebd3b67af4a32562
sup,20x,1,2026-06-11T03:58:21.440403+00:00,40.0,35.0,5.0,20.0,filtlong-untrimmed,14,75.8514984229725,True,True,False,1.0,ee7a50a277fef6153a1cc05f9cc2afd227e940efbd36a4c2b0abe9a57580901b,3e7cfddea1d70f28dbf0ec0a605e0a0e4201d8a77c82fc3d93e97e30380c297f,4d6b8cb1d482e5066f9ca575ebd3b67af4a32562
sup,20x,1,2026-06-11T03:58:21.440403+00:00,40.0,35.0,5.0,20.0,filtlong-dorado,15,75.7553222178611,True,True,False,1.0,ee7a50a277fef6153a1cc05f9cc2afd227e940efbd36a4c2b0abe9a57580901b,3e7cfddea1d70f28dbf0ec0a605e0a0e4201d8a77c82fc3d93e97e30380c297f,4d6b8cb1d482e5066f9ca575ebd3b67af4a32562
sup,20x,1,2026-06-11T03:58:21.440403+00:00,40.0,35.0,5.0,20.0,filtlong-porechop_abi,16,75.2762137271576,True,True,False,1.0,ee7a50a277fef6153a1cc05f9cc2afd227e940efbd36a4c2b0abe9a57580901b,3e7cfddea1d70f28dbf0ec0a605e0a0e4201d8a77c82fc3d93e97e30380c297f,4d6b8cb1d482e5066f9ca575ebd3b67af4a32562
sup,20x,1,2026-06-11T03:58:21.440403+00:00,40.0,35.0,5.0,20.0,filtlong-barbell,17,66.10175595130436,True,False,False,1.0,ee7a50a277fef6153a1cc05f9cc2afd227e940efbd36a4c2b0abe9a57580901b,3e7cfddea1d70f28dbf0ec0a605e0a0e4201d8a77c82fc3d93e97e30380c297f,4d6b8cb1d482e5066f9ca575ebd3b67af4a32562
sup,20x,2,2026-06-11T04:07:26.649433+00:00,30.0,20.0,35.0,15.0,chopper-porechop_abi,1,97.33032811877509,True,True,True,1.0,ee7a50a277fef6153a1cc05f9cc2afd227e940efbd36a4c2b0abe9a57580901b,3e7cfddea1d70f28dbf0ec0a605e0a0e4201d8a77c82fc3d93e97e30380c297f,4d6b8cb1d482e5066f9ca575ebd3b67af4a32562
sup,20x,2,2026-06-11T04:07:26.649433+00:00,30.0,20.0,35.0,15.0,chopper-dorado,2,97.05544158877649,True,True,False,1.0,ee7a50a277fef6153a1cc05f9cc2afd227e940efbd36a4c2b0abe9a57580901b,3e7cfddea1d70f28dbf0ec0a605e0a0e4201d8a77c82fc3d93e97e30380c297f,4d6b8cb1d482e5066f9ca575ebd3b67af4a32562
sup,20x,2,2026-06-11T04:07:26.649433+00:00,30.0,20.0,35.0,15.0,unprocessed-dorado,3,96.62561363008763,True,True,False,1.0,ee7a50a277fef6153a1cc05f9cc2afd227e940efbd36a4c2b0abe9a57580901b,3e7cfddea1d70f28dbf0ec0a605e0a0e4201d8a77c82fc3d93e97e30380c297f,4d6b8cb1d482e5066f9ca575ebd3b67af4a32562
sup,20x,2,2026-06-11T04:07:26.649433+00:00,30.0,20.0,35.0,15.0,unprocessed-porechop_abi,4,96.42755366604244,True,True,False,1.0,ee7a50a277fef6153a1cc05f9cc2afd227e940efbd36a4c2b0abe9a57580901b,3e7cfddea1d70f28dbf0ec0a605e0a0e4201d8a77c82fc3d93e97e30380c297f,4d6b8cb1d482e5066f9ca575ebd3b67af4a32562
sup,20x,2,2026-06-11T04:07:26.649433+00:00,30.0,20.0,35.0,15.0,fastplong-all,5,95.29970333623474,True,False,False,1.0,ee7a50a277fef6153a1cc05f9cc2afd227e940efbd36a4c2b0abe9a57580901b,3e7cfddea1d70f28dbf0ec0a605e0a0e4201d8a77c82fc3d93e97e30380c297f,4d6b8cb1d482e5066f9ca575ebd3b67af4a32562
sup,20x,2,2026-06-11T04:07:26.649433+00:00,30.0,20.0,35.0,15.0,seqkit-dorado,6,90.87539938349877,True,True,False,1.0,ee7a50a277fef6153a1cc05f9cc2afd227e940efbd36a4c2b0abe9a57580901b,3e7cfddea1d70f28dbf0ec0a605e0a0e4201d8a77c82fc3d93e97e30380c297f,4d6b8cb1d482e5066f9ca575ebd3b67af4a32562
sup,20x,2,2026-06-11T04:07:26.649433+00:00,30.0,20.0,35.0,15.0,seqkit-barbell,7,90.86055446393046,True,True,False,1.0,ee7a50a277fef6153a1cc05f9cc2afd227e940efbd36a4c2b0abe9a57580901b,3e7cfddea1d70f28dbf0ec0a605e0a0e4201d8a77c82fc3d93e97e30380c297f,4d6b8cb1d482e5066f9ca575ebd3b67af4a32562
sup,20x,2,2026-06-11T04:07:26.649433+00:00,30.0,20.0,35.0,15.0,seqkit-porechop_abi,8,89.99711470731835,True,True,False,1.0,ee7a50a277fef6153a1cc05f9cc2afd227e940efbd36a4c2b0abe9a57580901b,3e7cfddea1d70f28dbf0ec0a605e0a0e4201d8a77c82fc3d93e97e30380c297f,4d6b8cb1d482e5066f9ca575ebd3b67af4a32562
sup,20x,2,2026-06-11T04:07:26.649433+00:00,30.0,20.0,35.0,15.0,chopper-untrimmed,9,88.4922643758352,True,True,False,1.0,ee7a50a277fef6153a1cc05f9cc2afd227e940efbd36a4c2b0abe9a57580901b,3e7cfddea1d70f28dbf0ec0a605e0a0e4201d8a77c82fc3d93e97e30380c297f,4d6b8cb1d482e5066f9ca575ebd3b67af4a32562
sup,20x,2,2026-06-11T04:07:26.649433+00:00,30.0,20.0,35.0,15.0,unprocessed-barbell,10,87.78507224163981,True,True,False,1.0,ee7a50a277fef6153a1cc05f9cc2afd227e940efbd36a4c2b0abe9a57580901b,3e7cfddea1d70f28dbf0ec0a605e0a0e4201d8a77c82fc3d93e97e30380c297f,4d6b8cb1d482e5066f9ca575ebd3b67af4a32562
sup,20x,2,2026-06-11T04:07:26.649433+00:00,30.0,20.0,35.0,15.0,chopper-barbell,11,85.69507792338412,True,False,False,1.0,ee7a50a277fef6153a1cc05f9cc2afd227e940efbd36a4c2b0abe9a57580901b,3e7cfddea1d70f28dbf0ec0a605e0a0e4201d8a77c82fc3d93e97e30380c297f,4d6b8cb1d482e5066f9ca575ebd3b67af4a32562
sup,20x,2,2026-06-11T04:07:26.649433+00:00,30.0,20.0,35.0,15.0,seqkit-untrimmed,12,84.05129500558131,True,False,False,1.0,ee7a50a277fef6153a1cc05f9cc2afd227e940efbd36a4c2b0abe9a57580901b,3e7cfddea1d70f28dbf0ec0a605e0a0e4201d8a77c82fc3d93e97e30380c297f,4d6b8cb1d482e5066f9ca575ebd3b67af4a32562
sup,20x,2,2026-06-11T04:07:26.649433+00:00,30.0,20.0,35.0,15.0,filtlong-dorado,13,82.06293137723931,True,True,False,1.0,ee7a50a277fef6153a1cc05f9cc2afd227e940efbd36a4c2b0abe9a57580901b,3e7cfddea1d70f28dbf0ec0a605e0a0e4201d8a77c82fc3d93e97e30380c297f,4d6b8cb1d482e5066f9ca575ebd3b67af4a32562
sup,20x,2,2026-06-11T04:07:26.649433+00:00,30.0,20.0,35.0,15.0,filtlong-untrimmed,14,82.05250459334691,True,True,False,1.0,ee7a50a277fef6153a1cc05f9cc2afd227e940efbd36a4c2b0abe9a57580901b,3e7cfddea1d70f28dbf0ec0a605e0a0e4201d8a77c82fc3d93e97e30380c297f,4d6b8cb1d482e5066f9ca575ebd3b67af4a32562
sup,20x,2,2026-06-11T04:07:26.649433+00:00,30.0,20.0,35.0,15.0,filtlong-porechop_abi,15,81.6979463056285,True,True,False,1.0,ee7a50a277fef6153a1cc05f9cc2afd227e940efbd36a4c2b0abe9a57580901b,3e7cfddea1d70f28dbf0ec0a605e0a0e4201d8a77c82fc3d93e97e30380c297f,4d6b8cb1d482e5066f9ca575ebd3b67af4a32562
sup,20x,2,2026-06-11T04:07:26.649433+00:00,30.0,20.0,35.0,15.0,unprocessed-untrimmed,16,80.62758386063894,True,False,False,1.0,ee7a50a277fef6153a1cc05f9cc2afd227e940efbd36a4c2b0abe9a57580901b,3e7cfddea1d70f28dbf0ec0a605e0a0e4201d8a77c82fc3d93e97e30380c297f,4d6b8cb1d482e5066f9ca575ebd3b67af4a32562
sup,20x,2,2026-06-11T04:07:26.649433+00:00,30.0,20.0,35.0,15.0,filtlong-barbell,17,75.22792647766842,True,False,False,1.0,ee7a50a277fef6153a1cc05f9cc2afd227e940efbd36a4c2b0abe9a57580901b,3e7cfddea1d70f28dbf0ec0a605e0a0e4201d8a77c82fc3d93e97e30380c297f,4d6b8cb1d482e5066f9ca575ebd3b67af4a32562
sup,20x,3,2026-06-11T04:38:54.544766+00:00,20.0,20.0,25.0,35.0,chopper-porechop_abi,1,98.21878965723663,True,True,True,1.0,ee7a50a277fef6153a1cc05f9cc2afd227e940efbd36a4c2b0abe9a57580901b,3e7cfddea1d70f28dbf0ec0a605e0a0e4201d8a77c82fc3d93e97e30380c297f,4d6b8cb1d482e5066f9ca575ebd3b67af4a32562
sup,20x,3,2026-06-11T04:38:54.544766+00:00,20.0,20.0,25.0,35.0,chopper-dorado,2,98.03390312723805,True,True,False,1.0,ee7a50a277fef6153a1cc05f9cc2afd227e940efbd36a4c2b0abe9a57580901b,3e7cfddea1d70f28dbf0ec0a605e0a0e4201d8a77c82fc3d93e97e30380c297f,4d6b8cb1d482e5066f9ca575ebd3b67af4a32562
sup,20x,3,2026-06-11T04:38:54.544766+00:00,20.0,20.0,25.0,35.0,unprocessed-dorado,3,97.750229014703,True,True,False,1.0,ee7a50a277fef6153a1cc05f9cc2afd227e940efbd36a4c2b0abe9a57580901b,3e7cfddea1d70f28dbf0ec0a605e0a0e4201d8a77c82fc3d93e97e30380c297f,4d6b8cb1d482e5066f9ca575ebd3b67af4a32562
sup,20x,3,2026-06-11T04:38:54.544766+00:00,20.0,20.0,25.0,35.0,unprocessed-porechop_abi,4,97.61832289681166,True,True,False,1.0,ee7a50a277fef6153a1cc05f9cc2afd227e940efbd36a4c2b0abe9a57580901b,3e7cfddea1d70f28dbf0ec0a605e0a0e4201d8a77c82fc3d93e97e30380c297f,4d6b8cb1d482e5066f9ca575ebd3b67af4a32562
sup,20x,3,2026-06-11T04:38:54.544766+00:00,20.0,20.0,25.0,35.0,fastplong-all,5,96.60816487469627,True,False,False,1.0,ee7a50a277fef6153a1cc05f9cc2afd227e940efbd36a4c2b0abe9a57580901b,3e7cfddea1d70f28dbf0ec0a605e0a0e4201d8a77c82fc3d93e97e30380c297f,4d6b8cb1d482e5066f9ca575ebd3b67af4a32562
sup,20x,3,2026-06-11T04:38:54.544766+00:00,20.0,20.0,25.0,35.0,seqkit-barbell,6,92.40824677162276,True,True,False,1.0,ee7a50a277fef6153a1cc05f9cc2afd227e940efbd36a4c2b0abe9a57580901b,3e7cfddea1d70f28dbf0ec0a605e0a0e4201d8a77c82fc3d93e97e30380c297f,4d6b8cb1d482e5066f9ca575ebd3b67af4a32562
sup,20x,3,2026-06-11T04:38:54.544766+00:00,20.0,20.0,25.0,35.0,chopper-untrimmed,7,91.93841822198902,True,True,False,1.0,ee7a50a277fef6153a1cc05f9cc2afd227e940efbd36a4c2b0abe9a57580901b,3e7cfddea1d70f28dbf0ec0a605e0a0e4201d8a77c82fc3d93e97e30380c297f,4d6b8cb1d482e5066f9ca575ebd3b67af4a32562
sup,20x,3,2026-06-11T04:38:54.544766+00:00,20.0,20.0,25.0,35.0,unprocessed-barbell,8,91.35122608779366,True,True,False,1.0,ee7a50a277fef6153a1cc05f9cc2afd227e940efbd36a4c2b0abe9a57580901b,3e7cfddea1d70f28dbf0ec0a605e0a0e4201d8a77c82fc3d93e97e30380c297f,4d6b8cb1d482e5066f9ca575ebd3b67af4a32562
sup,20x,3,2026-06-11T04:38:54.544766+00:00,20.0,20.0,25.0,35.0,seqkit-untrimmed,9,88.7259103901967,True,False,False,1.0,ee7a50a277fef6153a1cc05f9cc2afd227e940efbd36a4c2b0abe9a57580901b,3e7cfddea1d70f28dbf0ec0a605e0a0e4201d8a77c82fc3d93e97e30380c297f,4d6b8cb1d482e5066f9ca575ebd3b67af4a32562
sup,20x,3,2026-06-11T04:38:54.544766+00:00,20.0,20.0,25.0,35.0,unprocessed-untrimmed,10,85.95143001448508,True,True,False,1.0,ee7a50a277fef6153a1cc05f9cc2afd227e940efbd36a4c2b0abe9a57580901b,3e7cfddea1d70f28dbf0ec0a605e0a0e4201d8a77c82fc3d93e97e30380c297f,4d6b8cb1d482e5066f9ca575ebd3b67af4a32562
sup,20x,3,2026-06-11T04:38:54.544766+00:00,20.0,20.0,25.0,35.0,seqkit-dorado,11,85.42873271683209,True,True,False,1.0,ee7a50a277fef6153a1cc05f9cc2afd227e940efbd36a4c2b0abe9a57580901b,3e7cfddea1d70f28dbf0ec0a605e0a0e4201d8a77c82fc3d93e97e30380c297f,4d6b8cb1d482e5066f9ca575ebd3b67af4a32562
sup,20x,3,2026-06-11T04:38:54.544766+00:00,20.0,20.0,25.0,35.0,seqkit-porechop_abi,12,84.50660188680553,True,True,False,1.0,ee7a50a277fef6153a1cc05f9cc2afd227e940efbd36a4c2b0abe9a57580901b,3e7cfddea1d70f28dbf0ec0a605e0a0e4201d8a77c82fc3d93e97e30380c297f,4d6b8cb1d482e5066f9ca575ebd3b67af4a32562
sup,20x,3,2026-06-11T04:38:54.544766+00:00,20.0,20.0,25.0,35.0,chopper-barbell,13,80.90841125671744,True,False,False,1.0,ee7a50a277fef6153a1cc05f9cc2afd227e940efbd36a4c2b0abe9a57580901b,3e7cfddea1d70f28dbf0ec0a605e0a0e4201d8a77c82fc3d93e97e30380c297f,4d6b8cb1d482e5066f9ca575ebd3b67af4a32562
sup,20x,3,2026-06-11T04:38:54.544766+00:00,20.0,20.0,25.0,35.0,filtlong-untrimmed,14,62.86019690103922,True,True,False,1.0,ee7a50a277fef6153a1cc05f9cc2afd227e940efbd36a4c2b0abe9a57580901b,3e7cfddea1d70f28dbf0ec0a605e0a0e4201d8a77c82fc3d93e97e30380c297f,4d6b8cb1d482e5066f9ca575ebd3b67af4a32562
sup,20x,3,2026-06-11T04:38:54.544766+00:00,20.0,20.0,25.0,35.0,filtlong-dorado,15,62.77908522339316,True,True,False,1.0,ee7a50a277fef6153a1cc05f9cc2afd227e940efbd36a4c2b0abe9a57580901b,3e7cfddea1d70f28dbf0ec0a605e0a0e4201d8a77c82fc3d93e97e30380c297f,4d6b8cb1d482e5066f9ca575ebd3b67af4a32562
sup,20x,3,2026-06-11T04:38:54.544766+00:00,20.0,20.0,25.0,35.0,filtlong-porechop_abi,16,62.541792459474664,True,True,False,1.0,ee7a50a277fef6153a1cc05f9cc2afd227e940efbd36a4c2b0abe9a57580901b,3e7cfddea1d70f28dbf0ec0a605e0a0e4201d8a77c82fc3d93e97e30380c297f,4d6b8cb1d482e5066f9ca575ebd3b67af4a32562
sup,20x,3,2026-06-11T04:38:54.544766+00:00,20.0,20.0,25.0,35.0,filtlong-barbell,17,57.79023416997611,True,False,False,1.0,ee7a50a277fef6153a1cc05f9cc2afd227e940efbd36a4c2b0abe9a57580901b,3e7cfddea1d70f28dbf0ec0a605e0a0e4201d8a77c82fc3d93e97e30380c297f,4d6b8cb1d482e5066f9ca575ebd3b67af4a32562
sup,20x,4,2026-06-11T05:57:49.965985+00:00,25.0,15.0,10.0,50.0,chopper-porechop_abi,1,97.77563070446593,True,True,True,1.0,ee7a50a277fef6153a1cc05f9cc2afd227e940efbd36a4c2b0abe9a57580901b,3e7cfddea1d70f28dbf0ec0a605e0a0e4201d8a77c82fc3d93e97e30380c297f,4d6b8cb1d482e5066f9ca575ebd3b67af4a32562
sup,20x,4,2026-06-11T05:57:49.965985+00:00,25.0,15.0,10.0,50.0,chopper-dorado,2,97.54696580696698,True,True,False,1.0,ee7a50a277fef6153a1cc05f9cc2afd227e940efbd36a4c2b0abe9a57580901b,3e7cfddea1d70f28dbf0ec0a605e0a0e4201d8a77c82fc3d93e97e30380c297f,4d6b8cb1d482e5066f9ca575ebd3b67af4a32562
sup,20x,4,2026-06-11T05:57:49.965985+00:00,25.0,15.0,10.0,50.0,unprocessed-dorado,3,97.18805637641188,True,True,False,1.0,ee7a50a277fef6153a1cc05f9cc2afd227e940efbd36a4c2b0abe9a57580901b,3e7cfddea1d70f28dbf0ec0a605e0a0e4201d8a77c82fc3d93e97e30380c297f,4d6b8cb1d482e5066f9ca575ebd3b67af4a32562
sup,20x,4,2026-06-11T05:57:49.965985+00:00,25.0,15.0,10.0,50.0,unprocessed-porechop_abi,4,97.02297294183951,True,True,False,1.0,ee7a50a277fef6153a1cc05f9cc2afd227e940efbd36a4c2b0abe9a57580901b,3e7cfddea1d70f28dbf0ec0a605e0a0e4201d8a77c82fc3d93e97e30380c297f,4d6b8cb1d482e5066f9ca575ebd3b67af4a32562
sup,20x,4,2026-06-11T05:57:49.965985+00:00,25.0,15.0,10.0,50.0,fastplong-all,5,96.14766211756069,True,True,False,1.0,ee7a50a277fef6153a1cc05f9cc2afd227e940efbd36a4c2b0abe9a57580901b,3e7cfddea1d70f28dbf0ec0a605e0a0e4201d8a77c82fc3d93e97e30380c297f,4d6b8cb1d482e5066f9ca575ebd3b67af4a32562
sup,20x,4,2026-06-11T05:57:49.965985+00:00,25.0,15.0,10.0,50.0,chopper-untrimmed,6,94.834582897261,True,True,False,1.0,ee7a50a277fef6153a1cc05f9cc2afd227e940efbd36a4c2b0abe9a57580901b,3e7cfddea1d70f28dbf0ec0a605e0a0e4201d8a77c82fc3d93e97e30380c297f,4d6b8cb1d482e5066f9ca575ebd3b67af4a32562
sup,20x,4,2026-06-11T05:57:49.965985+00:00,25.0,15.0,10.0,50.0,seqkit-untrimmed,7,94.08135586957059,True,True,False,1.0,ee7a50a277fef6153a1cc05f9cc2afd227e940efbd36a4c2b0abe9a57580901b,3e7cfddea1d70f28dbf0ec0a605e0a0e4201d8a77c82fc3d93e97e30380c297f,4d6b8cb1d482e5066f9ca575ebd3b67af4a32562
sup,20x,4,2026-06-11T05:57:49.965985+00:00,25.0,15.0,10.0,50.0,seqkit-barbell,8,92.75849277102476,True,False,False,1.0,ee7a50a277fef6153a1cc05f9cc2afd227e940efbd36a4c2b0abe9a57580901b,3e7cfddea1d70f28dbf0ec0a605e0a0e4201d8a77c82fc3d93e97e30380c297f,4d6b8cb1d482e5066f9ca575ebd3b67af4a32562
sup,20x,4,2026-06-11T05:57:49.965985+00:00,25.0,15.0,10.0,50.0,unprocessed-barbell,9,91.38957341199908,True,True,False,1.0,ee7a50a277fef6153a1cc05f9cc2afd227e940efbd36a4c2b0abe9a57580901b,3e7cfddea1d70f28dbf0ec0a605e0a0e4201d8a77c82fc3d93e97e30380c297f,4d6b8cb1d482e5066f9ca575ebd3b67af4a32562
sup,20x,4,2026-06-11T05:57:49.965985+00:00,25.0,15.0,10.0,50.0,unprocessed-untrimmed,10,91.35126481855612,True,True,False,1.0,ee7a50a277fef6153a1cc05f9cc2afd227e940efbd36a4c2b0abe9a57580901b,3e7cfddea1d70f28dbf0ec0a605e0a0e4201d8a77c82fc3d93e97e30380c297f,4d6b8cb1d482e5066f9ca575ebd3b67af4a32562
sup,20x,4,2026-06-11T05:57:49.965985+00:00,25.0,15.0,10.0,50.0,seqkit-dorado,11,79.93488287095741,True,True,False,1.0,ee7a50a277fef6153a1cc05f9cc2afd227e940efbd36a4c2b0abe9a57580901b,3e7cfddea1d70f28dbf0ec0a605e0a0e4201d8a77c82fc3d93e97e30380c297f,4d6b8cb1d482e5066f9ca575ebd3b67af4a32562
sup,20x,4,2026-06-11T05:57:49.965985+00:00,25.0,15.0,10.0,50.0,seqkit-porechop_abi,12,79.28713090228362,True,True,False,1.0,ee7a50a277fef6153a1cc05f9cc2afd227e940efbd36a4c2b0abe9a57580901b,3e7cfddea1d70f28dbf0ec0a605e0a0e4201d8a77c82fc3d93e97e30380c297f,4d6b8cb1d482e5066f9ca575ebd3b67af4a32562
sup,20x,4,2026-06-11T05:57:49.965985+00:00,25.0,15.0,10.0,50.0,chopper-barbell,13,75.88464177587143,True,False,False,1.0,ee7a50a277fef6153a1cc05f9cc2afd227e940efbd36a4c2b0abe9a57580901b,3e7cfddea1d70f28dbf0ec0a605e0a0e4201d8a77c82fc3d93e97e30380c297f,4d6b8cb1d482e5066f9ca575ebd3b67af4a32562
sup,20x,4,2026-06-11T05:57:49.965985+00:00,25.0,15.0,10.0,50.0,filtlong-dorado,14,47.618160071391024,True,True,False,1.0,ee7a50a277fef6153a1cc05f9cc2afd227e940efbd36a4c2b0abe9a57580901b,3e7cfddea1d70f28dbf0ec0a605e0a0e4201d8a77c82fc3d93e97e30380c297f,4d6b8cb1d482e5066f9ca575ebd3b67af4a32562
sup,20x,4,2026-06-11T05:57:49.965985+00:00,25.0,15.0,10.0,50.0,filtlong-untrimmed,15,47.58745536808711,True,True,False,1.0,ee7a50a277fef6153a1cc05f9cc2afd227e940efbd36a4c2b0abe9a57580901b,3e7cfddea1d70f28dbf0ec0a605e0a0e4201d8a77c82fc3d93e97e30380c297f,4d6b8cb1d482e5066f9ca575ebd3b67af4a32562
sup,20x,4,2026-06-11T05:57:49.965985+00:00,25.0,15.0,10.0,50.0,filtlong-porechop_abi,16,47.31249819075984,True,True,False,1.0,ee7a50a277fef6153a1cc05f9cc2afd227e940efbd36a4c2b0abe9a57580901b,3e7cfddea1d70f28dbf0ec0a605e0a0e4201d8a77c82fc3d93e97e30380c297f,4d6b8cb1d482e5066f9ca575ebd3b67af4a32562
sup,20x,4,2026-06-11T05:57:49.965985+00:00,25.0,15.0,10.0,50.0,filtlong-barbell,17,42.03036793517439,True,False,False,1.0,ee7a50a277fef6153a1cc05f9cc2afd227e940efbd36a4c2b0abe9a57580901b,3e7cfddea1d70f28dbf0ec0a605e0a0e4201d8a77c82fc3d93e97e30380c297f,4d6b8cb1d482e5066f9ca575ebd3b67af4a32562
sup,20x,5,2026-06-11T06:50:16.841179+00:00,45.0,5.0,5.0,45.0,chopper-porechop_abi,1,96.00085126046301,True,True,True,1.0,ee7a50a277fef6153a1cc05f9cc2afd227e940efbd36a4c2b0abe9a57580901b,3e7cfddea1d70f28dbf0ec0a605e0a0e4201d8a77c82fc3d93e97e30380c297f,4d6b8cb1d482e5066f9ca575ebd3b67af4a32562
sup,20x,5,2026-06-11T06:50:16.841179+00:00,45.0,5.0,5.0,45.0,chopper-dorado,2,95.59462962796334,True,True,False,1.0,ee7a50a277fef6153a1cc05f9cc2afd227e940efbd36a4c2b0abe9a57580901b,3e7cfddea1d70f28dbf0ec0a605e0a0e4201d8a77c82fc3d93e97e30380c297f,4d6b8cb1d482e5066f9ca575ebd3b67af4a32562
sup,20x,5,2026-06-11T06:50:16.841179+00:00,45.0,5.0,5.0,45.0,unprocessed-dorado,3,94.93909571521421,True,True,False,1.0,ee7a50a277fef6153a1cc05f9cc2afd227e940efbd36a4c2b0abe9a57580901b,3e7cfddea1d70f28dbf0ec0a605e0a0e4201d8a77c82fc3d93e97e30380c297f,4d6b8cb1d482e5066f9ca575ebd3b67af4a32562
sup,20x,5,2026-06-11T06:50:16.841179+00:00,45.0,5.0,5.0,45.0,unprocessed-porechop_abi,4,94.641503801126,True,True,False,1.0,ee7a50a277fef6153a1cc05f9cc2afd227e940efbd36a4c2b0abe9a57580901b,3e7cfddea1d70f28dbf0ec0a605e0a0e4201d8a77c82fc3d93e97e30380c297f,4d6b8cb1d482e5066f9ca575ebd3b67af4a32562
sup,20x,5,2026-06-11T06:50:16.841179+00:00,45.0,5.0,5.0,45.0,seqkit-untrimmed,5,94.34840067447224,True,True,False,1.0,ee7a50a277fef6153a1cc05f9cc2afd227e940efbd36a4c2b0abe9a57580901b,3e7cfddea1d70f28dbf0ec0a605e0a0e4201d8a77c82fc3d93e97e30380c297f,4d6b8cb1d482e5066f9ca575ebd3b67af4a32562
sup,20x,5,2026-06-11T06:50:16.841179+00:00,45.0,5.0,5.0,45.0,fastplong-all,6,93.91819506482793,True,True,False,1.0,ee7a50a277fef6153a1cc05f9cc2afd227e940efbd36a4c2b0abe9a57580901b,3e7cfddea1d70f28dbf0ec0a605e0a0e4201d8a77c82fc3d93e97e30380c297f,4d6b8cb1d482e5066f9ca575ebd3b67af4a32562
sup,20x,5,2026-06-11T06:50:16.841179+00:00,45.0,5.0,5.0,45.0,chopper-untrimmed,7,93.71921994011264,True,True,False,1.0,ee7a50a277fef6153a1cc05f9cc2afd227e940efbd36a4c2b0abe9a57580901b,3e7cfddea1d70f28dbf0ec0a605e0a0e4201d8a77c82fc3d93e97e30380c297f,4d6b8cb1d482e5066f9ca575ebd3b67af4a32562
sup,20x,5,2026-06-11T06:50:16.841179+00:00,45.0,5.0,5.0,45.0,seqkit-barbell,8,91.91129246213644,True,True,False,1.0,ee7a50a277fef6153a1cc05f9cc2afd227e940efbd36a4c2b0abe9a57580901b,3e7cfddea1d70f28dbf0ec0a605e0a0e4201d8a77c82fc3d93e97e30380c297f,4d6b8cb1d482e5066f9ca575ebd3b67af4a32562
sup,20x,5,2026-06-11T06:50:16.841179+00:00,45.0,5.0,5.0,45.0,unprocessed-untrimmed,9,91.05785750362128,True,True,False,1.0,ee7a50a277fef6153a1cc05f9cc2afd227e940efbd36a4c2b0abe9a57580901b,3e7cfddea1d70f28dbf0ec0a605e0a0e4201d8a77c82fc3d93e97e30380c297f,4d6b8cb1d482e5066f9ca575ebd3b67af4a32562
sup,20x,5,2026-06-11T06:50:16.841179+00:00,45.0,5.0,5.0,45.0,unprocessed-barbell,10,86.74626806040995,True,False,False,1.0,ee7a50a277fef6153a1cc05f9cc2afd227e940efbd36a4c2b0abe9a57580901b,3e7cfddea1d70f28dbf0ec0a605e0a0e4201d8a77c82fc3d93e97e30380c297f,4d6b8cb1d482e5066f9ca575ebd3b67af4a32562
sup,20x,5,2026-06-11T06:50:16.841179+00:00,45.0,5.0,5.0,45.0,seqkit-dorado,11,79.3938498458747,True,True,False,1.0,ee7a50a277fef6153a1cc05f9cc2afd227e940efbd36a4c2b0abe9a57580901b,3e7cfddea1d70f28dbf0ec0a605e0a0e4201d8a77c82fc3d93e97e30380c297f,4d6b8cb1d482e5066f9ca575ebd3b67af4a32562
sup,20x,5,2026-06-11T06:50:16.841179+00:00,45.0,5.0,5.0,45.0,seqkit-porechop_abi,12,79.33870175375267,True,True,False,1.0,ee7a50a277fef6153a1cc05f9cc2afd227e940efbd36a4c2b0abe9a57580901b,3e7cfddea1d70f28dbf0ec0a605e0a0e4201d8a77c82fc3d93e97e30380c297f,4d6b8cb1d482e5066f9ca575ebd3b67af4a32562
sup,20x,5,2026-06-11T06:50:16.841179+00:00,45.0,5.0,5.0,45.0,chopper-barbell,13,75.62376948084602,True,False,False,1.0,ee7a50a277fef6153a1cc05f9cc2afd227e940efbd36a4c2b0abe9a57580901b,3e7cfddea1d70f28dbf0ec0a605e0a0e4201d8a77c82fc3d93e97e30380c297f,4d6b8cb1d482e5066f9ca575ebd3b67af4a32562
sup,20x,5,2026-06-11T06:50:16.841179+00:00,45.0,5.0,5.0,45.0,filtlong-dorado,14,51.58015592123291,True,True,False,1.0,ee7a50a277fef6153a1cc05f9cc2afd227e940efbd36a4c2b0abe9a57580901b,3e7cfddea1d70f28dbf0ec0a605e0a0e4201d8a77c82fc3d93e97e30380c297f,4d6b8cb1d482e5066f9ca575ebd3b67af4a32562
sup,20x,5,2026-06-11T06:50:16.841179+00:00,45.0,5.0,5.0,45.0,filtlong-untrimmed,15,51.23427999449057,True,True,False,1.0,ee7a50a277fef6153a1cc05f9cc2afd227e940efbd36a4c2b0abe9a57580901b,3e7cfddea1d70f28dbf0ec0a605e0a0e4201d8a77c82fc3d93e97e30380c297f,4d6b8cb1d482e5066f9ca575ebd3b67af4a32562
sup,20x,5,2026-06-11T06:50:16.841179+00:00,45.0,5.0,5.0,45.0,filtlong-porechop_abi,16,51.01006349948405,True,True,False,1.0,ee7a50a277fef6153a1cc05f9cc2afd227e940efbd36a4c2b0abe9a57580901b,3e7cfddea1d70f28dbf0ec0a605e0a0e4201d8a77c82fc3d93e97e30380c297f,4d6b8cb1d482e5066f9ca575ebd3b67af4a32562
sup,20x,5,2026-06-11T06:50:16.841179+00:00,45.0,5.0,5.0,45.0,filtlong-barbell,17,42.948327773263266,True,False,False,1.0,ee7a50a277fef6153a1cc05f9cc2afd227e940efbd36a4c2b0abe9a57580901b,3e7cfddea1d70f28dbf0ec0a605e0a0e4201d8a77c82fc3d93e97e30380c297f,4d6b8cb1d482e5066f9ca575ebd3b67af4a32562
sup,20x,6,2026-06-11T07:21:32.710471+00:00,10.0,20.0,35.0,35.0,chopper-porechop_abi,1,99.10725119569817,True,True,True,1.0,ee7a50a277fef6153a1cc05f9cc2afd227e940efbd36a4c2b0abe9a57580901b,3e7cfddea1d70f28dbf0ec0a605e0a0e4201d8a77c82fc3d93e97e30380c297f,4d6b8cb1d482e5066f9ca575ebd3b67af4a32562
sup,20x,6,2026-06-11T07:21:32.710471+00:00,10.0,20.0,35.0,35.0,chopper-dorado,2,99.01236466569956,True,True,False,1.0,ee7a50a277fef6153a1cc05f9cc2afd227e940efbd36a4c2b0abe9a57580901b,3e7cfddea1d70f28dbf0ec0a605e0a0e4201d8a77c82fc3d93e97e30380c297f,4d6b8cb1d482e5066f9ca575ebd3b67af4a32562
sup,20x,6,2026-06-11T07:21:32.710471+00:00,10.0,20.0,35.0,35.0,unprocessed-dorado,3,98.87484439931839,True,True,False,1.0,ee7a50a277fef6153a1cc05f9cc2afd227e940efbd36a4c2b0abe9a57580901b,3e7cfddea1d70f28dbf0ec0a605e0a0e4201d8a77c82fc3d93e97e30380c297f,4d6b8cb1d482e5066f9ca575ebd3b67af4a32562
sup,20x,6,2026-06-11T07:21:32.710471+00:00,10.0,20.0,35.0,35.0,unprocessed-porechop_abi,4,98.8090921275809,True,True,False,1.0,ee7a50a277fef6153a1cc05f9cc2afd227e940efbd36a4c2b0abe9a57580901b,3e7cfddea1d70f28dbf0ec0a605e0a0e4201d8a77c82fc3d93e97e30380c297f,4d6b8cb1d482e5066f9ca575ebd3b67af4a32562
sup,20x,6,2026-06-11T07:21:32.710471+00:00,10.0,20.0,35.0,35.0,fastplong-all,5,97.91662641315783,True,True,False,1.0,ee7a50a277fef6153a1cc05f9cc2afd227e940efbd36a4c2b0abe9a57580901b,3e7cfddea1d70f28dbf0ec0a605e0a0e4201d8a77c82fc3d93e97e30380c297f,4d6b8cb1d482e5066f9ca575ebd3b67af4a32562
sup,20x,6,2026-06-11T07:21:32.710471+00:00,10.0,20.0,35.0,35.0,seqkit-barbell,6,93.95593907931507,True,True,False,1.0,ee7a50a277fef6153a1cc05f9cc2afd227e940efbd36a4c2b0abe9a57580901b,3e7cfddea1d70f28dbf0ec0a605e0a0e4201d8a77c82fc3d93e97e30380c297f,4d6b8cb1d482e5066f9ca575ebd3b67af4a32562
sup,20x,6,2026-06-11T07:21:32.710471+00:00,10.0,20.0,35.0,35.0,unprocessed-barbell,7,93.37891839548597,True,True,False,1.0,ee7a50a277fef6153a1cc05f9cc2afd227e940efbd36a4c2b0abe9a57580901b,3e7cfddea1d70f28dbf0ec0a605e0a0e4201d8a77c82fc3d93e97e30380c297f,4d6b8cb1d482e5066f9ca575ebd3b67af4a32562
sup,20x,6,2026-06-11T07:21:32.710471+00:00,10.0,20.0,35.0,35.0,chopper-untrimmed,8,90.76918745275827,True,False,False,1.0,ee7a50a277fef6153a1cc05f9cc2afd227e940efbd36a4c2b0abe9a57580901b,3e7cfddea1d70f28dbf0ec0a605e0a0e4201d8a77c82fc3d93e97e30380c297f,4d6b8cb1d482e5066f9ca575ebd3b67af4a32562
sup,20x,6,2026-06-11T07:21:32.710471+00:00,10.0,20.0,35.0,35.0,seqkit-dorado,9,86.64873271683209,True,True,False,1.0,ee7a50a277fef6153a1cc05f9cc2afd227e940efbd36a4c2b0abe9a57580901b,3e7cfddea1d70f28dbf0ec0a605e0a0e4201d8a77c82fc3d93e97e30380c297f,4d6b8cb1d482e5066f9ca575ebd3b67af4a32562
sup,20x,6,2026-06-11T07:21:32.710471+00:00,10.0,20.0,35.0,35.0,seqkit-untrimmed,10,85.70821808250439,True,True,False,1.0,ee7a50a277fef6153a1cc05f9cc2afd227e940efbd36a4c2b0abe9a57580901b,3e7cfddea1d70f28dbf0ec0a605e0a0e4201d8a77c82fc3d93e97e30380c297f,4d6b8cb1d482e5066f9ca575ebd3b67af4a32562
sup,20x,6,2026-06-11T07:21:32.710471+00:00,10.0,20.0,35.0,35.0,seqkit-porechop_abi,11,85.68275573295938,True,True,False,1.0,ee7a50a277fef6153a1cc05f9cc2afd227e940efbd36a4c2b0abe9a57580901b,3e7cfddea1d70f28dbf0ec0a605e0a0e4201d8a77c82fc3d93e97e30380c297f,4d6b8cb1d482e5066f9ca575ebd3b67af4a32562
sup,20x,6,2026-06-11T07:21:32.710471+00:00,10.0,20.0,35.0,35.0,unprocessed-untrimmed,12,83.58296847602354,True,True,False,1.0,ee7a50a277fef6153a1cc05f9cc2afd227e940efbd36a4c2b0abe9a57580901b,3e7cfddea1d70f28dbf0ec0a605e0a0e4201d8a77c82fc3d93e97e30380c297f,4d6b8cb1d482e5066f9ca575ebd3b67af4a32562
sup,20x,6,2026-06-11T07:21:32.710471+00:00,10.0,20.0,35.0,35.0,chopper-barbell,13,82.78841125671744,True,True,False,1.0,ee7a50a277fef6153a1cc05f9cc2afd227e940efbd36a4c2b0abe9a57580901b,3e7cfddea1d70f28dbf0ec0a605e0a0e4201d8a77c82fc3d93e97e30380c297f,4d6b8cb1d482e5066f9ca575ebd3b67af4a32562
sup,20x,6,2026-06-11T07:21:32.710471+00:00,10.0,20.0,35.0,35.0,filtlong-untrimmed,14,63.66788920873153,True,True,False,1.0,ee7a50a277fef6153a1cc05f9cc2afd227e940efbd36a4c2b0abe9a57580901b,3e7cfddea1d70f28dbf0ec0a605e0a0e4201d8a77c82fc3d93e97e30380c297f,4d6b8cb1d482e5066f9ca575ebd3b67af4a32562
sup,20x,6,2026-06-11T07:21:32.710471+00:00,10.0,20.0,35.0,35.0,filtlong-dorado,15,63.495239069547004,True,True,False,1.0,ee7a50a277fef6153a1cc05f9cc2afd227e940efbd36a4c2b0abe9a57580901b,3e7cfddea1d70f28dbf0ec0a605e0a0e4201d8a77c82fc3d93e97e30380c297f,4d6b8cb1d482e5066f9ca575ebd3b67af4a32562
sup,20x,6,2026-06-11T07:21:32.710471+00:00,10.0,20.0,35.0,35.0,filtlong-porechop_abi,16,63.38563861332082,True,True,False,1.0,ee7a50a277fef6153a1cc05f9cc2afd227e940efbd36a4c2b0abe9a57580901b,3e7cfddea1d70f28dbf0ec0a605e0a0e4201d8a77c82fc3d93e97e30380c297f,4d6b8cb1d482e5066f9ca575ebd3b67af4a32562
sup,20x,6,2026-06-11T07:21:32.710471+00:00,10.0,20.0,35.0,35.0,filtlong-barbell,17,60.35254186228381,True,False,False,1.0,ee7a50a277fef6153a1cc05f9cc2afd227e940efbd36a4c2b0abe9a57580901b,3e7cfddea1d70f28dbf0ec0a605e0a0e4201d8a77c82fc3d93e97e30380c297f,4d6b8cb1d482e5066f9ca575ebd3b67af4a32562
sup,20x,7,2026-06-11T07:30:02.300791+00:00,25.0,15.0,10.0,50.0,chopper-porechop_abi,1,97.77563070446593,True,True,True,1.0,ee7a50a277fef6153a1cc05f9cc2afd227e940efbd36a4c2b0abe9a57580901b,3e7cfddea1d70f28dbf0ec0a605e0a0e4201d8a77c82fc3d93e97e30380c297f,4d6b8cb1d482e5066f9ca575ebd3b67af4a32562
sup,20x,7,2026-06-11T07:30:02.300791+00:00,25.0,15.0,10.0,50.0,chopper-dorado,2,97.54696580696698,True,True,False,1.0,ee7a50a277fef6153a1cc05f9cc2afd227e940efbd36a4c2b0abe9a57580901b,3e7cfddea1d70f28dbf0ec0a605e0a0e4201d8a77c82fc3d93e97e30380c297f,4d6b8cb1d482e5066f9ca575ebd3b67af4a32562
sup,20x,7,2026-06-11T07:30:02.300791+00:00,25.0,15.0,10.0,50.0,unprocessed-dorado,3,97.18805637641188,True,True,False,1.0,ee7a50a277fef6153a1cc05f9cc2afd227e940efbd36a4c2b0abe9a57580901b,3e7cfddea1d70f28dbf0ec0a605e0a0e4201d8a77c82fc3d93e97e30380c297f,4d6b8cb1d482e5066f9ca575ebd3b67af4a32562
sup,20x,7,2026-06-11T07:30:02.300791+00:00,25.0,15.0,10.0,50.0,unprocessed-porechop_abi,4,97.02297294183951,True,True,False,1.0,ee7a50a277fef6153a1cc05f9cc2afd227e940efbd36a4c2b0abe9a57580901b,3e7cfddea1d70f28dbf0ec0a605e0a0e4201d8a77c82fc3d93e97e30380c297f,4d6b8cb1d482e5066f9ca575ebd3b67af4a32562
sup,20x,7,2026-06-11T07:30:02.300791+00:00,25.0,15.0,10.0,50.0,fastplong-all,5,96.14766211756069,True,True,False,1.0,ee7a50a277fef6153a1cc05f9cc2afd227e940efbd36a4c2b0abe9a57580901b,3e7cfddea1d70f28dbf0ec0a605e0a0e4201d8a77c82fc3d93e97e30380c297f,4d6b8cb1d482e5066f9ca575ebd3b67af4a32562
sup,20x,7,2026-06-11T07:30:02.300791+00:00,25.0,15.0,10.0,50.0,chopper-untrimmed,6,94.834582897261,True,True,False,1.0,ee7a50a277fef6153a1cc05f9cc2afd227e940efbd36a4c2b0abe9a57580901b,3e7cfddea1d70f28dbf0ec0a605e0a0e4201d8a77c82fc3d93e97e30380c297f,4d6b8cb1d482e5066f9ca575ebd3b67af4a32562
sup,20x,7,2026-06-11T07:30:02.300791+00:00,25.0,15.0,10.0,50.0,seqkit-untrimmed,7,94.08135586957059,True,True,False,1.0,ee7a50a277fef6153a1cc05f9cc2afd227e940efbd36a4c2b0abe9a57580901b,3e7cfddea1d70f28dbf0ec0a605e0a0e4201d8a77c82fc3d93e97e30380c297f,4d6b8cb1d482e5066f9ca575ebd3b67af4a32562
sup,20x,7,2026-06-11T07:30:02.300791+00:00,25.0,15.0,10.0,50.0,seqkit-barbell,8,92.75849277102476,True,False,False,1.0,ee7a50a277fef6153a1cc05f9cc2afd227e940efbd36a4c2b0abe9a57580901b,3e7cfddea1d70f28dbf0ec0a605e0a0e4201d8a77c82fc3d93e97e30380c297f,4d6b8cb1d482e5066f9ca575ebd3b67af4a32562
sup,20x,7,2026-06-11T07:30:02.300791+00:00,25.0,15.0,10.0,50.0,unprocessed-barbell,9,91.38957341199908,True,True,False,1.0,ee7a50a277fef6153a1cc05f9cc2afd227e940efbd36a4c2b0abe9a57580901b,3e7cfddea1d70f28dbf0ec0a605e0a0e4201d8a77c82fc3d93e97e30380c297f,4d6b8cb1d482e5066f9ca575ebd3b67af4a32562
sup,20x,7,2026-06-11T07:30:02.300791+00:00,25.0,15.0,10.0,50.0,unprocessed-untrimmed,10,91.35126481855612,True,True,False,1.0,ee7a50a277fef6153a1cc05f9cc2afd227e940efbd36a4c2b0abe9a57580901b,3e7cfddea1d70f28dbf0ec0a605e0a0e4201d8a77c82fc3d93e97e30380c297f,4d6b8cb1d482e5066f9ca575ebd3b67af4a32562
sup,20x,7,2026-06-11T07:30:02.300791+00:00,25.0,15.0,10.0,50.0,seqkit-dorado,11,79.93488287095741,True,True,False,1.0,ee7a50a277fef6153a1cc05f9cc2afd227e940efbd36a4c2b0abe9a57580901b,3e7cfddea1d70f28dbf0ec0a605e0a0e4201d8a77c82fc3d93e97e30380c297f,4d6b8cb1d482e5066f9ca575ebd3b67af4a32562
sup,20x,7,2026-06-11T07:30:02.300791+00:00,25.0,15.0,10.0,50.0,seqkit-porechop_abi,12,79.28713090228362,True,True,False,1.0,ee7a50a277fef6153a1cc05f9cc2afd227e940efbd36a4c2b0abe9a57580901b,3e7cfddea1d70f28dbf0ec0a605e0a0e4201d8a77c82fc3d93e97e30380c297f,4d6b8cb1d482e5066f9ca575ebd3b67af4a32562
sup,20x,7,2026-06-11T07:30:02.300791+00:00,25.0,15.0,10.0,50.0,chopper-barbell,13,75.88464177587143,True,False,False,1.0,ee7a50a277fef6153a1cc05f9cc2afd227e940efbd36a4c2b0abe9a57580901b,3e7cfddea1d70f28dbf0ec0a605e0a0e4201d8a77c82fc3d93e97e30380c297f,4d6b8cb1d482e5066f9ca575ebd3b67af4a32562
sup,20x,7,2026-06-11T07:30:02.300791+00:00,25.0,15.0,10.0,50.0,filtlong-dorado,14,47.618160071391024,True,True,False,1.0,ee7a50a277fef6153a1cc05f9cc2afd227e940efbd36a4c2b0abe9a57580901b,3e7cfddea1d70f28dbf0ec0a605e0a0e4201d8a77c82fc3d93e97e30380c297f,4d6b8cb1d482e5066f9ca575ebd3b67af4a32562
sup,20x,7,2026-06-11T07:30:02.300791+00:00,25.0,15.0,10.0,50.0,filtlong-untrimmed,15,47.58745536808711,True,True,False,1.0,ee7a50a277fef6153a1cc05f9cc2afd227e940efbd36a4c2b0abe9a57580901b,3e7cfddea1d70f28dbf0ec0a605e0a0e4201d8a77c82fc3d93e97e30380c297f,4d6b8cb1d482e5066f9ca575ebd3b67af4a32562
sup,20x,7,2026-06-11T07:30:02.300791+00:00,25.0,15.0,10.0,50.0,filtlong-porechop_abi,16,47.31249819075984,True,True,False,1.0,ee7a50a277fef6153a1cc05f9cc2afd227e940efbd36a4c2b0abe9a57580901b,3e7cfddea1d70f28dbf0ec0a605e0a0e4201d8a77c82fc3d93e97e30380c297f,4d6b8cb1d482e5066f9ca575ebd3b67af4a32562
sup,20x,7,2026-06-11T07:30:02.300791+00:00,25.0,15.0,10.0,50.0,filtlong-barbell,17,42.03036793517439,True,False,False,1.0,ee7a50a277fef6153a1cc05f9cc2afd227e940efbd36a4c2b0abe9a57580901b,3e7cfddea1d70f28dbf0ec0a605e0a0e4201d8a77c82fc3d93e97e30380c297f,4d6b8cb1d482e5066f9ca575ebd3b67af4a32562
sup,20x,8,2026-06-11T09:05:43.656374+00:00,25.0,40.0,5.0,30.0,chopper-porechop_abi,1,97.77027162216557,True,True,True,1.0,ee7a50a277fef6153a1cc05f9cc2afd227e940efbd36a4c2b0abe9a57580901b,3e7cfddea1d70f28dbf0ec0a605e0a0e4201d8a77c82fc3d93e97e30380c297f,4d6b8cb1d482e5066f9ca575ebd3b67af4a32562
sup,20x,8,2026-06-11T09:05:43.656374+00:00,25.0,40.0,5.0,30.0,chopper-dorado,2,97.53549856216837,True,True,False,1.0,ee7a50a277fef6153a1cc05f9cc2afd227e940efbd36a4c2b0abe9a57580901b,3e7cfddea1d70f28dbf0ec0a605e0a0e4201d8a77c82fc3d93e97e30380c297f,4d6b8cb1d482e5066f9ca575ebd3b67af4a32562
sup,20x,8,2026-06-11T09:05:43.656374+00:00,25.0,40.0,5.0,30.0,unprocessed-dorado,3,97.1873811063291,True,True,False,1.0,ee7a50a277fef6153a1cc05f9cc2afd227e940efbd36a4c2b0abe9a57580901b,3e7cfddea1d70f28dbf0ec0a605e0a0e4201d8a77c82fc3d93e97e30380c297f,4d6b8cb1d482e5066f9ca575ebd3b67af4a32562
sup,20x,8,2026-06-11T09:05:43.656374+00:00,25.0,40.0,5.0,30.0,unprocessed-porechop_abi,4,97.02279963977716,True,True,False,1.0,ee7a50a277fef6153a1cc05f9cc2afd227e940efbd36a4c2b0abe9a57580901b,3e7cfddea1d70f28dbf0ec0a605e0a0e4201d8a77c82fc3d93e97e30380c297f,4d6b8cb1d482e5066f9ca575ebd3b67af4a32562
sup,20x,8,2026-06-11T09:05:43.656374+00:00,25.0,40.0,5.0,30.0,seqkit-untrimmed,5,96.002205395778,True,True,False,1.0,ee7a50a277fef6153a1cc05f9cc2afd227e940efbd36a4c2b0abe9a57580901b,3e7cfddea1d70f28dbf0ec0a605e0a0e4201d8a77c82fc3d93e97e30380c297f,4d6b8cb1d482e5066f9ca575ebd3b67af4a32562
sup,20x,8,2026-06-11T09:05:43.656374+00:00,25.0,40.0,5.0,30.0,chopper-untrimmed,6,95.96914413628576,True,True,False,1.0,ee7a50a277fef6153a1cc05f9cc2afd227e940efbd36a4c2b0abe9a57580901b,3e7cfddea1d70f28dbf0ec0a605e0a0e4201d8a77c82fc3d93e97e30380c297f,4d6b8cb1d482e5066f9ca575ebd3b67af4a32562
sup,20x,8,2026-06-11T09:05:43.656374+00:00,25.0,40.0,5.0,30.0,fastplong-all,7,95.17902205708488,True,True,False,1.0,ee7a50a277fef6153a1cc05f9cc2afd227e940efbd36a4c2b0abe9a57580901b,3e7cfddea1d70f28dbf0ec0a605e0a0e4201d8a77c82fc3d93e97e30380c297f,4d6b8cb1d482e5066f9ca575ebd3b67af4a32562
sup,20x,8,2026-06-11T09:05:43.656374+00:00,25.0,40.0,5.0,30.0,unprocessed-untrimmed,8,91.42709079820095,True,False,False,1.0,ee7a50a277fef6153a1cc05f9cc2afd227e940efbd36a4c2b0abe9a57580901b,3e7cfddea1d70f28dbf0ec0a605e0a0e4201d8a77c82fc3d93e97e30380c297f,4d6b8cb1d482e5066f9ca575ebd3b67af4a32562
sup,20x,8,2026-06-11T09:05:43.656374+00:00,25.0,40.0,5.0,30.0,unprocessed-barbell,9,90.35937525251036,True,False,False,1.0,ee7a50a277fef6153a1cc05f9cc2afd227e940efbd36a4c2b0abe9a57580901b,3e7cfddea1d70f28dbf0ec0a605e0a0e4201d8a77c82fc3d93e97e30380c297f,4d6b8cb1d482e5066f9ca575ebd3b67af4a32562
sup,20x,8,2026-06-11T09:05:43.656374+00:00,25.0,40.0,5.0,30.0,seqkit-barbell,10,87.138032004784,True,False,False,1.0,ee7a50a277fef6153a1cc05f9cc2afd227e940efbd36a4c2b0abe9a57580901b,3e7cfddea1d70f28dbf0ec0a605e0a0e4201d8a77c82fc3d93e97e30380c297f,4d6b8cb1d482e5066f9ca575ebd3b67af4a32562
sup,20x,8,2026-06-11T09:05:43.656374+00:00,25.0,40.0,5.0,30.0,seqkit-dorado,11,86.02079876699753,True,False,False,1.0,ee7a50a277fef6153a1cc05f9cc2afd227e940efbd36a4c2b0abe9a57580901b,3e7cfddea1d70f28dbf0ec0a605e0a0e4201d8a77c82fc3d93e97e30380c297f,4d6b8cb1d482e5066f9ca575ebd3b67af4a32562
sup,20x,8,2026-06-11T09:05:43.656374+00:00,25.0,40.0,5.0,30.0,seqkit-porechop_abi,12,84.11076787617515,True,False,False,1.0,ee7a50a277fef6153a1cc05f9cc2afd227e940efbd36a4c2b0abe9a57580901b,3e7cfddea1d70f28dbf0ec0a605e0a0e4201d8a77c82fc3d93e97e30380c297f,4d6b8cb1d482e5066f9ca575ebd3b67af4a32562
sup,20x,8,2026-06-11T09:05:43.656374+00:00,25.0,40.0,5.0,30.0,chopper-barbell,13,77.97015584676824,True,False,False,1.0,ee7a50a277fef6153a1cc05f9cc2afd227e940efbd36a4c2b0abe9a57580901b,3e7cfddea1d70f28dbf0ec0a605e0a0e4201d8a77c82fc3d93e97e30380c297f,4d6b8cb1d482e5066f9ca575ebd3b67af4a32562
sup,20x,8,2026-06-11T09:05:43.656374+00:00,25.0,40.0,5.0,30.0,filtlong-untrimmed,14,66.93193226361691,True,True,False,1.0,ee7a50a277fef6153a1cc05f9cc2afd227e940efbd36a4c2b0abe9a57580901b,3e7cfddea1d70f28dbf0ec0a605e0a0e4201d8a77c82fc3d93e97e30380c297f,4d6b8cb1d482e5066f9ca575ebd3b67af4a32562
sup,20x,8,2026-06-11T09:05:43.656374+00:00,25.0,40.0,5.0,30.0,filtlong-dorado,15,66.63240121601707,True,True,False,1.0,ee7a50a277fef6153a1cc05f9cc2afd227e940efbd36a4c2b0abe9a57580901b,3e7cfddea1d70f28dbf0ec0a605e0a0e4201d8a77c82fc3d93e97e30380c297f,4d6b8cb1d482e5066f9ca575ebd3b67af4a32562
sup,20x,8,2026-06-11T09:05:43.656374+00:00,25.0,40.0,5.0,30.0,filtlong-porechop_abi,16,66.34935414971856,True,True,False,1.0,ee7a50a277fef6153a1cc05f9cc2afd227e940efbd36a4c2b0abe9a57580901b,3e7cfddea1d70f28dbf0ec0a605e0a0e4201d8a77c82fc3d93e97e30380c297f,4d6b8cb1d482e5066f9ca575ebd3b67af4a32562
sup,20x,8,2026-06-11T09:05:43.656374+00:00,25.0,40.0,5.0,30.0,filtlong-barbell,17,59.423929878413766,True,False,False,1.0,ee7a50a277fef6153a1cc05f9cc2afd227e940efbd36a4c2b0abe9a57580901b,3e7cfddea1d70f28dbf0ec0a605e0a0e4201d8a77c82fc3d93e97e30380c297f,4d6b8cb1d482e5066f9ca575ebd3b67af4a32562
sup,20x,9,2026-06-11T14:02:05.818988+00:00,35.0,10.0,25.0,30.0,chopper-porechop_abi,1,96.88824098246447,True,True,True,1.0,ee7a50a277fef6153a1cc05f9cc2afd227e940efbd36a4c2b0abe9a57580901b,3e7cfddea1d70f28dbf0ec0a605e0a0e4201d8a77c82fc3d93e97e30380c297f,4d6b8cb1d482e5066f9ca575ebd3b67af4a32562
sup,20x,9,2026-06-11T14:02:05.818988+00:00,35.0,10.0,25.0,30.0,chopper-dorado,2,96.57079771746517,True,True,False,1.0,ee7a50a277fef6153a1cc05f9cc2afd227e940efbd36a4c2b0abe9a57580901b,3e7cfddea1d70f28dbf0ec0a605e0a0e4201d8a77c82fc3d93e97e30380c297f,4d6b8cb1d482e5066f9ca575ebd3b67af4a32562
sup,20x,9,2026-06-11T14:02:05.818988+00:00,35.0,10.0,25.0,30.0,unprocessed-dorado,3,96.06357604581304,True,True,False,1.0,ee7a50a277fef6153a1cc05f9cc2afd227e940efbd36a4c2b0abe9a57580901b,3e7cfddea1d70f28dbf0ec0a605e0a0e4201d8a77c82fc3d93e97e30380c297f,4d6b8cb1d482e5066f9ca575ebd3b67af4a32562
sup,20x,9,2026-06-11T14:02:05.818988+00:00,35.0,10.0,25.0,30.0,unprocessed-porechop_abi,4,95.83223837148275,True,True,False,1.0,ee7a50a277fef6153a1cc05f9cc2afd227e940efbd36a4c2b0abe9a57580901b,3e7cfddea1d70f28dbf0ec0a605e0a0e4201d8a77c82fc3d93e97e30380c297f,4d6b8cb1d482e5066f9ca575ebd3b67af4a32562
sup,20x,9,2026-06-11T14:02:05.818988+00:00,35.0,10.0,25.0,30.0,fastplong-all,5,95.03292859119429,True,True,False,1.0,ee7a50a277fef6153a1cc05f9cc2afd227e940efbd36a4c2b0abe9a57580901b,3e7cfddea1d70f28dbf0ec0a605e0a0e4201d8a77c82fc3d93e97e30380c297f,4d6b8cb1d482e5066f9ca575ebd3b67af4a32562
sup,20x,9,2026-06-11T14:02:05.818988+00:00,35.0,10.0,25.0,30.0,seqkit-barbell,6,92.33489261658062,True,False,False,1.0,ee7a50a277fef6153a1cc05f9cc2afd227e940efbd36a4c2b0abe9a57580901b,3e7cfddea1d70f28dbf0ec0a605e0a0e4201d8a77c82fc3d93e97e30380c297f,4d6b8cb1d482e5066f9ca575ebd3b67af4a32562
sup,20x,9,2026-06-11T14:02:05.818988+00:00,35.0,10.0,25.0,30.0,chopper-untrimmed,7,90.23843988022529,True,False,False,1.0,ee7a50a277fef6153a1cc05f9cc2afd227e940efbd36a4c2b0abe9a57580901b,3e7cfddea1d70f28dbf0ec0a605e0a0e4201d8a77c82fc3d93e97e30380c297f,4d6b8cb1d482e5066f9ca575ebd3b67af4a32562
sup,20x,9,2026-06-11T14:02:05.818988+00:00,35.0,10.0,25.0,30.0,unprocessed-barbell,8,87.72176689005067,True,True,False,1.0,ee7a50a277fef6153a1cc05f9cc2afd227e940efbd36a4c2b0abe9a57580901b,3e7cfddea1d70f28dbf0ec0a605e0a0e4201d8a77c82fc3d93e97e30380c297f,4d6b8cb1d482e5066f9ca575ebd3b67af4a32562
sup,20x,9,2026-06-11T14:02:05.818988+00:00,35.0,10.0,25.0,30.0,seqkit-untrimmed,9,87.4841090412522,True,True,False,1.0,ee7a50a277fef6153a1cc05f9cc2afd227e940efbd36a4c2b0abe9a57580901b,3e7cfddea1d70f28dbf0ec0a605e0a0e4201d8a77c82fc3d93e97e30380c297f,4d6b8cb1d482e5066f9ca575ebd3b67af4a32562
sup,20x,9,2026-06-11T14:02:05.818988+00:00,35.0,10.0,25.0,30.0,seqkit-dorado,10,85.49769969174939,True,True,False,1.0,ee7a50a277fef6153a1cc05f9cc2afd227e940efbd36a4c2b0abe9a57580901b,3e7cfddea1d70f28dbf0ec0a605e0a0e4201d8a77c82fc3d93e97e30380c297f,4d6b8cb1d482e5066f9ca575ebd3b67af4a32562
sup,20x,9,2026-06-11T14:02:05.818988+00:00,35.0,10.0,25.0,30.0,seqkit-porechop_abi,11,85.14624966135149,True,True,False,1.0,ee7a50a277fef6153a1cc05f9cc2afd227e940efbd36a4c2b0abe9a57580901b,3e7cfddea1d70f28dbf0ec0a605e0a0e4201d8a77c82fc3d93e97e30380c297f,4d6b8cb1d482e5066f9ca575ebd3b67af4a32562
sup,20x,9,2026-06-11T14:02:05.818988+00:00,35.0,10.0,25.0,30.0,unprocessed-untrimmed,12,84.47379193031946,True,True,False,1.0,ee7a50a277fef6153a1cc05f9cc2afd227e940efbd36a4c2b0abe9a57580901b,3e7cfddea1d70f28dbf0ec0a605e0a0e4201d8a77c82fc3d93e97e30380c297f,4d6b8cb1d482e5066f9ca575ebd3b67af4a32562
sup,20x,9,2026-06-11T14:02:05.818988+00:00,35.0,10.0,25.0,30.0,chopper-barbell,13,81.58753896169205,True,False,False,1.0,ee7a50a277fef6153a1cc05f9cc2afd227e940efbd36a4c2b0abe9a57580901b,3e7cfddea1d70f28dbf0ec0a605e0a0e4201d8a77c82fc3d93e97e30380c297f,4d6b8cb1d482e5066f9ca575ebd3b67af4a32562
sup,20x,9,2026-06-11T14:02:05.818988+00:00,35.0,10.0,25.0,30.0,filtlong-dorado,14,67.09915799631197,True,True,False,1.0,ee7a50a277fef6153a1cc05f9cc2afd227e940efbd36a4c2b0abe9a57580901b,3e7cfddea1d70f28dbf0ec0a605e0a0e4201d8a77c82fc3d93e97e30380c297f,4d6b8cb1d482e5066f9ca575ebd3b67af4a32562
sup,20x,9,2026-06-11T14:02:05.818988+00:00,35.0,10.0,25.0,30.0,filtlong-untrimmed,15,66.91086768128883,True,True,False,1.0,ee7a50a277fef6153a1cc05f9cc2afd227e940efbd36a4c2b0abe9a57580901b,3e7cfddea1d70f28dbf0ec0a605e0a0e4201d8a77c82fc3d93e97e30380c297f,4d6b8cb1d482e5066f9ca575ebd3b67af4a32562
sup,20x,9,2026-06-11T14:02:05.818988+00:00,35.0,10.0,25.0,30.0,filtlong-porechop_abi,16,66.66128084512195,True,True,False,1.0,ee7a50a277fef6153a1cc05f9cc2afd227e940efbd36a4c2b0abe9a57580901b,3e7cfddea1d70f28dbf0ec0a605e0a0e4201d8a77c82fc3d93e97e30380c297f,4d6b8cb1d482e5066f9ca575ebd3b67af4a32562
sup,20x,9,2026-06-11T14:02:05.818988+00:00,35.0,10.0,25.0,30.0,filtlong-barbell,17,59.989347854218835,True,False,False,1.0,ee7a50a277fef6153a1cc05f9cc2afd227e940efbd36a4c2b0abe9a57580901b,3e7cfddea1d70f28dbf0ec0a605e0a0e4201d8a77c82fc3d93e97e30380c297f,4d6b8cb1d482e5066f9ca575ebd3b67af4a32562
sup,20x,10,2026-06-11T15:38:20.193610+00:00,0.0,25.0,25.0,50.0,unprocessed-porechop_abi,1,99.99982669793764,True,True,True,1.0,ee7a50a277fef6153a1cc05f9cc2afd227e940efbd36a4c2b0abe9a57580901b,3e7cfddea1d70f28dbf0ec0a605e0a0e4201d8a77c82fc3d93e97e30380c297f,4d6b8cb1d482e5066f9ca575ebd3b67af4a32562
sup,20x,10,2026-06-11T15:38:20.193610+00:00,0.0,25.0,25.0,50.0,unprocessed-dorado,2,99.99932472991722,True,True,False,1.0,ee7a50a277fef6153a1cc05f9cc2afd227e940efbd36a4c2b0abe9a57580901b,3e7cfddea1d70f28dbf0ec0a605e0a0e4201d8a77c82fc3d93e97e30380c297f,4d6b8cb1d482e5066f9ca575ebd3b67af4a32562
sup,20x,10,2026-06-11T15:38:20.193610+00:00,0.0,25.0,25.0,50.0,chopper-porechop_abi,3,99.99464091769964,True,True,False,1.0,ee7a50a277fef6153a1cc05f9cc2afd227e940efbd36a4c2b0abe9a57580901b,3e7cfddea1d70f28dbf0ec0a605e0a0e4201d8a77c82fc3d93e97e30380c297f,4d6b8cb1d482e5066f9ca575ebd3b67af4a32562
sup,20x,10,2026-06-11T15:38:20.193610+00:00,0.0,25.0,25.0,50.0,chopper-dorado,4,99.98853275520139,True,True,False,1.0,ee7a50a277fef6153a1cc05f9cc2afd227e940efbd36a4c2b0abe9a57580901b,3e7cfddea1d70f28dbf0ec0a605e0a0e4201d8a77c82fc3d93e97e30380c297f,4d6b8cb1d482e5066f9ca575ebd3b67af4a32562
sup,20x,10,2026-06-11T15:38:20.193610+00:00,0.0,25.0,25.0,50.0,fastplong-all,5,99.0313599395242,True,True,False,1.0,ee7a50a277fef6153a1cc05f9cc2afd227e940efbd36a4c2b0abe9a57580901b,3e7cfddea1d70f28dbf0ec0a605e0a0e4201d8a77c82fc3d93e97e30380c297f,4d6b8cb1d482e5066f9ca575ebd3b67af4a32562
sup,20x,10,2026-06-11T15:38:20.193610+00:00,0.0,25.0,25.0,50.0,unprocessed-barbell,6,96.66210953281897,True,False,False,1.0,ee7a50a277fef6153a1cc05f9cc2afd227e940efbd36a4c2b0abe9a57580901b,3e7cfddea1d70f28dbf0ec0a605e0a0e4201d8a77c82fc3d93e97e30380c297f,4d6b8cb1d482e5066f9ca575ebd3b67af4a32562
sup,20x,10,2026-06-11T15:38:20.193610+00:00,0.0,25.0,25.0,50.0,seqkit-barbell,7,94.37953923375925,True,True,False,1.0,ee7a50a277fef6153a1cc05f9cc2afd227e940efbd36a4c2b0abe9a57580901b,3e7cfddea1d70f28dbf0ec0a605e0a0e4201d8a77c82fc3d93e97e30380c297f,4d6b8cb1d482e5066f9ca575ebd3b67af4a32562
sup,20x,10,2026-06-11T15:38:20.193610+00:00,0.0,25.0,25.0,50.0,chopper-untrimmed,8,94.21148431594784,True,True,False,1.0,ee7a50a277fef6153a1cc05f9cc2afd227e940efbd36a4c2b0abe9a57580901b,3e7cfddea1d70f28dbf0ec0a605e0a0e4201d8a77c82fc3d93e97e30380c297f,4d6b8cb1d482e5066f9ca575ebd3b67af4a32562
sup,20x,10,2026-06-11T15:38:20.193610+00:00,0.0,25.0,25.0,50.0,seqkit-untrimmed,9,90.38238798774586,True,False,False,1.0,ee7a50a277fef6153a1cc05f9cc2afd227e940efbd36a4c2b0abe9a57580901b,3e7cfddea1d70f28dbf0ec0a605e0a0e4201d8a77c82fc3d93e97e30380c297f,4d6b8cb1d482e5066f9ca575ebd3b67af4a32562
sup,20x,10,2026-06-11T15:38:20.193610+00:00,0.0,25.0,25.0,50.0,unprocessed-untrimmed,10,88.53736444118327,True,False,False,1.0,ee7a50a277fef6153a1cc05f9cc2afd227e940efbd36a4c2b0abe9a57580901b,3e7cfddea1d70f28dbf0ec0a605e0a0e4201d8a77c82fc3d93e97e30380c297f,4d6b8cb1d482e5066f9ca575ebd3b67af4a32562
sup,20x,10,2026-06-11T15:38:20.193610+00:00,0.0,25.0,25.0,50.0,seqkit-dorado,11,82.75258256270678,True,False,False,1.0,ee7a50a277fef6153a1cc05f9cc2afd227e940efbd36a4c2b0abe9a57580901b,3e7cfddea1d70f28dbf0ec0a605e0a0e4201d8a77c82fc3d93e97e30380c297f,4d6b8cb1d482e5066f9ca575ebd3b67af4a32562
sup,20x,10,2026-06-11T15:38:20.193610+00:00,0.0,25.0,25.0,50.0,seqkit-porechop_abi,12,81.4903036405582,True,False,False,1.0,ee7a50a277fef6153a1cc05f9cc2afd227e940efbd36a4c2b0abe9a57580901b,3e7cfddea1d70f28dbf0ec0a605e0a0e4201d8a77c82fc3d93e97e30380c297f,4d6b8cb1d482e5066f9ca575ebd3b67af4a32562
sup,20x,10,2026-06-11T15:38:20.193610+00:00,0.0,25.0,25.0,50.0,chopper-barbell,13,78.75218073756349,True,False,False,1.0,ee7a50a277fef6153a1cc05f9cc2afd227e940efbd36a4c2b0abe9a57580901b,3e7cfddea1d70f28dbf0ec0a605e0a0e4201d8a77c82fc3d93e97e30380c297f,4d6b8cb1d482e5066f9ca575ebd3b67af4a32562
sup,20x,10,2026-06-11T15:38:20.193610+00:00,0.0,25.0,25.0,50.0,filtlong-untrimmed,14,49.34447689552981,True,True,False,1.0,ee7a50a277fef6153a1cc05f9cc2afd227e940efbd36a4c2b0abe9a57580901b,3e7cfddea1d70f28dbf0ec0a605e0a0e4201d8a77c82fc3d93e97e30380c297f,4d6b8cb1d482e5066f9ca575ebd3b67af4a32562
sup,20x,10,2026-06-11T15:38:20.193610+00:00,0.0,25.0,25.0,50.0,filtlong-porechop_abi,15,49.03685595895871,True,True,False,1.0,ee7a50a277fef6153a1cc05f9cc2afd227e940efbd36a4c2b0abe9a57580901b,3e7cfddea1d70f28dbf0ec0a605e0a0e4201d8a77c82fc3d93e97e30380c297f,4d6b8cb1d482e5066f9ca575ebd3b67af4a32562
sup,20x,10,2026-06-11T15:38:20.193610+00:00,0.0,25.0,25.0,50.0,filtlong-dorado,16,49.014241144626055,True,True,False,1.0,ee7a50a277fef6153a1cc05f9cc2afd227e940efbd36a4c2b0abe9a57580901b,3e7cfddea1d70f28dbf0ec0a605e0a0e4201d8a77c82fc3d93e97e30380c297f,4d6b8cb1d482e5066f9ca575ebd3b67af4a32562
sup,20x,10,2026-06-11T15:38:20.193610+00:00,0.0,25.0,25.0,50.0,filtlong-barbell,17,47.393561943239376,True,False,False,1.0,ee7a50a277fef6153a1cc05f9cc2afd227e940efbd36a4c2b0abe9a57580901b,3e7cfddea1d70f28dbf0ec0a605e0a0e4201d8a77c82fc3d93e97e30380c297f,4d6b8cb1d482e5066f9ca575ebd3b67af4a32562
sup,20x,11,2026-06-11T17:50:23.421189+00:00,30.0,25.0,20.0,25.0,chopper-porechop_abi,1,97.32925630231503,True,True,True,1.0,ee7a50a277fef6153a1cc05f9cc2afd227e940efbd36a4c2b0abe9a57580901b,3e7cfddea1d70f28dbf0ec0a605e0a0e4201d8a77c82fc3d93e97e30380c297f,4d6b8cb1d482e5066f9ca575ebd3b67af4a32562
sup,20x,11,2026-06-11T17:50:23.421189+00:00,30.0,25.0,20.0,25.0,chopper-dorado,2,97.05314813981677,True,True,False,1.0,ee7a50a277fef6153a1cc05f9cc2afd227e940efbd36a4c2b0abe9a57580901b,3e7cfddea1d70f28dbf0ec0a605e0a0e4201d8a77c82fc3d93e97e30380c297f,4d6b8cb1d482e5066f9ca575ebd3b67af4a32562
sup,20x,11,2026-06-11T17:50:23.421189+00:00,30.0,25.0,20.0,25.0,unprocessed-dorado,3,96.62547857607107,True,True,False,1.0,ee7a50a277fef6153a1cc05f9cc2afd227e940efbd36a4c2b0abe9a57580901b,3e7cfddea1d70f28dbf0ec0a605e0a0e4201d8a77c82fc3d93e97e30380c297f,4d6b8cb1d482e5066f9ca575ebd3b67af4a32562
sup,20x,11,2026-06-11T17:50:23.421189+00:00,30.0,25.0,20.0,25.0,unprocessed-porechop_abi,4,96.42751900562996,True,True,False,1.0,ee7a50a277fef6153a1cc05f9cc2afd227e940efbd36a4c2b0abe9a57580901b,3e7cfddea1d70f28dbf0ec0a605e0a0e4201d8a77c82fc3d93e97e30380c297f,4d6b8cb1d482e5066f9ca575ebd3b67af4a32562
sup,20x,11,2026-06-11T17:50:23.421189+00:00,30.0,25.0,20.0,25.0,fastplong-all,5,95.10597532413958,True,False,False,1.0,ee7a50a277fef6153a1cc05f9cc2afd227e940efbd36a4c2b0abe9a57580901b,3e7cfddea1d70f28dbf0ec0a605e0a0e4201d8a77c82fc3d93e97e30380c297f,4d6b8cb1d482e5066f9ca575ebd3b67af4a32562
sup,20x,11,2026-06-11T17:50:23.421189+00:00,30.0,25.0,20.0,25.0,chopper-untrimmed,6,91.94994585440938,True,False,False,1.0,ee7a50a277fef6153a1cc05f9cc2afd227e940efbd36a4c2b0abe9a57580901b,3e7cfddea1d70f28dbf0ec0a605e0a0e4201d8a77c82fc3d93e97e30380c297f,4d6b8cb1d482e5066f9ca575ebd3b67af4a32562
sup,20x,11,2026-06-11T17:50:23.421189+00:00,30.0,25.0,20.0,25.0,seqkit-untrimmed,7,89.82008029543816,True,True,False,1.0,ee7a50a277fef6153a1cc05f9cc2afd227e940efbd36a4c2b0abe9a57580901b,3e7cfddea1d70f28dbf0ec0a605e0a0e4201d8a77c82fc3d93e97e30380c297f,4d6b8cb1d482e5066f9ca575ebd3b67af4a32562
sup,20x,11,2026-06-11T17:50:23.421189+00:00,30.0,25.0,20.0,25.0,seqkit-barbell,8,89.73646231068231,True,True,False,1.0,ee7a50a277fef6153a1cc05f9cc2afd227e940efbd36a4c2b0abe9a57580901b,3e7cfddea1d70f28dbf0ec0a605e0a0e4201d8a77c82fc3d93e97e30380c297f,4d6b8cb1d482e5066f9ca575ebd3b67af4a32562
sup,20x,11,2026-06-11T17:50:23.421189+00:00,30.0,25.0,20.0,25.0,unprocessed-barbell,9,88.65595568666512,True,False,False,1.0,ee7a50a277fef6153a1cc05f9cc2afd227e940efbd36a4c2b0abe9a57580901b,3e7cfddea1d70f28dbf0ec0a605e0a0e4201d8a77c82fc3d93e97e30380c297f,4d6b8cb1d482e5066f9ca575ebd3b67af4a32562
sup,20x,11,2026-06-11T17:50:23.421189+00:00,30.0,25.0,20.0,25.0,seqkit-dorado,10,87.42591589604011,True,False,False,1.0,ee7a50a277fef6153a1cc05f9cc2afd227e940efbd36a4c2b0abe9a57580901b,3e7cfddea1d70f28dbf0ec0a605e0a0e4201d8a77c82fc3d93e97e30380c297f,4d6b8cb1d482e5066f9ca575ebd3b67af4a32562
sup,20x,11,2026-06-11T17:50:23.421189+00:00,30.0,25.0,20.0,25.0,seqkit-porechop_abi,11,86.29517543542997,True,True,False,1.0,ee7a50a277fef6153a1cc05f9cc2afd227e940efbd36a4c2b0abe9a57580901b,3e7cfddea1d70f28dbf0ec0a605e0a0e4201d8a77c82fc3d93e97e30380c297f,4d6b8cb1d482e5066f9ca575ebd3b67af4a32562
sup,20x,11,2026-06-11T17:50:23.421189+00:00,30.0,25.0,20.0,25.0,unprocessed-untrimmed,12,86.02736444118327,True,True,False,1.0,ee7a50a277fef6153a1cc05f9cc2afd227e940efbd36a4c2b0abe9a57580901b,3e7cfddea1d70f28dbf0ec0a605e0a0e4201d8a77c82fc3d93e97e30380c297f,4d6b8cb1d482e5066f9ca575ebd3b67af4a32562
sup,20x,11,2026-06-11T17:50:23.421189+00:00,30.0,25.0,20.0,25.0,chopper-barbell,13,81.44551407089682,True,False,False,1.0,ee7a50a277fef6153a1cc05f9cc2afd227e940efbd36a4c2b0abe9a57580901b,3e7cfddea1d70f28dbf0ec0a605e0a0e4201d8a77c82fc3d93e97e30380c297f,4d6b8cb1d482e5066f9ca575ebd3b67af4a32562
sup,20x,11,2026-06-11T17:50:23.421189+00:00,30.0,25.0,20.0,25.0,filtlong-untrimmed,14,71.92139997245287,True,True,False,1.0,ee7a50a277fef6153a1cc05f9cc2afd227e940efbd36a4c2b0abe9a57580901b,3e7cfddea1d70f28dbf0ec0a605e0a0e4201d8a77c82fc3d93e97e30380c297f,4d6b8cb1d482e5066f9ca575ebd3b67af4a32562
sup,20x,11,2026-06-11T17:50:23.421189+00:00,30.0,25.0,20.0,25.0,filtlong-dorado,15,71.86577960616452,True,True,False,1.0,ee7a50a277fef6153a1cc05f9cc2afd227e940efbd36a4c2b0abe9a57580901b,3e7cfddea1d70f28dbf0ec0a605e0a0e4201d8a77c82fc3d93e97e30380c297f,4d6b8cb1d482e5066f9ca575ebd3b67af4a32562
sup,20x,11,2026-06-11T17:50:23.421189+00:00,30.0,25.0,20.0,25.0,filtlong-porechop_abi,16,71.50531749742025,True,True,False,1.0,ee7a50a277fef6153a1cc05f9cc2afd227e940efbd36a4c2b0abe9a57580901b,3e7cfddea1d70f28dbf0ec0a605e0a0e4201d8a77c82fc3d93e97e30380c297f,4d6b8cb1d482e5066f9ca575ebd3b67af4a32562
sup,20x,11,2026-06-11T17:50:23.421189+00:00,30.0,25.0,20.0,25.0,filtlong-barbell,17,64.7066388663163,True,False,False,1.0,ee7a50a277fef6153a1cc05f9cc2afd227e940efbd36a4c2b0abe9a57580901b,3e7cfddea1d70f28dbf0ec0a605e0a0e4201d8a77c82fc3d93e97e30380c297f,4d6b8cb1d482e5066f9ca575ebd3b67af4a32562
sup,20x,12,2026-06-11T23:15:28.808503+00:00,40.0,10.0,10.0,40.0,chopper-porechop_abi,1,96.44401021323371,True,True,True,1.0,ee7a50a277fef6153a1cc05f9cc2afd227e940efbd36a4c2b0abe9a57580901b,3e7cfddea1d70f28dbf0ec0a605e0a0e4201d8a77c82fc3d93e97e30380c297f,4d6b8cb1d482e5066f9ca575ebd3b67af4a32562
sup,20x,12,2026-06-11T23:15:28.808503+00:00,40.0,10.0,10.0,40.0,chopper-dorado,2,96.0815669482344,True,True,False,1.0,ee7a50a277fef6153a1cc05f9cc2afd227e940efbd36a4c2b0abe9a57580901b,3e7cfddea1d70f28dbf0ec0a605e0a0e4201d8a77c82fc3d93e97e30380c297f,4d6b8cb1d482e5066f9ca575ebd3b67af4a32562
sup,20x,12,2026-06-11T23:15:28.808503+00:00,40.0,10.0,10.0,40.0,unprocessed-dorado,3,95.50126835350537,True,True,False,1.0,ee7a50a277fef6153a1cc05f9cc2afd227e940efbd36a4c2b0abe9a57580901b,3e7cfddea1d70f28dbf0ec0a605e0a0e4201d8a77c82fc3d93e97e30380c297f,4d6b8cb1d482e5066f9ca575ebd3b67af4a32562
sup,20x,12,2026-06-11T23:15:28.808503+00:00,40.0,10.0,10.0,40.0,unprocessed-porechop_abi,4,95.23685375609813,True,True,False,1.0,ee7a50a277fef6153a1cc05f9cc2afd227e940efbd36a4c2b0abe9a57580901b,3e7cfddea1d70f28dbf0ec0a605e0a0e4201d8a77c82fc3d93e97e30380c297f,4d6b8cb1d482e5066f9ca575ebd3b67af4a32562
sup,20x,12,2026-06-11T23:15:28.808503+00:00,40.0,10.0,10.0,40.0,fastplong-all,5,94.37869782196353,True,True,False,1.0,ee7a50a277fef6153a1cc05f9cc2afd227e940efbd36a4c2b0abe9a57580901b,3e7cfddea1d70f28dbf0ec0a605e0a0e4201d8a77c82fc3d93e97e30380c297f,4d6b8cb1d482e5066f9ca575ebd3b67af4a32562
sup,20x,12,2026-06-11T23:15:28.808503+00:00,40.0,10.0,10.0,40.0,chopper-untrimmed,6,93.13074757253298,True,True,False,1.0,ee7a50a277fef6153a1cc05f9cc2afd227e940efbd36a4c2b0abe9a57580901b,3e7cfddea1d70f28dbf0ec0a605e0a0e4201d8a77c82fc3d93e97e30380c297f,4d6b8cb1d482e5066f9ca575ebd3b67af4a32562
sup,20x,12,2026-06-11T23:15:28.808503+00:00,40.0,10.0,10.0,40.0,seqkit-untrimmed,7,92.8391090412522,True,True,False,1.0,ee7a50a277fef6153a1cc05f9cc2afd227e940efbd36a4c2b0abe9a57580901b,3e7cfddea1d70f28dbf0ec0a605e0a0e4201d8a77c82fc3d93e97e30380c297f,4d6b8cb1d482e5066f9ca575ebd3b67af4a32562
sup,20x,12,2026-06-11T23:15:28.808503+00:00,40.0,10.0,10.0,40.0,seqkit-barbell,8,91.56104646273445,True,False,False,1.0,ee7a50a277fef6153a1cc05f9cc2afd227e940efbd36a4c2b0abe9a57580901b,3e7cfddea1d70f28dbf0ec0a605e0a0e4201d8a77c82fc3d93e97e30380c297f,4d6b8cb1d482e5066f9ca575ebd3b67af4a32562
sup,20x,12,2026-06-11T23:15:28.808503+00:00,40.0,10.0,10.0,40.0,unprocessed-untrimmed,9,89.50417654570407,True,False,False,1.0,ee7a50a277fef6153a1cc05f9cc2afd227e940efbd36a4c2b0abe9a57580901b,3e7cfddea1d70f28dbf0ec0a605e0a0e4201d8a77c82fc3d93e97e30380c297f,4d6b8cb1d482e5066f9ca575ebd3b67af4a32562
sup,20x,12,2026-06-11T23:15:28.808503+00:00,40.0,10.0,10.0,40.0,unprocessed-barbell,10,87.47715150543529,True,False,False,1.0,ee7a50a277fef6153a1cc05f9cc2afd227e940efbd36a4c2b0abe9a57580901b,3e7cfddea1d70f28dbf0ec0a605e0a0e4201d8a77c82fc3d93e97e30380c297f,4d6b8cb1d482e5066f9ca575ebd3b67af4a32562
sup,20x,12,2026-06-11T23:15:28.808503+00:00,40.0,10.0,10.0,40.0,seqkit-dorado,11,81.55436635841606,True,True,False,1.0,ee7a50a277fef6153a1cc05f9cc2afd227e940efbd36a4c2b0abe9a57580901b,3e7cfddea1d70f28dbf0ec0a605e0a0e4201d8a77c82fc3d93e97e30380c297f,4d6b8cb1d482e5066f9ca575ebd3b67af4a32562
sup,20x,12,2026-06-11T23:15:28.808503+00:00,40.0,10.0,10.0,40.0,seqkit-porechop_abi,12,81.22483940494124,True,True,False,1.0,ee7a50a277fef6153a1cc05f9cc2afd227e940efbd36a4c2b0abe9a57580901b,3e7cfddea1d70f28dbf0ec0a605e0a0e4201d8a77c82fc3d93e97e30380c297f,4d6b8cb1d482e5066f9ca575ebd3b67af4a32562
sup,20x,12,2026-06-11T23:15:28.808503+00:00,40.0,10.0,10.0,40.0,chopper-barbell,13,77.31420562835872,True,False,False,1.0,ee7a50a277fef6153a1cc05f9cc2afd227e940efbd36a4c2b0abe9a57580901b,3e7cfddea1d70f28dbf0ec0a605e0a0e4201d8a77c82fc3d93e97e30380c297f,4d6b8cb1d482e5066f9ca575ebd3b67af4a32562
sup,20x,12,2026-06-11T23:15:28.808503+00:00,40.0,10.0,10.0,40.0,filtlong-dorado,14,56.741081073235044,True,True,False,1.0,ee7a50a277fef6153a1cc05f9cc2afd227e940efbd36a4c2b0abe9a57580901b,3e7cfddea1d70f28dbf0ec0a605e0a0e4201d8a77c82fc3d93e97e30380c297f,4d6b8cb1d482e5066f9ca575ebd3b67af4a32562
sup,20x,12,2026-06-11T23:15:28.808503+00:00,40.0,10.0,10.0,40.0,filtlong-untrimmed,15,56.50702152744268,True,True,False,1.0,ee7a50a277fef6153a1cc05f9cc2afd227e940efbd36a4c2b0abe9a57580901b,3e7cfddea1d70f28dbf0ec0a605e0a0e4201d8a77c82fc3d93e97e30380c297f,4d6b8cb1d482e5066f9ca575ebd3b67af4a32562
sup,20x,12,2026-06-11T23:15:28.808503+00:00,40.0,10.0,10.0,40.0,filtlong-porechop_abi,16,56.23935776819887,True,True,False,1.0,ee7a50a277fef6153a1cc05f9cc2afd227e940efbd36a4c2b0abe9a57580901b,3e7cfddea1d70f28dbf0ec0a605e0a0e4201d8a77c82fc3d93e97e30380c297f,4d6b8cb1d482e5066f9ca575ebd3b67af4a32562
sup,20x,12,2026-06-11T23:15:28.808503+00:00,40.0,10.0,10.0,40.0,filtlong-barbell,17,48.708194008064986,True,False,False,1.0,ee7a50a277fef6153a1cc05f9cc2afd227e940efbd36a4c2b0abe9a57580901b,3e7cfddea1d70f28dbf0ec0a605e0a0e4201d8a77c82fc3d93e97e30380c297f,4d6b8cb1d482e5066f9ca575ebd3b67af4a32562
sup,20x,13,2026-06-15T06:05:51.659902+00:00,25.0,25.0,25.0,25.0,chopper-porechop_abi,1,97.77348707154579,True,True,True,1.0,ee7a50a277fef6153a1cc05f9cc2afd227e940efbd36a4c2b0abe9a57580901b,3e7cfddea1d70f28dbf0ec0a605e0a0e4201d8a77c82fc3d93e97e30380c297f,4d6b8cb1d482e5066f9ca575ebd3b67af4a32562
sup,20x,13,2026-06-15T06:05:51.659902+00:00,25.0,25.0,25.0,25.0,chopper-dorado,2,97.54237890904754,True,True,False,1.0,ee7a50a277fef6153a1cc05f9cc2afd227e940efbd36a4c2b0abe9a57580901b,3e7cfddea1d70f28dbf0ec0a605e0a0e4201d8a77c82fc3d93e97e30380c297f,4d6b8cb1d482e5066f9ca575ebd3b67af4a32562
sup,20x,13,2026-06-15T06:05:51.659902+00:00,25.0,25.0,25.0,25.0,unprocessed-dorado,3,97.18778626837877,True,True,False,1.0,ee7a50a277fef6153a1cc05f9cc2afd227e940efbd36a4c2b0abe9a57580901b,3e7cfddea1d70f28dbf0ec0a605e0a0e4201d8a77c82fc3d93e97e30380c297f,4d6b8cb1d482e5066f9ca575ebd3b67af4a32562
sup,20x,13,2026-06-15T06:05:51.659902+00:00,25.0,25.0,25.0,25.0,unprocessed-porechop_abi,4,97.02290362101458,True,True,False,1.0,ee7a50a277fef6153a1cc05f9cc2afd227e940efbd36a4c2b0abe9a57580901b,3e7cfddea1d70f28dbf0ec0a605e0a0e4201d8a77c82fc3d93e97e30380c297f,4d6b8cb1d482e5066f9ca575ebd3b67af4a32562
sup,20x,13,2026-06-15T06:05:51.659902+00:00,25.0,25.0,25.0,25.0,fastplong-all,5,95.76020609337036,True,False,False,1.0,ee7a50a277fef6153a1cc05f9cc2afd227e940efbd36a4c2b0abe9a57580901b,3e7cfddea1d70f28dbf0ec0a605e0a0e4201d8a77c82fc3d93e97e30380c297f,4d6b8cb1d482e5066f9ca575ebd3b67af4a32562
sup,20x,13,2026-06-15T06:05:51.659902+00:00,25.0,25.0,25.0,25.0,chopper-untrimmed,6,91.36533046979399,True,True,False,1.0,ee7a50a277fef6153a1cc05f9cc2afd227e940efbd36a4c2b0abe9a57580901b,3e7cfddea1d70f28dbf0ec0a605e0a0e4201d8a77c82fc3d93e97e30380c297f,4d6b8cb1d482e5066f9ca575ebd3b67af4a32562
sup,20x,13,2026-06-15T06:05:51.659902+00:00,25.0,25.0,25.0,25.0,seqkit-barbell,7,90.51030846452846,True,True,False,1.0,ee7a50a277fef6153a1cc05f9cc2afd227e940efbd36a4c2b0abe9a57580901b,3e7cfddea1d70f28dbf0ec0a605e0a0e4201d8a77c82fc3d93e97e30380c297f,4d6b8cb1d482e5066f9ca575ebd3b67af4a32562
sup,20x,13,2026-06-15T06:05:51.659902+00:00,25.0,25.0,25.0,25.0,unprocessed-barbell,8,89.66980184051128,True,True,False,1.0,ee7a50a277fef6153a1cc05f9cc2afd227e940efbd36a4c2b0abe9a57580901b,3e7cfddea1d70f28dbf0ec0a605e0a0e4201d8a77c82fc3d93e97e30380c297f,4d6b8cb1d482e5066f9ca575ebd3b67af4a32562
sup,20x,13,2026-06-15T06:05:51.659902+00:00,25.0,25.0,25.0,25.0,seqkit-untrimmed,9,88.31123414159201,True,True,False,1.0,ee7a50a277fef6153a1cc05f9cc2afd227e940efbd36a4c2b0abe9a57580901b,3e7cfddea1d70f28dbf0ec0a605e0a0e4201d8a77c82fc3d93e97e30380c297f,4d6b8cb1d482e5066f9ca575ebd3b67af4a32562
sup,20x,13,2026-06-15T06:05:51.659902+00:00,25.0,25.0,25.0,25.0,seqkit-dorado,10,88.03591589604011,True,True,False,1.0,ee7a50a277fef6153a1cc05f9cc2afd227e940efbd36a4c2b0abe9a57580901b,3e7cfddea1d70f28dbf0ec0a605e0a0e4201d8a77c82fc3d93e97e30380c297f,4d6b8cb1d482e5066f9ca575ebd3b67af4a32562
sup,20x,13,2026-06-15T06:05:51.659902+00:00,25.0,25.0,25.0,25.0,seqkit-porechop_abi,11,86.88325235850691,True,False,False,1.0,ee7a50a277fef6153a1cc05f9cc2afd227e940efbd36a4c2b0abe9a57580901b,3e7cfddea1d70f28dbf0ec0a605e0a0e4201d8a77c82fc3d93e97e30380c297f,4d6b8cb1d482e5066f9ca575ebd3b67af4a32562
sup,20x,13,2026-06-15T06:05:51.659902+00:00,25.0,25.0,25.0,25.0,unprocessed-untrimmed,12,84.84313367195251,True,False,False,1.0,ee7a50a277fef6153a1cc05f9cc2afd227e940efbd36a4c2b0abe9a57580901b,3e7cfddea1d70f28dbf0ec0a605e0a0e4201d8a77c82fc3d93e97e30380c297f,4d6b8cb1d482e5066f9ca575ebd3b67af4a32562
sup,20x,13,2026-06-15T06:05:51.659902+00:00,25.0,25.0,25.0,25.0,chopper-barbell,13,82.3855140708968,True,False,False,1.0,ee7a50a277fef6153a1cc05f9cc2afd227e940efbd36a4c2b0abe9a57580901b,3e7cfddea1d70f28dbf0ec0a605e0a0e4201d8a77c82fc3d93e97e30380c297f,4d6b8cb1d482e5066f9ca575ebd3b67af4a32562
sup,20x,13,2026-06-15T06:05:51.659902+00:00,25.0,25.0,25.0,25.0,filtlong-untrimmed,14,72.32524612629902,True,True,False,1.0,ee7a50a277fef6153a1cc05f9cc2afd227e940efbd36a4c2b0abe9a57580901b,3e7cfddea1d70f28dbf0ec0a605e0a0e4201d8a77c82fc3d93e97e30380c297f,4d6b8cb1d482e5066f9ca575ebd3b67af4a32562
sup,20x,13,2026-06-15T06:05:51.659902+00:00,25.0,25.0,25.0,25.0,filtlong-dorado,15,72.22385652924144,True,True,False,1.0,ee7a50a277fef6153a1cc05f9cc2afd227e940efbd36a4c2b0abe9a57580901b,3e7cfddea1d70f28dbf0ec0a605e0a0e4201d8a77c82fc3d93e97e30380c297f,4d6b8cb1d482e5066f9ca575ebd3b67af4a32562
sup,20x,13,2026-06-15T06:05:51.659902+00:00,25.0,25.0,25.0,25.0,filtlong-porechop_abi,16,71.92724057434333,True,True,False,1.0,ee7a50a277fef6153a1cc05f9cc2afd227e940efbd36a4c2b0abe9a57580901b,3e7cfddea1d70f28dbf0ec0a605e0a0e4201d8a77c82fc3d93e97e30380c297f,4d6b8cb1d482e5066f9ca575ebd3b67af4a32562
sup,20x,13,2026-06-15T06:05:51.659902+00:00,25.0,25.0,25.0,25.0,filtlong-barbell,17,65.98779271247014,True,False,False,1.0,ee7a50a277fef6153a1cc05f9cc2afd227e940efbd36a4c2b0abe9a57580901b,3e7cfddea1d70f28dbf0ec0a605e0a0e4201d8a77c82fc3d93e97e30380c297f,4d6b8cb1d482e5066f9ca575ebd3b67af4a32562
sup,20x,14,2026-06-15T08:06:48.027717+00:00,39.0,17.0,13.0,31.0,chopper-porechop_abi,1,96.53135582403574,True,True,True,1.0,ee7a50a277fef6153a1cc05f9cc2afd227e940efbd36a4c2b0abe9a57580901b,3e7cfddea1d70f28dbf0ec0a605e0a0e4201d8a77c82fc3d93e97e30380c297f,4d6b8cb1d482e5066f9ca575ebd3b67af4a32562
sup,20x,14,2026-06-15T08:06:48.027717+00:00,39.0,17.0,13.0,31.0,chopper-dorado,2,96.17620227353694,True,True,False,1.0,ee7a50a277fef6153a1cc05f9cc2afd227e940efbd36a4c2b0abe9a57580901b,3e7cfddea1d70f28dbf0ec0a605e0a0e4201d8a77c82fc3d93e97e30380c297f,4d6b8cb1d482e5066f9ca575ebd3b67af4a32562
sup,20x,14,2026-06-15T08:06:48.027717+00:00,39.0,17.0,13.0,31.0,unprocessed-dorado,3,95.61354081634371,True,True,False,1.0,ee7a50a277fef6153a1cc05f9cc2afd227e940efbd36a4c2b0abe9a57580901b,3e7cfddea1d70f28dbf0ec0a605e0a0e4201d8a77c82fc3d93e97e30380c297f,4d6b8cb1d482e5066f9ca575ebd3b67af4a32562
sup,20x,14,2026-06-15T08:06:48.027717+00:00,39.0,17.0,13.0,31.0,unprocessed-porechop_abi,4,95.35588215459761,True,True,False,1.0,ee7a50a277fef6153a1cc05f9cc2afd227e940efbd36a4c2b0abe9a57580901b,3e7cfddea1d70f28dbf0ec0a605e0a0e4201d8a77c82fc3d93e97e30380c297f,4d6b8cb1d482e5066f9ca575ebd3b67af4a32562
sup,20x,14,2026-06-15T08:06:48.027717+00:00,39.0,17.0,13.0,31.0,fastplong-all,5,94.23832475887644,True,False,False,1.0,ee7a50a277fef6153a1cc05f9cc2afd227e940efbd36a4c2b0abe9a57580901b,3e7cfddea1d70f28dbf0ec0a605e0a0e4201d8a77c82fc3d93e97e30380c297f,4d6b8cb1d482e5066f9ca575ebd3b67af4a32562
sup,20x,14,2026-06-15T08:06:48.027717+00:00,39.0,17.0,13.0,31.0,chopper-untrimmed,6,92.54688625792146,True,True,False,1.0,ee7a50a277fef6153a1cc05f9cc2afd227e940efbd36a4c2b0abe9a57580901b,3e7cfddea1d70f28dbf0ec0a605e0a0e4201d8a77c82fc3d93e97e30380c297f,4d6b8cb1d482e5066f9ca575ebd3b67af4a32562
sup,20x,14,2026-06-15T08:06:48.027717+00:00,39.0,17.0,13.0,31.0,seqkit-untrimmed,7,91.76748537012872,True,True,False,1.0,ee7a50a277fef6153a1cc05f9cc2afd227e940efbd36a4c2b0abe9a57580901b,3e7cfddea1d70f28dbf0ec0a605e0a0e4201d8a77c82fc3d93e97e30380c297f,4d6b8cb1d482e5066f9ca575ebd3b67af4a32562
sup,20x,14,2026-06-15T08:06:48.027717+00:00,39.0,17.0,13.0,31.0,seqkit-barbell,8,90.14208667895628,True,False,False,1.0,ee7a50a277fef6153a1cc05f9cc2afd227e940efbd36a4c2b0abe9a57580901b,3e7cfddea1d70f28dbf0ec0a605e0a0e4201d8a77c82fc3d93e97e30380c297f,4d6b8cb1d482e5066f9ca575ebd3b67af4a32562
sup,20x,14,2026-06-15T08:06:48.027717+00:00,39.0,17.0,13.0,31.0,unprocessed-untrimmed,9,87.98086935846617,True,True,False,1.0,ee7a50a277fef6153a1cc05f9cc2afd227e940efbd36a4c2b0abe9a57580901b,3e7cfddea1d70f28dbf0ec0a605e0a0e4201d8a77c82fc3d93e97e30380c297f,4d6b8cb1d482e5066f9ca575ebd3b67af4a32562
sup,20x,14,2026-06-15T08:06:48.027717+00:00,39.0,17.0,13.0,31.0,unprocessed-barbell,10,87.12992679000921,True,True,False,1.0,ee7a50a277fef6153a1cc05f9cc2afd227e940efbd36a4c2b0abe9a57580901b,3e7cfddea1d70f28dbf0ec0a605e0a0e4201d8a77c82fc3d93e97e30380c297f,4d6b8cb1d482e5066f9ca575ebd3b67af4a32562
sup,20x,14,2026-06-15T08:06:48.027717+00:00,39.0,17.0,13.0,31.0,seqkit-dorado,11,84.51375614264062,True,True,False,1.0,ee7a50a277fef6153a1cc05f9cc2afd227e940efbd36a4c2b0abe9a57580901b,3e7cfddea1d70f28dbf0ec0a605e0a0e4201d8a77c82fc3d93e97e30380c297f,4d6b8cb1d482e5066f9ca575ebd3b67af4a32562
sup,20x,14,2026-06-15T08:06:48.027717+00:00,39.0,17.0,13.0,31.0,seqkit-porechop_abi,12,83.82640647557957,True,True,False,1.0,ee7a50a277fef6153a1cc05f9cc2afd227e940efbd36a4c2b0abe9a57580901b,3e7cfddea1d70f28dbf0ec0a605e0a0e4201d8a77c82fc3d93e97e30380c297f,4d6b8cb1d482e5066f9ca575ebd3b67af4a32562
sup,20x,14,2026-06-15T08:06:48.027717+00:00,39.0,17.0,13.0,31.0,chopper-barbell,13,79.21948290154317,True,False,False,1.0,ee7a50a277fef6153a1cc05f9cc2afd227e940efbd36a4c2b0abe9a57580901b,3e7cfddea1d70f28dbf0ec0a605e0a0e4201d8a77c82fc3d93e97e30380c297f,4d6b8cb1d482e5066f9ca575ebd3b67af4a32562
sup,20x,14,2026-06-15T08:06:48.027717+00:00,39.0,17.0,13.0,31.0,filtlong-dorado,14,65.53668397834572,True,True,False,1.0,ee7a50a277fef6153a1cc05f9cc2afd227e940efbd36a4c2b0abe9a57580901b,3e7cfddea1d70f28dbf0ec0a605e0a0e4201d8a77c82fc3d93e97e30380c297f,4d6b8cb1d482e5066f9ca575ebd3b67af4a32562
sup,20x,14,2026-06-15T08:06:48.027717+00:00,39.0,17.0,13.0,31.0,filtlong-untrimmed,15,65.40424428896026,True,True,False,1.0,ee7a50a277fef6153a1cc05f9cc2afd227e940efbd36a4c2b0abe9a57580901b,3e7cfddea1d70f28dbf0ec0a605e0a0e4201d8a77c82fc3d93e97e30380c297f,4d6b8cb1d482e5066f9ca575ebd3b67af4a32562
sup,20x,14,2026-06-15T08:06:48.027717+00:00,39.0,17.0,13.0,31.0,filtlong-porechop_abi,16,65.05406205209194,True,True,False,1.0,ee7a50a277fef6153a1cc05f9cc2afd227e940efbd36a4c2b0abe9a57580901b,3e7cfddea1d70f28dbf0ec0a605e0a0e4201d8a77c82fc3d93e97e30380c297f,4d6b8cb1d482e5066f9ca575ebd3b67af4a32562
sup,20x,14,2026-06-15T08:06:48.027717+00:00,39.0,17.0,13.0,31.0,filtlong-barbell,17,57.23462212140277,True,False,False,1.0,ee7a50a277fef6153a1cc05f9cc2afd227e940efbd36a4c2b0abe9a57580901b,3e7cfddea1d70f28dbf0ec0a605e0a0e4201d8a77c82fc3d93e97e30380c297f,4d6b8cb1d482e5066f9ca575ebd3b67af4a32562
sup,20x,15,2026-06-15T11:37:41.040801+00:00,50.0,10.0,20.0,20.0,chopper-porechop_abi,1,95.55554867477217,True,True,True,1.0,ee7a50a277fef6153a1cc05f9cc2afd227e940efbd36a4c2b0abe9a57580901b,3e7cfddea1d70f28dbf0ec0a605e0a0e4201d8a77c82fc3d93e97e30380c297f,4d6b8cb1d482e5066f9ca575ebd3b67af4a32562
sup,20x,15,2026-06-15T11:37:41.040801+00:00,50.0,10.0,20.0,20.0,chopper-dorado,2,95.10310540977287,True,True,False,1.0,ee7a50a277fef6153a1cc05f9cc2afd227e940efbd36a4c2b0abe9a57580901b,3e7cfddea1d70f28dbf0ec0a605e0a0e4201d8a77c82fc3d93e97e30380c297f,4d6b8cb1d482e5066f9ca575ebd3b67af4a32562
sup,20x,15,2026-06-15T11:37:41.040801+00:00,50.0,10.0,20.0,20.0,unprocessed-dorado,3,94.37665296888997,True,True,False,1.0,ee7a50a277fef6153a1cc05f9cc2afd227e940efbd36a4c2b0abe9a57580901b,3e7cfddea1d70f28dbf0ec0a605e0a0e4201d8a77c82fc3d93e97e30380c297f,4d6b8cb1d482e5066f9ca575ebd3b67af4a32562
sup,20x,15,2026-06-15T11:37:41.040801+00:00,50.0,10.0,20.0,20.0,unprocessed-porechop_abi,4,94.04608452532892,True,True,False,1.0,ee7a50a277fef6153a1cc05f9cc2afd227e940efbd36a4c2b0abe9a57580901b,3e7cfddea1d70f28dbf0ec0a605e0a0e4201d8a77c82fc3d93e97e30380c297f,4d6b8cb1d482e5066f9ca575ebd3b67af4a32562
sup,20x,15,2026-06-15T11:37:41.040801+00:00,50.0,10.0,20.0,20.0,fastplong-all,5,93.07023628350198,True,True,False,1.0,ee7a50a277fef6153a1cc05f9cc2afd227e940efbd36a4c2b0abe9a57580901b,3e7cfddea1d70f28dbf0ec0a605e0a0e4201d8a77c82fc3d93e97e30380c297f,4d6b8cb1d482e5066f9ca575ebd3b67af4a32562
sup,20x,15,2026-06-15T11:37:41.040801+00:00,50.0,10.0,20.0,20.0,seqkit-barbell,6,90.01335415504214,True,True,False,1.0,ee7a50a277fef6153a1cc05f9cc2afd227e940efbd36a4c2b0abe9a57580901b,3e7cfddea1d70f28dbf0ec0a605e0a0e4201d8a77c82fc3d93e97e30380c297f,4d6b8cb1d482e5066f9ca575ebd3b67af4a32562
sup,20x,15,2026-06-15T11:37:41.040801+00:00,50.0,10.0,20.0,20.0,chopper-untrimmed,7,89.68459372637913,True,True,False,1.0,ee7a50a277fef6153a1cc05f9cc2afd227e940efbd36a4c2b0abe9a57580901b,3e7cfddea1d70f28dbf0ec0a605e0a0e4201d8a77c82fc3d93e97e30380c297f,4d6b8cb1d482e5066f9ca575ebd3b67af4a32562
sup,20x,15,2026-06-15T11:37:41.040801+00:00,50.0,10.0,20.0,20.0,seqkit-untrimmed,8,88.16449365663681,True,False,False,1.0,ee7a50a277fef6153a1cc05f9cc2afd227e940efbd36a4c2b0abe9a57580901b,3e7cfddea1d70f28dbf0ec0a605e0a0e4201d8a77c82fc3d93e97e30380c297f,4d6b8cb1d482e5066f9ca575ebd3b67af4a32562
sup,20x,15,2026-06-15T11:37:41.040801+00:00,50.0,10.0,20.0,20.0,seqkit-dorado,9,87.00103302508272,True,True,False,1.0,ee7a50a277fef6153a1cc05f9cc2afd227e940efbd36a4c2b0abe9a57580901b,3e7cfddea1d70f28dbf0ec0a605e0a0e4201d8a77c82fc3d93e97e30380c297f,4d6b8cb1d482e5066f9ca575ebd3b67af4a32562
sup,20x,15,2026-06-15T11:37:41.040801+00:00,50.0,10.0,20.0,20.0,seqkit-porechop_abi,10,86.71535222545404,True,True,False,1.0,ee7a50a277fef6153a1cc05f9cc2afd227e940efbd36a4c2b0abe9a57580901b,3e7cfddea1d70f28dbf0ec0a605e0a0e4201d8a77c82fc3d93e97e30380c297f,4d6b8cb1d482e5066f9ca575ebd3b67af4a32562
sup,20x,15,2026-06-15T11:37:41.040801+00:00,50.0,10.0,20.0,20.0,unprocessed-untrimmed,11,84.18033039185794,True,True,False,1.0,ee7a50a277fef6153a1cc05f9cc2afd227e940efbd36a4c2b0abe9a57580901b,3e7cfddea1d70f28dbf0ec0a605e0a0e4201d8a77c82fc3d93e97e30380c297f,4d6b8cb1d482e5066f9ca575ebd3b67af4a32562
sup,20x,15,2026-06-15T11:37:41.040801+00:00,50.0,10.0,20.0,20.0,unprocessed-barbell,12,83.91099765928143,True,True,False,1.0,ee7a50a277fef6153a1cc05f9cc2afd227e940efbd36a4c2b0abe9a57580901b,3e7cfddea1d70f28dbf0ec0a605e0a0e4201d8a77c82fc3d93e97e30380c297f,4d6b8cb1d482e5066f9ca575ebd3b67af4a32562
sup,20x,15,2026-06-15T11:37:41.040801+00:00,50.0,10.0,20.0,20.0,chopper-barbell,13,82.10087229502538,True,False,False,1.0,ee7a50a277fef6153a1cc05f9cc2afd227e940efbd36a4c2b0abe9a57580901b,3e7cfddea1d70f28dbf0ec0a605e0a0e4201d8a77c82fc3d93e97e30380c297f,4d6b8cb1d482e5066f9ca575ebd3b67af4a32562
sup,20x,15,2026-06-15T11:37:41.040801+00:00,50.0,10.0,20.0,20.0,filtlong-dorado,14,76.02492722708119,True,True,False,1.0,ee7a50a277fef6153a1cc05f9cc2afd227e940efbd36a4c2b0abe9a57580901b,3e7cfddea1d70f28dbf0ec0a605e0a0e4201d8a77c82fc3d93e97e30380c297f,4d6b8cb1d482e5066f9ca575ebd3b67af4a32562
sup,20x,15,2026-06-15T11:37:41.040801+00:00,50.0,10.0,20.0,20.0,filtlong-untrimmed,15,75.69932921975038,True,True,False,1.0,ee7a50a277fef6153a1cc05f9cc2afd227e940efbd36a4c2b0abe9a57580901b,3e7cfddea1d70f28dbf0ec0a605e0a0e4201d8a77c82fc3d93e97e30380c297f,4d6b8cb1d482e5066f9ca575ebd3b67af4a32562
sup,20x,15,2026-06-15T11:37:41.040801+00:00,50.0,10.0,20.0,20.0,filtlong-porechop_abi,16,75.39551161435271,True,True,False,1.0,ee7a50a277fef6153a1cc05f9cc2afd227e940efbd36a4c2b0abe9a57580901b,3e7cfddea1d70f28dbf0ec0a605e0a0e4201d8a77c82fc3d93e97e30380c297f,4d6b8cb1d482e5066f9ca575ebd3b67af4a32562
sup,20x,15,2026-06-15T11:37:41.040801+00:00,50.0,10.0,20.0,20.0,filtlong-barbell,17,66.1458863157573,True,False,False,1.0,ee7a50a277fef6153a1cc05f9cc2afd227e940efbd36a4c2b0abe9a57580901b,3e7cfddea1d70f28dbf0ec0a605e0a0e4201d8a77c82fc3d93e97e30380c297f,4d6b8cb1d482e5066f9ca575ebd3b67af4a32562
sup,20x,16,2026-06-15T12:29:17.686442+00:00,10.0,15.0,25.0,50.0,chopper-porechop_abi,1,99.10832301215825,True,True,True,1.0,ee7a50a277fef6153a1cc05f9cc2afd227e940efbd36a4c2b0abe9a57580901b,3e7cfddea1d70f28dbf0ec0a605e0a0e4201d8a77c82fc3d93e97e30380c297f,4d6b8cb1d482e5066f9ca575ebd3b67af4a32562
sup,20x,16,2026-06-15T12:29:17.686442+00:00,10.0,15.0,25.0,50.0,chopper-dorado,2,99.01465811465928,True,True,False,1.0,ee7a50a277fef6153a1cc05f9cc2afd227e940efbd36a4c2b0abe9a57580901b,3e7cfddea1d70f28dbf0ec0a605e0a0e4201d8a77c82fc3d93e97e30380c297f,4d6b8cb1d482e5066f9ca575ebd3b67af4a32562
sup,20x,16,2026-06-15T12:29:17.686442+00:00,10.0,15.0,25.0,50.0,unprocessed-dorado,3,98.87497945333494,True,True,False,1.0,ee7a50a277fef6153a1cc05f9cc2afd227e940efbd36a4c2b0abe9a57580901b,3e7cfddea1d70f28dbf0ec0a605e0a0e4201d8a77c82fc3d93e97e30380c297f,4d6b8cb1d482e5066f9ca575ebd3b67af4a32562
sup,20x,16,2026-06-15T12:29:17.686442+00:00,10.0,15.0,25.0,50.0,unprocessed-porechop_abi,4,98.80912678799338,True,True,False,1.0,ee7a50a277fef6153a1cc05f9cc2afd227e940efbd36a4c2b0abe9a57580901b,3e7cfddea1d70f28dbf0ec0a605e0a0e4201d8a77c82fc3d93e97e30380c297f,4d6b8cb1d482e5066f9ca575ebd3b67af4a32562
sup,20x,16,2026-06-15T12:29:17.686442+00:00,10.0,15.0,25.0,50.0,fastplong-all,5,98.11035442525299,True,True,False,1.0,ee7a50a277fef6153a1cc05f9cc2afd227e940efbd36a4c2b0abe9a57580901b,3e7cfddea1d70f28dbf0ec0a605e0a0e4201d8a77c82fc3d93e97e30380c297f,4d6b8cb1d482e5066f9ca575ebd3b67af4a32562
sup,20x,16,2026-06-15T12:29:17.686442+00:00,10.0,15.0,25.0,50.0,seqkit-barbell,6,95.08003123256323,True,True,False,1.0,ee7a50a277fef6153a1cc05f9cc2afd227e940efbd36a4c2b0abe9a57580901b,3e7cfddea1d70f28dbf0ec0a605e0a0e4201d8a77c82fc3d93e97e30380c297f,4d6b8cb1d482e5066f9ca575ebd3b67af4a32562
sup,20x,16,2026-06-15T12:29:17.686442+00:00,10.0,15.0,25.0,50.0,unprocessed-barbell,7,94.43111187353753,True,True,False,1.0,ee7a50a277fef6153a1cc05f9cc2afd227e940efbd36a4c2b0abe9a57580901b,3e7cfddea1d70f28dbf0ec0a605e0a0e4201d8a77c82fc3d93e97e30380c297f,4d6b8cb1d482e5066f9ca575ebd3b67af4a32562
sup,20x,16,2026-06-15T12:29:17.686442+00:00,10.0,15.0,25.0,50.0,chopper-untrimmed,8,93.08073674341486,True,False,False,1.0,ee7a50a277fef6153a1cc05f9cc2afd227e940efbd36a4c2b0abe9a57580901b,3e7cfddea1d70f28dbf0ec0a605e0a0e4201d8a77c82fc3d93e97e30380c297f,4d6b8cb1d482e5066f9ca575ebd3b67af4a32562
sup,20x,16,2026-06-15T12:29:17.686442+00:00,10.0,15.0,25.0,50.0,seqkit-untrimmed,9,89.55481740803214,True,False,False,1.0,ee7a50a277fef6153a1cc05f9cc2afd227e940efbd36a4c2b0abe9a57580901b,3e7cfddea1d70f28dbf0ec0a605e0a0e4201d8a77c82fc3d93e97e30380c297f,4d6b8cb1d482e5066f9ca575ebd3b67af4a32562
sup,20x,16,2026-06-15T12:29:17.686442+00:00,10.0,15.0,25.0,50.0,unprocessed-untrimmed,10,87.79857251086382,True,False,False,1.0,ee7a50a277fef6153a1cc05f9cc2afd227e940efbd36a4c2b0abe9a57580901b,3e7cfddea1d70f28dbf0ec0a605e0a0e4201d8a77c82fc3d93e97e30380c297f,4d6b8cb1d482e5066f9ca575ebd3b67af4a32562
sup,20x,16,2026-06-15T12:29:17.686442+00:00,10.0,15.0,25.0,50.0,seqkit-dorado,11,81.76488287095741,True,True,False,1.0,ee7a50a277fef6153a1cc05f9cc2afd227e940efbd36a4c2b0abe9a57580901b,3e7cfddea1d70f28dbf0ec0a605e0a0e4201d8a77c82fc3d93e97e30380c297f,4d6b8cb1d482e5066f9ca575ebd3b67af4a32562
sup,20x,16,2026-06-15T12:29:17.686442+00:00,10.0,15.0,25.0,50.0,seqkit-porechop_abi,12,81.0513616715144,True,True,False,1.0,ee7a50a277fef6153a1cc05f9cc2afd227e940efbd36a4c2b0abe9a57580901b,3e7cfddea1d70f28dbf0ec0a605e0a0e4201d8a77c82fc3d93e97e30380c297f,4d6b8cb1d482e5066f9ca575ebd3b67af4a32562
sup,20x,16,2026-06-15T12:29:17.686442+00:00,10.0,15.0,25.0,50.0,chopper-barbell,13,78.70464177587142,True,False,False,1.0,ee7a50a277fef6153a1cc05f9cc2afd227e940efbd36a4c2b0abe9a57580901b,3e7cfddea1d70f28dbf0ec0a605e0a0e4201d8a77c82fc3d93e97e30380c297f,4d6b8cb1d482e5066f9ca575ebd3b67af4a32562
sup,20x,16,2026-06-15T12:29:17.686442+00:00,10.0,15.0,25.0,50.0,filtlong-untrimmed,14,48.79899382962557,True,True,False,1.0,ee7a50a277fef6153a1cc05f9cc2afd227e940efbd36a4c2b0abe9a57580901b,3e7cfddea1d70f28dbf0ec0a605e0a0e4201d8a77c82fc3d93e97e30380c297f,4d6b8cb1d482e5066f9ca575ebd3b67af4a32562
sup,20x,16,2026-06-15T12:29:17.686442+00:00,10.0,15.0,25.0,50.0,filtlong-dorado,15,48.69239084062179,True,True,False,1.0,ee7a50a277fef6153a1cc05f9cc2afd227e940efbd36a4c2b0abe9a57580901b,3e7cfddea1d70f28dbf0ec0a605e0a0e4201d8a77c82fc3d93e97e30380c297f,4d6b8cb1d482e5066f9ca575ebd3b67af4a32562
sup,20x,16,2026-06-15T12:29:17.686442+00:00,10.0,15.0,25.0,50.0,filtlong-porechop_abi,16,48.57826742152907,True,True,False,1.0,ee7a50a277fef6153a1cc05f9cc2afd227e940efbd36a4c2b0abe9a57580901b,3e7cfddea1d70f28dbf0ec0a605e0a0e4201d8a77c82fc3d93e97e30380c297f,4d6b8cb1d482e5066f9ca575ebd3b67af4a32562
sup,20x,16,2026-06-15T12:29:17.686442+00:00,10.0,15.0,25.0,50.0,filtlong-barbell,17,45.873829473635936,True,False,False,1.0,ee7a50a277fef6153a1cc05f9cc2afd227e940efbd36a4c2b0abe9a57580901b,3e7cfddea1d70f28dbf0ec0a605e0a0e4201d8a77c82fc3d93e97e30380c297f,4d6b8cb1d482e5066f9ca575ebd3b67af4a32562
sup,20x,17,2026-06-15T15:06:09.868350+00:00,25.0,25.0,10.0,40.0,chopper-porechop_abi,1,97.77348707154579,True,True,True,1.0,ee7a50a277fef6153a1cc05f9cc2afd227e940efbd36a4c2b0abe9a57580901b,3e7cfddea1d70f28dbf0ec0a605e0a0e4201d8a77c82fc3d93e97e30380c297f,4d6b8cb1d482e5066f9ca575ebd3b67af4a32562
sup,20x,17,2026-06-15T15:06:09.868350+00:00,25.0,25.0,10.0,40.0,chopper-dorado,2,97.54237890904754,True,True,False,1.0,ee7a50a277fef6153a1cc05f9cc2afd227e940efbd36a4c2b0abe9a57580901b,3e7cfddea1d70f28dbf0ec0a605e0a0e4201d8a77c82fc3d93e97e30380c297f,4d6b8cb1d482e5066f9ca575ebd3b67af4a32562
sup,20x,17,2026-06-15T15:06:09.868350+00:00,25.0,25.0,10.0,40.0,unprocessed-dorado,3,97.18778626837877,True,True,False,1.0,ee7a50a277fef6153a1cc05f9cc2afd227e940efbd36a4c2b0abe9a57580901b,3e7cfddea1d70f28dbf0ec0a605e0a0e4201d8a77c82fc3d93e97e30380c297f,4d6b8cb1d482e5066f9ca575ebd3b67af4a32562
sup,20x,17,2026-06-15T15:06:09.868350+00:00,25.0,25.0,10.0,40.0,unprocessed-porechop_abi,4,97.02290362101458,True,True,False,1.0,ee7a50a277fef6153a1cc05f9cc2afd227e940efbd36a4c2b0abe9a57580901b,3e7cfddea1d70f28dbf0ec0a605e0a0e4201d8a77c82fc3d93e97e30380c297f,4d6b8cb1d482e5066f9ca575ebd3b67af4a32562
sup,20x,17,2026-06-15T15:06:09.868350+00:00,25.0,25.0,10.0,40.0,fastplong-all,5,95.76020609337036,True,True,False,1.0,ee7a50a277fef6153a1cc05f9cc2afd227e940efbd36a4c2b0abe9a57580901b,3e7cfddea1d70f28dbf0ec0a605e0a0e4201d8a77c82fc3d93e97e30380c297f,4d6b8cb1d482e5066f9ca575ebd3b67af4a32562
sup,20x,17,2026-06-15T15:06:09.868350+00:00,25.0,25.0,10.0,40.0,chopper-untrimmed,6,94.82686893133244,True,True,False,1.0,ee7a50a277fef6153a1cc05f9cc2afd227e940efbd36a4c2b0abe9a57580901b,3e7cfddea1d70f28dbf0ec0a605e0a0e4201d8a77c82fc3d93e97e30380c297f,4d6b8cb1d482e5066f9ca575ebd3b67af4a32562
sup,20x,17,2026-06-15T15:06:09.868350+00:00,25.0,25.0,10.0,40.0,seqkit-untrimmed,7,94.08046491082277,True,True,False,1.0,ee7a50a277fef6153a1cc05f9cc2afd227e940efbd36a4c2b0abe9a57580901b,3e7cfddea1d70f28dbf0ec0a605e0a0e4201d8a77c82fc3d93e97e30380c297f,4d6b8cb1d482e5066f9ca575ebd3b67af4a32562
sup,20x,17,2026-06-15T15:06:09.868350+00:00,25.0,25.0,10.0,40.0,unprocessed-barbell,8,90.82364799435746,True,True,False,1.0,ee7a50a277fef6153a1cc05f9cc2afd227e940efbd36a4c2b0abe9a57580901b,3e7cfddea1d70f28dbf0ec0a605e0a0e4201d8a77c82fc3d93e97e30380c297f,4d6b8cb1d482e5066f9ca575ebd3b67af4a32562
sup,20x,17,2026-06-15T15:06:09.868350+00:00,25.0,25.0,10.0,40.0,unprocessed-untrimmed,9,90.61236444118327,True,True,False,1.0,ee7a50a277fef6153a1cc05f9cc2afd227e940efbd36a4c2b0abe9a57580901b,3e7cfddea1d70f28dbf0ec0a605e0a0e4201d8a77c82fc3d93e97e30380c297f,4d6b8cb1d482e5066f9ca575ebd3b67af4a32562
sup,20x,17,2026-06-15T15:06:09.868350+00:00,25.0,25.0,10.0,40.0,seqkit-barbell,10,90.51030846452846,True,True,False,1.0,ee7a50a277fef6153a1cc05f9cc2afd227e940efbd36a4c2b0abe9a57580901b,3e7cfddea1d70f28dbf0ec0a605e0a0e4201d8a77c82fc3d93e97e30380c297f,4d6b8cb1d482e5066f9ca575ebd3b67af4a32562
sup,20x,17,2026-06-15T15:06:09.868350+00:00,25.0,25.0,10.0,40.0,seqkit-dorado,11,83.03591589604014,True,False,False,1.0,ee7a50a277fef6153a1cc05f9cc2afd227e940efbd36a4c2b0abe9a57580901b,3e7cfddea1d70f28dbf0ec0a605e0a0e4201d8a77c82fc3d93e97e30380c297f,4d6b8cb1d482e5066f9ca575ebd3b67af4a32562
sup,20x,17,2026-06-15T15:06:09.868350+00:00,25.0,25.0,10.0,40.0,seqkit-porechop_abi,12,81.88325235850691,True,False,False,1.0,ee7a50a277fef6153a1cc05f9cc2afd227e940efbd36a4c2b0abe9a57580901b,3e7cfddea1d70f28dbf0ec0a605e0a0e4201d8a77c82fc3d93e97e30380c297f,4d6b8cb1d482e5066f9ca575ebd3b67af4a32562
sup,20x,17,2026-06-15T15:06:09.868350+00:00,25.0,25.0,10.0,40.0,chopper-barbell,13,77.38551407089682,True,False,False,1.0,ee7a50a277fef6153a1cc05f9cc2afd227e940efbd36a4c2b0abe9a57580901b,3e7cfddea1d70f28dbf0ec0a605e0a0e4201d8a77c82fc3d93e97e30380c297f,4d6b8cb1d482e5066f9ca575ebd3b67af4a32562
sup,20x,17,2026-06-15T15:06:09.868350+00:00,25.0,25.0,10.0,40.0,filtlong-untrimmed,14,57.32524612629903,True,True,False,1.0,ee7a50a277fef6153a1cc05f9cc2afd227e940efbd36a4c2b0abe9a57580901b,3e7cfddea1d70f28dbf0ec0a605e0a0e4201d8a77c82fc3d93e97e30380c297f,4d6b8cb1d482e5066f9ca575ebd3b67af4a32562
sup,20x,17,2026-06-15T15:06:09.868350+00:00,25.0,25.0,10.0,40.0,filtlong-dorado,15,57.22385652924144,True,True,False,1.0,ee7a50a277fef6153a1cc05f9cc2afd227e940efbd36a4c2b0abe9a57580901b,3e7cfddea1d70f28dbf0ec0a605e0a0e4201d8a77c82fc3d93e97e30380c297f,4d6b8cb1d482e5066f9ca575ebd3b67af4a32562
sup,20x,17,2026-06-15T15:06:09.868350+00:00,25.0,25.0,10.0,40.0,filtlong-porechop_abi,16,56.92724057434333,True,True,False,1.0,ee7a50a277fef6153a1cc05f9cc2afd227e940efbd36a4c2b0abe9a57580901b,3e7cfddea1d70f28dbf0ec0a605e0a0e4201d8a77c82fc3d93e97e30380c297f,4d6b8cb1d482e5066f9ca575ebd3b67af4a32562
sup,20x,17,2026-06-15T15:06:09.868350+00:00,25.0,25.0,10.0,40.0,filtlong-barbell,17,50.987792712470146,True,False,False,1.0,ee7a50a277fef6153a1cc05f9cc2afd227e940efbd36a4c2b0abe9a57580901b,3e7cfddea1d70f28dbf0ec0a605e0a0e4201d8a77c82fc3d93e97e30380c297f,4d6b8cb1d482e5066f9ca575ebd3b67af4a32562
sup,20x,18,2026-06-16T15:11:47.298850+00:00,20.0,40.0,15.0,25.0,chopper-porechop_abi,1,98.21450239139635,True,True,True,1.0,ee7a50a277fef6153a1cc05f9cc2afd227e940efbd36a4c2b0abe9a57580901b,3e7cfddea1d70f28dbf0ec0a605e0a0e4201d8a77c82fc3d93e97e30380c297f,4d6b8cb1d482e5066f9ca575ebd3b67af4a32562
sup,20x,18,2026-06-16T15:11:47.298850+00:00,20.0,40.0,15.0,25.0,chopper-dorado,2,98.02472933139914,True,True,False,1.0,ee7a50a277fef6153a1cc05f9cc2afd227e940efbd36a4c2b0abe9a57580901b,3e7cfddea1d70f28dbf0ec0a605e0a0e4201d8a77c82fc3d93e97e30380c297f,4d6b8cb1d482e5066f9ca575ebd3b67af4a32562
sup,20x,18,2026-06-16T15:11:47.298850+00:00,20.0,40.0,15.0,25.0,unprocessed-dorado,3,97.74968879863678,True,True,False,1.0,ee7a50a277fef6153a1cc05f9cc2afd227e940efbd36a4c2b0abe9a57580901b,3e7cfddea1d70f28dbf0ec0a605e0a0e4201d8a77c82fc3d93e97e30380c297f,4d6b8cb1d482e5066f9ca575ebd3b67af4a32562
sup,20x,18,2026-06-16T15:11:47.298850+00:00,20.0,40.0,15.0,25.0,unprocessed-porechop_abi,4,97.6181842551618,True,True,False,1.0,ee7a50a277fef6153a1cc05f9cc2afd227e940efbd36a4c2b0abe9a57580901b,3e7cfddea1d70f28dbf0ec0a605e0a0e4201d8a77c82fc3d93e97e30380c297f,4d6b8cb1d482e5066f9ca575ebd3b67af4a32562
sup,20x,18,2026-06-16T15:11:47.298850+00:00,20.0,40.0,15.0,25.0,fastplong-all,5,95.83325282631564,True,False,False,1.0,ee7a50a277fef6153a1cc05f9cc2afd227e940efbd36a4c2b0abe9a57580901b,3e7cfddea1d70f28dbf0ec0a605e0a0e4201d8a77c82fc3d93e97e30380c297f,4d6b8cb1d482e5066f9ca575ebd3b67af4a32562
sup,20x,18,2026-06-16T15:11:47.298850+00:00,20.0,40.0,15.0,25.0,chopper-untrimmed,6,94.23068259782423,True,False,False,1.0,ee7a50a277fef6153a1cc05f9cc2afd227e940efbd36a4c2b0abe9a57580901b,3e7cfddea1d70f28dbf0ec0a605e0a0e4201d8a77c82fc3d93e97e30380c297f,4d6b8cb1d482e5066f9ca575ebd3b67af4a32562
sup,20x,18,2026-06-16T15:11:47.298850+00:00,20.0,40.0,15.0,25.0,seqkit-untrimmed,7,92.57028231885492,True,False,False,1.0,ee7a50a277fef6153a1cc05f9cc2afd227e940efbd36a4c2b0abe9a57580901b,3e7cfddea1d70f28dbf0ec0a605e0a0e4201d8a77c82fc3d93e97e30380c297f,4d6b8cb1d482e5066f9ca575ebd3b67af4a32562
sup,20x,18,2026-06-16T15:11:47.298850+00:00,20.0,40.0,15.0,25.0,unprocessed-barbell,8,90.98860602174115,True,False,False,1.0,ee7a50a277fef6153a1cc05f9cc2afd227e940efbd36a4c2b0abe9a57580901b,3e7cfddea1d70f28dbf0ec0a605e0a0e4201d8a77c82fc3d93e97e30380c297f,4d6b8cb1d482e5066f9ca575ebd3b67af4a32562
sup,20x,18,2026-06-16T15:11:47.298850+00:00,20.0,40.0,15.0,25.0,unprocessed-untrimmed,9,88.31978310589325,True,True,False,1.0,ee7a50a277fef6153a1cc05f9cc2afd227e940efbd36a4c2b0abe9a57580901b,3e7cfddea1d70f28dbf0ec0a605e0a0e4201d8a77c82fc3d93e97e30380c297f,4d6b8cb1d482e5066f9ca575ebd3b67af4a32562
sup,20x,18,2026-06-16T15:11:47.298850+00:00,20.0,40.0,15.0,25.0,seqkit-dorado,10,88.29746543366419,True,True,False,1.0,ee7a50a277fef6153a1cc05f9cc2afd227e940efbd36a4c2b0abe9a57580901b,3e7cfddea1d70f28dbf0ec0a605e0a0e4201d8a77c82fc3d93e97e30380c297f,4d6b8cb1d482e5066f9ca575ebd3b67af4a32562
sup,20x,18,2026-06-16T15:11:47.298850+00:00,20.0,40.0,15.0,25.0,seqkit-barbell,11,87.91187815863015,True,True,False,1.0,ee7a50a277fef6153a1cc05f9cc2afd227e940efbd36a4c2b0abe9a57580901b,3e7cfddea1d70f28dbf0ec0a605e0a0e4201d8a77c82fc3d93e97e30380c297f,4d6b8cb1d482e5066f9ca575ebd3b67af4a32562
sup,20x,18,2026-06-16T15:11:47.298850+00:00,20.0,40.0,15.0,25.0,seqkit-porechop_abi,12,86.36551146591873,True,False,False,1.0,ee7a50a277fef6153a1cc05f9cc2afd227e940efbd36a4c2b0abe9a57580901b,3e7cfddea1d70f28dbf0ec0a605e0a0e4201d8a77c82fc3d93e97e30380c297f,4d6b8cb1d482e5066f9ca575ebd3b67af4a32562
sup,20x,18,2026-06-16T15:11:47.298850+00:00,20.0,40.0,15.0,25.0,chopper-barbell,13,80.5768225134349,True,False,False,1.0,ee7a50a277fef6153a1cc05f9cc2afd227e940efbd36a4c2b0abe9a57580901b,3e7cfddea1d70f28dbf0ec0a605e0a0e4201d8a77c82fc3d93e97e30380c297f,4d6b8cb1d482e5066f9ca575ebd3b67af4a32562
sup,20x,18,2026-06-16T15:11:47.298850+00:00,20.0,40.0,15.0,25.0,filtlong-untrimmed,14,72.33577841746306,True,True,False,1.0,ee7a50a277fef6153a1cc05f9cc2afd227e940efbd36a4c2b0abe9a57580901b,3e7cfddea1d70f28dbf0ec0a605e0a0e4201d8a77c82fc3d93e97e30380c297f,4d6b8cb1d482e5066f9ca575ebd3b67af4a32562
sup,20x,18,2026-06-16T15:11:47.298850+00:00,20.0,40.0,15.0,25.0,filtlong-dorado,15,71.99047813909401,True,True,False,1.0,ee7a50a277fef6153a1cc05f9cc2afd227e940efbd36a4c2b0abe9a57580901b,3e7cfddea1d70f28dbf0ec0a605e0a0e4201d8a77c82fc3d93e97e30380c297f,4d6b8cb1d482e5066f9ca575ebd3b67af4a32562
sup,20x,18,2026-06-16T15:11:47.298850+00:00,20.0,40.0,15.0,25.0,filtlong-porechop_abi,16,71.77127722664164,True,True,False,1.0,ee7a50a277fef6153a1cc05f9cc2afd227e940efbd36a4c2b0abe9a57580901b,3e7cfddea1d70f28dbf0ec0a605e0a0e4201d8a77c82fc3d93e97e30380c297f,4d6b8cb1d482e5066f9ca575ebd3b67af4a32562
sup,20x,18,2026-06-16T15:11:47.298850+00:00,20.0,40.0,15.0,25.0,filtlong-barbell,17,65.70508372456761,True,False,False,1.0,ee7a50a277fef6153a1cc05f9cc2afd227e940efbd36a4c2b0abe9a57580901b,3e7cfddea1d70f28dbf0ec0a605e0a0e4201d8a77c82fc3d93e97e30380c297f,4d6b8cb1d482e5066f9ca575ebd3b67af4a32562
sup,20x,19,2026-06-19T04:21:03.491271+00:00,30.0,10.0,10.0,50.0,chopper-porechop_abi,1,97.33247175169522,True,True,True,1.0,ee7a50a277fef6153a1cc05f9cc2afd227e940efbd36a4c2b0abe9a57580901b,3e7cfddea1d70f28dbf0ec0a605e0a0e4201d8a77c82fc3d93e97e30380c297f,4d6b8cb1d482e5066f9ca575ebd3b67af4a32562
sup,20x,19,2026-06-19T04:21:03.491271+00:00,30.0,10.0,10.0,50.0,chopper-dorado,2,97.06002848669594,True,True,False,1.0,ee7a50a277fef6153a1cc05f9cc2afd227e940efbd36a4c2b0abe9a57580901b,3e7cfddea1d70f28dbf0ec0a605e0a0e4201d8a77c82fc3d93e97e30380c297f,4d6b8cb1d482e5066f9ca575ebd3b67af4a32562
sup,20x,19,2026-06-19T04:21:03.491271+00:00,30.0,10.0,10.0,50.0,unprocessed-dorado,3,96.62588373812073,True,True,False,1.0,ee7a50a277fef6153a1cc05f9cc2afd227e940efbd36a4c2b0abe9a57580901b,3e7cfddea1d70f28dbf0ec0a605e0a0e4201d8a77c82fc3d93e97e30380c297f,4d6b8cb1d482e5066f9ca575ebd3b67af4a32562
sup,20x,19,2026-06-19T04:21:03.491271+00:00,30.0,10.0,10.0,50.0,unprocessed-porechop_abi,4,96.42762298686738,True,True,False,1.0,ee7a50a277fef6153a1cc05f9cc2afd227e940efbd36a4c2b0abe9a57580901b,3e7cfddea1d70f28dbf0ec0a605e0a0e4201d8a77c82fc3d93e97e30380c297f,4d6b8cb1d482e5066f9ca575ebd3b67af4a32562
sup,20x,19,2026-06-19T04:21:03.491271+00:00,30.0,10.0,10.0,50.0,fastplong-all,5,95.68715936042507,True,True,False,1.0,ee7a50a277fef6153a1cc05f9cc2afd227e940efbd36a4c2b0abe9a57580901b,3e7cfddea1d70f28dbf0ec0a605e0a0e4201d8a77c82fc3d93e97e30380c297f,4d6b8cb1d482e5066f9ca575ebd3b67af4a32562
sup,20x,19,2026-06-19T04:21:03.491271+00:00,30.0,10.0,10.0,50.0,chopper-untrimmed,6,94.26920911099452,True,True,False,1.0,ee7a50a277fef6153a1cc05f9cc2afd227e940efbd36a4c2b0abe9a57580901b,3e7cfddea1d70f28dbf0ec0a605e0a0e4201d8a77c82fc3d93e97e30380c297f,4d6b8cb1d482e5066f9ca575ebd3b67af4a32562
sup,20x,19,2026-06-19T04:21:03.491271+00:00,30.0,10.0,10.0,50.0,seqkit-untrimmed,7,93.66757057971373,True,True,False,1.0,ee7a50a277fef6153a1cc05f9cc2afd227e940efbd36a4c2b0abe9a57580901b,3e7cfddea1d70f28dbf0ec0a605e0a0e4201d8a77c82fc3d93e97e30380c297f,4d6b8cb1d482e5066f9ca575ebd3b67af4a32562
sup,20x,19,2026-06-19T04:21:03.491271+00:00,30.0,10.0,10.0,50.0,seqkit-barbell,8,93.10873877042677,True,True,False,1.0,ee7a50a277fef6153a1cc05f9cc2afd227e940efbd36a4c2b0abe9a57580901b,3e7cfddea1d70f28dbf0ec0a605e0a0e4201d8a77c82fc3d93e97e30380c297f,4d6b8cb1d482e5066f9ca575ebd3b67af4a32562
sup,20x,19,2026-06-19T04:21:03.491271+00:00,30.0,10.0,10.0,50.0,unprocessed-untrimmed,9,90.98186885339639,True,True,False,1.0,ee7a50a277fef6153a1cc05f9cc2afd227e940efbd36a4c2b0abe9a57580901b,3e7cfddea1d70f28dbf0ec0a605e0a0e4201d8a77c82fc3d93e97e30380c297f,4d6b8cb1d482e5066f9ca575ebd3b67af4a32562
sup,20x,19,2026-06-19T04:21:03.491271+00:00,30.0,10.0,10.0,50.0,unprocessed-barbell,10,90.27407458235837,True,True,False,1.0,ee7a50a277fef6153a1cc05f9cc2afd227e940efbd36a4c2b0abe9a57580901b,3e7cfddea1d70f28dbf0ec0a605e0a0e4201d8a77c82fc3d93e97e30380c297f,4d6b8cb1d482e5066f9ca575ebd3b67af4a32562
sup,20x,19,2026-06-19T04:21:03.491271+00:00,30.0,10.0,10.0,50.0,seqkit-dorado,11,79.44103302508273,True,True,False,1.0,ee7a50a277fef6153a1cc05f9cc2afd227e940efbd36a4c2b0abe9a57580901b,3e7cfddea1d70f28dbf0ec0a605e0a0e4201d8a77c82fc3d93e97e30380c297f,4d6b8cb1d482e5066f9ca575ebd3b67af4a32562
sup,20x,19,2026-06-19T04:21:03.491271+00:00,30.0,10.0,10.0,50.0,seqkit-porechop_abi,12,79.06765991776174,True,True,False,1.0,ee7a50a277fef6153a1cc05f9cc2afd227e940efbd36a4c2b0abe9a57580901b,3e7cfddea1d70f28dbf0ec0a605e0a0e4201d8a77c82fc3d93e97e30380c297f,4d6b8cb1d482e5066f9ca575ebd3b67af4a32562
sup,20x,19,2026-06-19T04:21:03.491271+00:00,30.0,10.0,10.0,50.0,chopper-barbell,13,75.86087229502539,True,False,False,1.0,ee7a50a277fef6153a1cc05f9cc2afd227e940efbd36a4c2b0abe9a57580901b,3e7cfddea1d70f28dbf0ec0a605e0a0e4201d8a77c82fc3d93e97e30380c297f,4d6b8cb1d482e5066f9ca575ebd3b67af4a32562
sup,20x,19,2026-06-19T04:21:03.491271+00:00,30.0,10.0,10.0,50.0,filtlong-dorado,14,47.45723491938888,True,True,False,1.0,ee7a50a277fef6153a1cc05f9cc2afd227e940efbd36a4c2b0abe9a57580901b,3e7cfddea1d70f28dbf0ec0a605e0a0e4201d8a77c82fc3d93e97e30380c297f,4d6b8cb1d482e5066f9ca575ebd3b67af4a32562
sup,20x,19,2026-06-19T04:21:03.491271+00:00,30.0,10.0,10.0,50.0,filtlong-untrimmed,15,47.31471383513499,True,True,False,1.0,ee7a50a277fef6153a1cc05f9cc2afd227e940efbd36a4c2b0abe9a57580901b,3e7cfddea1d70f28dbf0ec0a605e0a0e4201d8a77c82fc3d93e97e30380c297f,4d6b8cb1d482e5066f9ca575ebd3b67af4a32562
sup,20x,19,2026-06-19T04:21:03.491271+00:00,30.0,10.0,10.0,50.0,filtlong-porechop_abi,16,47.08320392204502,True,True,False,1.0,ee7a50a277fef6153a1cc05f9cc2afd227e940efbd36a4c2b0abe9a57580901b,3e7cfddea1d70f28dbf0ec0a605e0a0e4201d8a77c82fc3d93e97e30380c297f,4d6b8cb1d482e5066f9ca575ebd3b67af4a32562
sup,20x,19,2026-06-19T04:21:03.491271+00:00,30.0,10.0,10.0,50.0,filtlong-barbell,17,41.27050170037268,True,False,False,1.0,ee7a50a277fef6153a1cc05f9cc2afd227e940efbd36a4c2b0abe9a57580901b,3e7cfddea1d70f28dbf0ec0a605e0a0e4201d8a77c82fc3d93e97e30380c297f,4d6b8cb1d482e5066f9ca575ebd3b67af4a32562
sup,20x,20,2026-06-19T11:30:26.936256+00:00,35.0,20.0,10.0,35.0,chopper-porechop_abi,1,96.88609734954433,True,True,True,1.0,ee7a50a277fef6153a1cc05f9cc2afd227e940efbd36a4c2b0abe9a57580901b,3e7cfddea1d70f28dbf0ec0a605e0a0e4201d8a77c82fc3d93e97e30380c297f,4d6b8cb1d482e5066f9ca575ebd3b67af4a32562
sup,20x,20,2026-06-19T11:30:26.936256+00:00,35.0,20.0,10.0,35.0,chopper-dorado,2,96.56621081954572,True,True,False,1.0,ee7a50a277fef6153a1cc05f9cc2afd227e940efbd36a4c2b0abe9a57580901b,3e7cfddea1d70f28dbf0ec0a605e0a0e4201d8a77c82fc3d93e97e30380c297f,4d6b8cb1d482e5066f9ca575ebd3b67af4a32562
sup,20x,20,2026-06-19T11:30:26.936256+00:00,35.0,20.0,10.0,35.0,unprocessed-dorado,3,96.06330593777993,True,True,False,1.0,ee7a50a277fef6153a1cc05f9cc2afd227e940efbd36a4c2b0abe9a57580901b,3e7cfddea1d70f28dbf0ec0a605e0a0e4201d8a77c82fc3d93e97e30380c297f,4d6b8cb1d482e5066f9ca575ebd3b67af4a32562
sup,20x,20,2026-06-19T11:30:26.936256+00:00,35.0,20.0,10.0,35.0,unprocessed-porechop_abi,4,95.83216905065781,True,True,False,1.0,ee7a50a277fef6153a1cc05f9cc2afd227e940efbd36a4c2b0abe9a57580901b,3e7cfddea1d70f28dbf0ec0a605e0a0e4201d8a77c82fc3d93e97e30380c297f,4d6b8cb1d482e5066f9ca575ebd3b67af4a32562
sup,20x,20,2026-06-19T11:30:26.936256+00:00,35.0,20.0,10.0,35.0,fastplong-all,5,94.64547256700396,True,True,False,1.0,ee7a50a277fef6153a1cc05f9cc2afd227e940efbd36a4c2b0abe9a57580901b,3e7cfddea1d70f28dbf0ec0a605e0a0e4201d8a77c82fc3d93e97e30380c297f,4d6b8cb1d482e5066f9ca575ebd3b67af4a32562
sup,20x,20,2026-06-19T11:30:26.936256+00:00,35.0,20.0,10.0,35.0,chopper-untrimmed,6,93.69226437583518,True,True,False,1.0,ee7a50a277fef6153a1cc05f9cc2afd227e940efbd36a4c2b0abe9a57580901b,3e7cfddea1d70f28dbf0ec0a605e0a0e4201d8a77c82fc3d93e97e30380c297f,4d6b8cb1d482e5066f9ca575ebd3b67af4a32562
sup,20x,20,2026-06-19T11:30:26.936256+00:00,35.0,20.0,10.0,35.0,seqkit-untrimmed,7,93.25244885173515,True,True,False,1.0,ee7a50a277fef6153a1cc05f9cc2afd227e940efbd36a4c2b0abe9a57580901b,3e7cfddea1d70f28dbf0ec0a605e0a0e4201d8a77c82fc3d93e97e30380c297f,4d6b8cb1d482e5066f9ca575ebd3b67af4a32562
sup,20x,20,2026-06-19T11:30:26.936256+00:00,35.0,20.0,10.0,35.0,seqkit-barbell,8,90.0867083100843,True,True,False,1.0,ee7a50a277fef6153a1cc05f9cc2afd227e940efbd36a4c2b0abe9a57580901b,3e7cfddea1d70f28dbf0ec0a605e0a0e4201d8a77c82fc3d93e97e30380c297f,4d6b8cb1d482e5066f9ca575ebd3b67af4a32562
sup,20x,20,2026-06-19T11:30:26.936256+00:00,35.0,20.0,10.0,35.0,unprocessed-untrimmed,9,89.5041223221774,True,True,False,1.0,ee7a50a277fef6153a1cc05f9cc2afd227e940efbd36a4c2b0abe9a57580901b,3e7cfddea1d70f28dbf0ec0a605e0a0e4201d8a77c82fc3d93e97e30380c297f,4d6b8cb1d482e5066f9ca575ebd3b67af4a32562
sup,20x,20,2026-06-19T11:30:26.936256+00:00,35.0,20.0,10.0,35.0,unprocessed-barbell,10,88.30968762625518,True,False,False,1.0,ee7a50a277fef6153a1cc05f9cc2afd227e940efbd36a4c2b0abe9a57580901b,3e7cfddea1d70f28dbf0ec0a605e0a0e4201d8a77c82fc3d93e97e30380c297f,4d6b8cb1d482e5066f9ca575ebd3b67af4a32562
sup,20x,20,2026-06-19T11:30:26.936256+00:00,35.0,20.0,10.0,35.0,seqkit-dorado,11,83.59873271683209,True,True,False,1.0,ee7a50a277fef6153a1cc05f9cc2afd227e940efbd36a4c2b0abe9a57580901b,3e7cfddea1d70f28dbf0ec0a605e0a0e4201d8a77c82fc3d93e97e30380c297f,4d6b8cb1d482e5066f9ca575ebd3b67af4a32562
sup,20x,20,2026-06-19T11:30:26.936256+00:00,35.0,20.0,10.0,35.0,seqkit-porechop_abi,12,82.74237111757476,True,True,False,1.0,ee7a50a277fef6153a1cc05f9cc2afd227e940efbd36a4c2b0abe9a57580901b,3e7cfddea1d70f28dbf0ec0a605e0a0e4201d8a77c82fc3d93e97e30380c297f,4d6b8cb1d482e5066f9ca575ebd3b67af4a32562
sup,20x,20,2026-06-19T11:30:26.936256+00:00,35.0,20.0,10.0,35.0,chopper-barbell,13,78.08841125671745,True,False,False,1.0,ee7a50a277fef6153a1cc05f9cc2afd227e940efbd36a4c2b0abe9a57580901b,3e7cfddea1d70f28dbf0ec0a605e0a0e4201d8a77c82fc3d93e97e30380c297f,4d6b8cb1d482e5066f9ca575ebd3b67af4a32562
sup,20x,20,2026-06-19T11:30:26.936256+00:00,35.0,20.0,10.0,35.0,filtlong-dorado,14,61.70485445416239,True,True,False,1.0,ee7a50a277fef6153a1cc05f9cc2afd227e940efbd36a4c2b0abe9a57580901b,3e7cfddea1d70f28dbf0ec0a605e0a0e4201d8a77c82fc3d93e97e30380c297f,4d6b8cb1d482e5066f9ca575ebd3b67af4a32562
sup,20x,20,2026-06-19T11:30:26.936256+00:00,35.0,20.0,10.0,35.0,filtlong-untrimmed,15,61.64865843950076,True,True,False,1.0,ee7a50a277fef6153a1cc05f9cc2afd227e940efbd36a4c2b0abe9a57580901b,3e7cfddea1d70f28dbf0ec0a605e0a0e4201d8a77c82fc3d93e97e30380c297f,4d6b8cb1d482e5066f9ca575ebd3b67af4a32562
sup,20x,20,2026-06-19T11:30:26.936256+00:00,35.0,20.0,10.0,35.0,filtlong-porechop_abi,16,61.276023228705434,True,True,False,1.0,ee7a50a277fef6153a1cc05f9cc2afd227e940efbd36a4c2b0abe9a57580901b,3e7cfddea1d70f28dbf0ec0a605e0a0e4201d8a77c82fc3d93e97e30380c297f,4d6b8cb1d482e5066f9ca575ebd3b67af4a32562
sup,20x,20,2026-06-19T11:30:26.936256+00:00,35.0,20.0,10.0,35.0,filtlong-barbell,17,53.94677263151458,True,False,False,1.0,ee7a50a277fef6153a1cc05f9cc2afd227e940efbd36a4c2b0abe9a57580901b,3e7cfddea1d70f28dbf0ec0a605e0a0e4201d8a77c82fc3d93e97e30380c297f,4d6b8cb1d482e5066f9ca575ebd3b67af4a32562
sup,20x,21,2026-06-26T07:42:14.138061+00:00,35.0,20.0,15.0,30.0,chopper-porechop_abi,1,96.88609734954433,True,True,True,1.0,ee7a50a277fef6153a1cc05f9cc2afd227e940efbd36a4c2b0abe9a57580901b,3e7cfddea1d70f28dbf0ec0a605e0a0e4201d8a77c82fc3d93e97e30380c297f,4d6b8cb1d482e5066f9ca575ebd3b67af4a32562
sup,20x,21,2026-06-26T07:42:14.138061+00:00,35.0,20.0,15.0,30.0,chopper-dorado,2,96.56621081954572,True,True,False,1.0,ee7a50a277fef6153a1cc05f9cc2afd227e940efbd36a4c2b0abe9a57580901b,3e7cfddea1d70f28dbf0ec0a605e0a0e4201d8a77c82fc3d93e97e30380c297f,4d6b8cb1d482e5066f9ca575ebd3b67af4a32562
sup,20x,21,2026-06-26T07:42:14.138061+00:00,35.0,20.0,15.0,30.0,unprocessed-dorado,3,96.06330593777993,True,True,False,1.0,ee7a50a277fef6153a1cc05f9cc2afd227e940efbd36a4c2b0abe9a57580901b,3e7cfddea1d70f28dbf0ec0a605e0a0e4201d8a77c82fc3d93e97e30380c297f,4d6b8cb1d482e5066f9ca575ebd3b67af4a32562
sup,20x,21,2026-06-26T07:42:14.138061+00:00,35.0,20.0,15.0,30.0,unprocessed-porechop_abi,4,95.83216905065781,True,True,False,1.0,ee7a50a277fef6153a1cc05f9cc2afd227e940efbd36a4c2b0abe9a57580901b,3e7cfddea1d70f28dbf0ec0a605e0a0e4201d8a77c82fc3d93e97e30380c297f,4d6b8cb1d482e5066f9ca575ebd3b67af4a32562
sup,20x,21,2026-06-26T07:42:14.138061+00:00,35.0,20.0,15.0,30.0,fastplong-all,5,94.64547256700396,True,False,False,1.0,ee7a50a277fef6153a1cc05f9cc2afd227e940efbd36a4c2b0abe9a57580901b,3e7cfddea1d70f28dbf0ec0a605e0a0e4201d8a77c82fc3d93e97e30380c297f,4d6b8cb1d482e5066f9ca575ebd3b67af4a32562
sup,20x,21,2026-06-26T07:42:14.138061+00:00,35.0,20.0,15.0,30.0,chopper-untrimmed,6,92.53841822198905,True,False,False,1.0,ee7a50a277fef6153a1cc05f9cc2afd227e940efbd36a4c2b0abe9a57580901b,3e7cfddea1d70f28dbf0ec0a605e0a0e4201d8a77c82fc3d93e97e30380c297f,4d6b8cb1d482e5066f9ca575ebd3b67af4a32562
sup,20x,21,2026-06-26T07:42:14.138061+00:00,35.0,20.0,15.0,30.0,seqkit-untrimmed,7,91.32937192865822,True,False,False,1.0,ee7a50a277fef6153a1cc05f9cc2afd227e940efbd36a4c2b0abe9a57580901b,3e7cfddea1d70f28dbf0ec0a605e0a0e4201d8a77c82fc3d93e97e30380c297f,4d6b8cb1d482e5066f9ca575ebd3b67af4a32562
sup,20x,21,2026-06-26T07:42:14.138061+00:00,35.0,20.0,15.0,30.0,seqkit-barbell,8,90.0867083100843,True,False,False,1.0,ee7a50a277fef6153a1cc05f9cc2afd227e940efbd36a4c2b0abe9a57580901b,3e7cfddea1d70f28dbf0ec0a605e0a0e4201d8a77c82fc3d93e97e30380c297f,4d6b8cb1d482e5066f9ca575ebd3b67af4a32562
sup,20x,21,2026-06-26T07:42:14.138061+00:00,35.0,20.0,15.0,30.0,unprocessed-barbell,9,87.9250722416398,True,True,False,1.0,ee7a50a277fef6153a1cc05f9cc2afd227e940efbd36a4c2b0abe9a57580901b,3e7cfddea1d70f28dbf0ec0a605e0a0e4201d8a77c82fc3d93e97e30380c297f,4d6b8cb1d482e5066f9ca575ebd3b67af4a32562
sup,20x,21,2026-06-26T07:42:14.138061+00:00,35.0,20.0,15.0,30.0,unprocessed-untrimmed,10,87.58104539910047,True,True,False,1.0,ee7a50a277fef6153a1cc05f9cc2afd227e940efbd36a4c2b0abe9a57580901b,3e7cfddea1d70f28dbf0ec0a605e0a0e4201d8a77c82fc3d93e97e30380c297f,4d6b8cb1d482e5066f9ca575ebd3b67af4a32562
sup,20x,21,2026-06-26T07:42:14.138061+00:00,35.0,20.0,15.0,30.0,seqkit-dorado,11,85.26539938349877,True,True,False,1.0,ee7a50a277fef6153a1cc05f9cc2afd227e940efbd36a4c2b0abe9a57580901b,3e7cfddea1d70f28dbf0ec0a605e0a0e4201d8a77c82fc3d93e97e30380c297f,4d6b8cb1d482e5066f9ca575ebd3b67af4a32562
sup,20x,21,2026-06-26T07:42:14.138061+00:00,35.0,20.0,15.0,30.0,seqkit-porechop_abi,12,84.40903778424143,True,True,False,1.0,ee7a50a277fef6153a1cc05f9cc2afd227e940efbd36a4c2b0abe9a57580901b,3e7cfddea1d70f28dbf0ec0a605e0a0e4201d8a77c82fc3d93e97e30380c297f,4d6b8cb1d482e5066f9ca575ebd3b67af4a32562
sup,20x,21,2026-06-26T07:42:14.138061+00:00,35.0,20.0,15.0,30.0,chopper-barbell,13,79.75507792338412,True,False,False,1.0,ee7a50a277fef6153a1cc05f9cc2afd227e940efbd36a4c2b0abe9a57580901b,3e7cfddea1d70f28dbf0ec0a605e0a0e4201d8a77c82fc3d93e97e30380c297f,4d6b8cb1d482e5066f9ca575ebd3b67af4a32562
sup,20x,21,2026-06-26T07:42:14.138061+00:00,35.0,20.0,15.0,30.0,filtlong-dorado,14,66.70485445416239,True,True,False,1.0,ee7a50a277fef6153a1cc05f9cc2afd227e940efbd36a4c2b0abe9a57580901b,3e7cfddea1d70f28dbf0ec0a605e0a0e4201d8a77c82fc3d93e97e30380c297f,4d6b8cb1d482e5066f9ca575ebd3b67af4a32562
sup,20x,21,2026-06-26T07:42:14.138061+00:00,35.0,20.0,15.0,30.0,filtlong-untrimmed,15,66.64865843950076,True,True,False,1.0,ee7a50a277fef6153a1cc05f9cc2afd227e940efbd36a4c2b0abe9a57580901b,3e7cfddea1d70f28dbf0ec0a605e0a0e4201d8a77c82fc3d93e97e30380c297f,4d6b8cb1d482e5066f9ca575ebd3b67af4a32562
sup,20x,21,2026-06-26T07:42:14.138061+00:00,35.0,20.0,15.0,30.0,filtlong-porechop_abi,16,66.27602322870544,True,True,False,1.0,ee7a50a277fef6153a1cc05f9cc2afd227e940efbd36a4c2b0abe9a57580901b,3e7cfddea1d70f28dbf0ec0a605e0a0e4201d8a77c82fc3d93e97e30380c297f,4d6b8cb1d482e5066f9ca575ebd3b67af4a32562
sup,20x,21,2026-06-26T07:42:14.138061+00:00,35.0,20.0,15.0,30.0,filtlong-barbell,17,58.94677263151458,True,False,False,1.0,ee7a50a277fef6153a1cc05f9cc2afd227e940efbd36a4c2b0abe9a57580901b,3e7cfddea1d70f28dbf0ec0a605e0a0e4201d8a77c82fc3d93e97e30380c297f,4d6b8cb1d482e5066f9ca575ebd3b67af4a32562
sup,20x,22,2026-07-17T05:15:29.320201+00:00,10.0,60.0,5.0,25.0,chopper-porechop_abi,1,99.09867666401759,True,True,True,1.0,ee7a50a277fef6153a1cc05f9cc2afd227e940efbd36a4c2b0abe9a57580901b,3e7cfddea1d70f28dbf0ec0a605e0a0e4201d8a77c82fc3d93e97e30380c297f,4d6b8cb1d482e5066f9ca575ebd3b67af4a32562
sup,20x,22,2026-07-17T05:15:29.320201+00:00,10.0,60.0,5.0,25.0,chopper-dorado,2,98.9940170740218,True,True,False,1.0,ee7a50a277fef6153a1cc05f9cc2afd227e940efbd36a4c2b0abe9a57580901b,3e7cfddea1d70f28dbf0ec0a605e0a0e4201d8a77c82fc3d93e97e30380c297f,4d6b8cb1d482e5066f9ca575ebd3b67af4a32562
sup,20x,22,2026-07-17T05:15:29.320201+00:00,10.0,60.0,5.0,25.0,unprocessed-dorado,3,98.87376396718595,True,True,False,1.0,ee7a50a277fef6153a1cc05f9cc2afd227e940efbd36a4c2b0abe9a57580901b,3e7cfddea1d70f28dbf0ec0a605e0a0e4201d8a77c82fc3d93e97e30380c297f,4d6b8cb1d482e5066f9ca575ebd3b67af4a32562
sup,20x,22,2026-07-17T05:15:29.320201+00:00,10.0,60.0,5.0,25.0,unprocessed-porechop_abi,4,98.80881484428114,True,True,False,1.0,ee7a50a277fef6153a1cc05f9cc2afd227e940efbd36a4c2b0abe9a57580901b,3e7cfddea1d70f28dbf0ec0a605e0a0e4201d8a77c82fc3d93e97e30380c297f,4d6b8cb1d482e5066f9ca575ebd3b67af4a32562
sup,20x,22,2026-07-17T05:15:29.320201+00:00,10.0,60.0,5.0,25.0,chopper-untrimmed,5,97.66140851212096,True,True,False,1.0,ee7a50a277fef6153a1cc05f9cc2afd227e940efbd36a4c2b0abe9a57580901b,3e7cfddea1d70f28dbf0ec0a605e0a0e4201d8a77c82fc3d93e97e30380c297f,4d6b8cb1d482e5066f9ca575ebd3b67af4a32562
sup,20x,22,2026-07-17T05:15:29.320201+00:00,10.0,60.0,5.0,25.0,seqkit-untrimmed,6,97.24311578597468,True,True,False,1.0,ee7a50a277fef6153a1cc05f9cc2afd227e940efbd36a4c2b0abe9a57580901b,3e7cfddea1d70f28dbf0ec0a605e0a0e4201d8a77c82fc3d93e97e30380c297f,4d6b8cb1d482e5066f9ca575ebd3b67af4a32562
sup,20x,22,2026-07-17T05:15:29.320201+00:00,10.0,60.0,5.0,25.0,fastplong-all,7,96.36680231639653,True,True,False,1.0,ee7a50a277fef6153a1cc05f9cc2afd227e940efbd36a4c2b0abe9a57580901b,3e7cfddea1d70f28dbf0ec0a605e0a0e4201d8a77c82fc3d93e97e30380c297f,4d6b8cb1d482e5066f9ca575ebd3b67af4a32562
sup,20x,22,2026-07-17T05:15:29.320201+00:00,10.0,60.0,5.0,25.0,unprocessed-barbell,8,93.42290903261171,True,False,False,1.0,ee7a50a277fef6153a1cc05f9cc2afd227e940efbd36a4c2b0abe9a57580901b,3e7cfddea1d70f28dbf0ec0a605e0a0e4201d8a77c82fc3d93e97e30380c297f,4d6b8cb1d482e5066f9ca575ebd3b67af4a32562
sup,20x,22,2026-07-17T05:15:29.320201+00:00,10.0,60.0,5.0,25.0,unprocessed-untrimmed,9,92.16582850499373,True,False,False,1.0,ee7a50a277fef6153a1cc05f9cc2afd227e940efbd36a4c2b0abe9a57580901b,3e7cfddea1d70f28dbf0ec0a605e0a0e4201d8a77c82fc3d93e97e30380c297f,4d6b8cb1d482e5066f9ca575ebd3b67af4a32562
sup,20x,22,2026-07-17T05:15:29.320201+00:00,10.0,60.0,5.0,25.0,seqkit-dorado,10,89.05286481716294,True,False,False,1.0,ee7a50a277fef6153a1cc05f9cc2afd227e940efbd36a4c2b0abe9a57580901b,3e7cfddea1d70f28dbf0ec0a605e0a0e4201d8a77c82fc3d93e97e30380c297f,4d6b8cb1d482e5066f9ca575ebd3b67af4a32562
sup,20x,22,2026-07-17T05:15:29.320201+00:00,10.0,60.0,5.0,25.0,seqkit-porechop_abi,11,86.06724155785246,True,False,False,1.0,ee7a50a277fef6153a1cc05f9cc2afd227e940efbd36a4c2b0abe9a57580901b,3e7cfddea1d70f28dbf0ec0a605e0a0e4201d8a77c82fc3d93e97e30380c297f,4d6b8cb1d482e5066f9ca575ebd3b67af4a32562
sup,20x,22,2026-07-17T05:15:29.320201+00:00,10.0,60.0,5.0,25.0,seqkit-barbell,12,84.96320185332985,True,False,False,1.0,ee7a50a277fef6153a1cc05f9cc2afd227e940efbd36a4c2b0abe9a57580901b,3e7cfddea1d70f28dbf0ec0a605e0a0e4201d8a77c82fc3d93e97e30380c297f,4d6b8cb1d482e5066f9ca575ebd3b67af4a32562
sup,20x,22,2026-07-17T05:15:29.320201+00:00,10.0,60.0,5.0,25.0,chopper-barbell,13,78.79190043681902,True,False,False,1.0,ee7a50a277fef6153a1cc05f9cc2afd227e940efbd36a4c2b0abe9a57580901b,3e7cfddea1d70f28dbf0ec0a605e0a0e4201d8a77c82fc3d93e97e30380c297f,4d6b8cb1d482e5066f9ca575ebd3b67af4a32562
sup,20x,22,2026-07-17T05:15:29.320201+00:00,10.0,60.0,5.0,25.0,filtlong-untrimmed,14,72.61905224157921,True,True,False,1.0,ee7a50a277fef6153a1cc05f9cc2afd227e940efbd36a4c2b0abe9a57580901b,3e7cfddea1d70f28dbf0ec0a605e0a0e4201d8a77c82fc3d93e97e30380c297f,4d6b8cb1d482e5066f9ca575ebd3b67af4a32562
sup,20x,22,2026-07-17T05:15:29.320201+00:00,10.0,60.0,5.0,25.0,filtlong-dorado,15,71.9180249009487,True,True,False,1.0,ee7a50a277fef6153a1cc05f9cc2afd227e940efbd36a4c2b0abe9a57580901b,3e7cfddea1d70f28dbf0ec0a605e0a0e4201d8a77c82fc3d93e97e30380c297f,4d6b8cb1d482e5066f9ca575ebd3b67af4a32562
sup,20x,22,2026-07-17T05:15:29.320201+00:00,10.0,60.0,5.0,25.0,filtlong-porechop_abi,16,71.84460814765477,True,True,False,1.0,ee7a50a277fef6153a1cc05f9cc2afd227e940efbd36a4c2b0abe9a57580901b,3e7cfddea1d70f28dbf0ec0a605e0a0e4201d8a77c82fc3d93e97e30380c297f,4d6b8cb1d482e5066f9ca575ebd3b67af4a32562
sup,20x,22,2026-07-17T05:15:29.320201+00:00,10.0,60.0,5.0,25.0,filtlong-barbell,17,66.1822409714668,True,False,False,1.0,ee7a50a277fef6153a1cc05f9cc2afd227e940efbd36a4c2b0abe9a57580901b,3e7cfddea1d70f28dbf0ec0a605e0a0e4201d8a77c82fc3d93e97e30380c297f,4d6b8cb1d482e5066f9ca575ebd3b67af4a32562
sup,100x,1,2026-06-11T03:58:21.440403+00:00,40.0,35.0,5.0,20.0,chopper-porechop_abi,1,98.99984248540655,True,True,True,1.0,ee7a50a277fef6153a1cc05f9cc2afd227e940efbd36a4c2b0abe9a57580901b,3e7cfddea1d70f28dbf0ec0a605e0a0e4201d8a77c82fc3d93e97e30380c297f,4d6b8cb1d482e5066f9ca575ebd3b67af4a32562
sup,100x,1,2026-06-11T03:58:21.440403+00:00,40.0,35.0,5.0,20.0,fastplong-all,2,98.85215564086712,True,True,False,1.0,ee7a50a277fef6153a1cc05f9cc2afd227e940efbd36a4c2b0abe9a57580901b,3e7cfddea1d70f28dbf0ec0a605e0a0e4201d8a77c82fc3d93e97e30380c297f,4d6b8cb1d482e5066f9ca575ebd3b67af4a32562
sup,100x,1,2026-06-11T03:58:21.440403+00:00,40.0,35.0,5.0,20.0,unprocessed-dorado,3,98.71058431229247,True,True,False,1.0,ee7a50a277fef6153a1cc05f9cc2afd227e940efbd36a4c2b0abe9a57580901b,3e7cfddea1d70f28dbf0ec0a605e0a0e4201d8a77c82fc3d93e97e30380c297f,4d6b8cb1d482e5066f9ca575ebd3b67af4a32562
sup,100x,1,2026-06-11T03:58:21.440403+00:00,40.0,35.0,5.0,20.0,seqkit-porechop_abi,4,98.67370496518724,True,True,False,1.0,ee7a50a277fef6153a1cc05f9cc2afd227e940efbd36a4c2b0abe9a57580901b,3e7cfddea1d70f28dbf0ec0a605e0a0e4201d8a77c82fc3d93e97e30380c297f,4d6b8cb1d482e5066f9ca575ebd3b67af4a32562
sup,100x,1,2026-06-11T03:58:21.440403+00:00,40.0,35.0,5.0,20.0,chopper-barbell,5,98.13244003605595,True,True,False,1.0,ee7a50a277fef6153a1cc05f9cc2afd227e940efbd36a4c2b0abe9a57580901b,3e7cfddea1d70f28dbf0ec0a605e0a0e4201d8a77c82fc3d93e97e30380c297f,4d6b8cb1d482e5066f9ca575ebd3b67af4a32562
sup,100x,1,2026-06-11T03:58:21.440403+00:00,40.0,35.0,5.0,20.0,seqkit-untrimmed,6,98.07654985349055,True,True,False,1.0,ee7a50a277fef6153a1cc05f9cc2afd227e940efbd36a4c2b0abe9a57580901b,3e7cfddea1d70f28dbf0ec0a605e0a0e4201d8a77c82fc3d93e97e30380c297f,4d6b8cb1d482e5066f9ca575ebd3b67af4a32562
sup,100x,1,2026-06-11T03:58:21.440403+00:00,40.0,35.0,5.0,20.0,unprocessed-untrimmed,7,97.89830783925838,True,True,False,1.0,ee7a50a277fef6153a1cc05f9cc2afd227e940efbd36a4c2b0abe9a57580901b,3e7cfddea1d70f28dbf0ec0a605e0a0e4201d8a77c82fc3d93e97e30380c297f,4d6b8cb1d482e5066f9ca575ebd3b67af4a32562
sup,100x,1,2026-06-11T03:58:21.440403+00:00,40.0,35.0,5.0,20.0,chopper-dorado,8,92.01934648399052,True,True,False,1.0,ee7a50a277fef6153a1cc05f9cc2afd227e940efbd36a4c2b0abe9a57580901b,3e7cfddea1d70f28dbf0ec0a605e0a0e4201d8a77c82fc3d93e97e30380c297f,4d6b8cb1d482e5066f9ca575ebd3b67af4a32562
sup,100x,1,2026-06-11T03:58:21.440403+00:00,40.0,35.0,5.0,20.0,unprocessed-barbell,9,91.95156993131019,True,True,False,1.0,ee7a50a277fef6153a1cc05f9cc2afd227e940efbd36a4c2b0abe9a57580901b,3e7cfddea1d70f28dbf0ec0a605e0a0e4201d8a77c82fc3d93e97e30380c297f,4d6b8cb1d482e5066f9ca575ebd3b67af4a32562
sup,100x,1,2026-06-11T03:58:21.440403+00:00,40.0,35.0,5.0,20.0,unprocessed-porechop_abi,10,91.87454487433375,True,True,False,1.0,ee7a50a277fef6153a1cc05f9cc2afd227e940efbd36a4c2b0abe9a57580901b,3e7cfddea1d70f28dbf0ec0a605e0a0e4201d8a77c82fc3d93e97e30380c297f,4d6b8cb1d482e5066f9ca575ebd3b67af4a32562
sup,100x,1,2026-06-11T03:58:21.440403+00:00,40.0,35.0,5.0,20.0,chopper-untrimmed,11,91.01604329674787,True,True,False,1.0,ee7a50a277fef6153a1cc05f9cc2afd227e940efbd36a4c2b0abe9a57580901b,3e7cfddea1d70f28dbf0ec0a605e0a0e4201d8a77c82fc3d93e97e30380c297f,4d6b8cb1d482e5066f9ca575ebd3b67af4a32562
sup,100x,1,2026-06-11T03:58:21.440403+00:00,40.0,35.0,5.0,20.0,seqkit-barbell,12,89.28507077404936,True,False,False,1.0,ee7a50a277fef6153a1cc05f9cc2afd227e940efbd36a4c2b0abe9a57580901b,3e7cfddea1d70f28dbf0ec0a605e0a0e4201d8a77c82fc3d93e97e30380c297f,4d6b8cb1d482e5066f9ca575ebd3b67af4a32562
sup,100x,1,2026-06-11T03:58:21.440403+00:00,40.0,35.0,5.0,20.0,seqkit-dorado,13,85.50633562922843,True,False,False,1.0,ee7a50a277fef6153a1cc05f9cc2afd227e940efbd36a4c2b0abe9a57580901b,3e7cfddea1d70f28dbf0ec0a605e0a0e4201d8a77c82fc3d93e97e30380c297f,4d6b8cb1d482e5066f9ca575ebd3b67af4a32562
sup,100x,1,2026-06-11T03:58:21.440403+00:00,40.0,35.0,5.0,20.0,filtlong-dorado,14,79.06544560410292,True,True,False,1.0,ee7a50a277fef6153a1cc05f9cc2afd227e940efbd36a4c2b0abe9a57580901b,3e7cfddea1d70f28dbf0ec0a605e0a0e4201d8a77c82fc3d93e97e30380c297f,4d6b8cb1d482e5066f9ca575ebd3b67af4a32562
sup,100x,1,2026-06-11T03:58:21.440403+00:00,40.0,35.0,5.0,20.0,filtlong-untrimmed,15,79.0275298385525,True,True,False,1.0,ee7a50a277fef6153a1cc05f9cc2afd227e940efbd36a4c2b0abe9a57580901b,3e7cfddea1d70f28dbf0ec0a605e0a0e4201d8a77c82fc3d93e97e30380c297f,4d6b8cb1d482e5066f9ca575ebd3b67af4a32562
sup,100x,1,2026-06-11T03:58:21.440403+00:00,40.0,35.0,5.0,20.0,filtlong-porechop_abi,16,79.01078500428304,True,True,False,1.0,ee7a50a277fef6153a1cc05f9cc2afd227e940efbd36a4c2b0abe9a57580901b,3e7cfddea1d70f28dbf0ec0a605e0a0e4201d8a77c82fc3d93e97e30380c297f,4d6b8cb1d482e5066f9ca575ebd3b67af4a32562
sup,100x,1,2026-06-11T03:58:21.440403+00:00,40.0,35.0,5.0,20.0,filtlong-barbell,17,77.9270276122007,True,False,False,1.0,ee7a50a277fef6153a1cc05f9cc2afd227e940efbd36a4c2b0abe9a57580901b,3e7cfddea1d70f28dbf0ec0a605e0a0e4201d8a77c82fc3d93e97e30380c297f,4d6b8cb1d482e5066f9ca575ebd3b67af4a32562
sup,100x,2,2026-06-11T04:07:26.649433+00:00,30.0,20.0,35.0,15.0,chopper-porechop_abi,1,99.24990999166089,True,True,True,1.0,ee7a50a277fef6153a1cc05f9cc2afd227e940efbd36a4c2b0abe9a57580901b,3e7cfddea1d70f28dbf0ec0a605e0a0e4201d8a77c82fc3d93e97e30380c297f,4d6b8cb1d482e5066f9ca575ebd3b67af4a32562
sup,100x,2,2026-06-11T04:07:26.649433+00:00,30.0,20.0,35.0,15.0,fastplong-all,2,99.13914388269332,True,True,False,1.0,ee7a50a277fef6153a1cc05f9cc2afd227e940efbd36a4c2b0abe9a57580901b,3e7cfddea1d70f28dbf0ec0a605e0a0e4201d8a77c82fc3d93e97e30380c297f,4d6b8cb1d482e5066f9ca575ebd3b67af4a32562
sup,100x,2,2026-06-11T04:07:26.649433+00:00,30.0,20.0,35.0,15.0,unprocessed-dorado,3,99.03297125537593,True,True,False,1.0,ee7a50a277fef6153a1cc05f9cc2afd227e940efbd36a4c2b0abe9a57580901b,3e7cfddea1d70f28dbf0ec0a605e0a0e4201d8a77c82fc3d93e97e30380c297f,4d6b8cb1d482e5066f9ca575ebd3b67af4a32562
sup,100x,2,2026-06-11T04:07:26.649433+00:00,30.0,20.0,35.0,15.0,seqkit-porechop_abi,4,99.00530393615095,True,True,False,1.0,ee7a50a277fef6153a1cc05f9cc2afd227e940efbd36a4c2b0abe9a57580901b,3e7cfddea1d70f28dbf0ec0a605e0a0e4201d8a77c82fc3d93e97e30380c297f,4d6b8cb1d482e5066f9ca575ebd3b67af4a32562
sup,100x,2,2026-06-11T04:07:26.649433+00:00,30.0,20.0,35.0,15.0,chopper-barbell,5,98.64326243818581,True,True,False,1.0,ee7a50a277fef6153a1cc05f9cc2afd227e940efbd36a4c2b0abe9a57580901b,3e7cfddea1d70f28dbf0ec0a605e0a0e4201d8a77c82fc3d93e97e30380c297f,4d6b8cb1d482e5066f9ca575ebd3b67af4a32562
sup,100x,2,2026-06-11T04:07:26.649433+00:00,30.0,20.0,35.0,15.0,chopper-dorado,6,94.01453498718872,True,True,False,1.0,ee7a50a277fef6153a1cc05f9cc2afd227e940efbd36a4c2b0abe9a57580901b,3e7cfddea1d70f28dbf0ec0a605e0a0e4201d8a77c82fc3d93e97e30380c297f,4d6b8cb1d482e5066f9ca575ebd3b67af4a32562
sup,100x,2,2026-06-11T04:07:26.649433+00:00,30.0,20.0,35.0,15.0,unprocessed-barbell,7,93.96371761642632,True,True,False,1.0,ee7a50a277fef6153a1cc05f9cc2afd227e940efbd36a4c2b0abe9a57580901b,3e7cfddea1d70f28dbf0ec0a605e0a0e4201d8a77c82fc3d93e97e30380c297f,4d6b8cb1d482e5066f9ca575ebd3b67af4a32562
sup,100x,2,2026-06-11T04:07:26.649433+00:00,30.0,20.0,35.0,15.0,unprocessed-porechop_abi,8,93.90596703441781,True,True,False,1.0,ee7a50a277fef6153a1cc05f9cc2afd227e940efbd36a4c2b0abe9a57580901b,3e7cfddea1d70f28dbf0ec0a605e0a0e4201d8a77c82fc3d93e97e30380c297f,4d6b8cb1d482e5066f9ca575ebd3b67af4a32562
sup,100x,2,2026-06-11T04:07:26.649433+00:00,30.0,20.0,35.0,15.0,seqkit-untrimmed,9,93.74978672946712,True,True,False,1.0,ee7a50a277fef6153a1cc05f9cc2afd227e940efbd36a4c2b0abe9a57580901b,3e7cfddea1d70f28dbf0ec0a605e0a0e4201d8a77c82fc3d93e97e30380c297f,4d6b8cb1d482e5066f9ca575ebd3b67af4a32562
sup,100x,2,2026-06-11T04:07:26.649433+00:00,30.0,20.0,35.0,15.0,unprocessed-untrimmed,10,93.61606601803777,True,True,False,1.0,ee7a50a277fef6153a1cc05f9cc2afd227e940efbd36a4c2b0abe9a57580901b,3e7cfddea1d70f28dbf0ec0a605e0a0e4201d8a77c82fc3d93e97e30380c297f,4d6b8cb1d482e5066f9ca575ebd3b67af4a32562
sup,100x,2,2026-06-11T04:07:26.649433+00:00,30.0,20.0,35.0,15.0,seqkit-barbell,11,92.21857524084871,True,False,False,1.0,ee7a50a277fef6153a1cc05f9cc2afd227e940efbd36a4c2b0abe9a57580901b,3e7cfddea1d70f28dbf0ec0a605e0a0e4201d8a77c82fc3d93e97e30380c297f,4d6b8cb1d482e5066f9ca575ebd3b67af4a32562
sup,100x,2,2026-06-11T04:07:26.649433+00:00,30.0,20.0,35.0,15.0,seqkit-dorado,12,89.12981083574958,True,True,False,1.0,ee7a50a277fef6153a1cc05f9cc2afd227e940efbd36a4c2b0abe9a57580901b,3e7cfddea1d70f28dbf0ec0a605e0a0e4201d8a77c82fc3d93e97e30380c297f,4d6b8cb1d482e5066f9ca575ebd3b67af4a32562
sup,100x,2,2026-06-11T04:07:26.649433+00:00,30.0,20.0,35.0,15.0,chopper-untrimmed,13,88.45440569337974,True,True,False,1.0,ee7a50a277fef6153a1cc05f9cc2afd227e940efbd36a4c2b0abe9a57580901b,3e7cfddea1d70f28dbf0ec0a605e0a0e4201d8a77c82fc3d93e97e30380c297f,4d6b8cb1d482e5066f9ca575ebd3b67af4a32562
sup,100x,2,2026-06-11T04:07:26.649433+00:00,30.0,20.0,35.0,15.0,filtlong-dorado,14,84.30717770783903,True,True,False,1.0,ee7a50a277fef6153a1cc05f9cc2afd227e940efbd36a4c2b0abe9a57580901b,3e7cfddea1d70f28dbf0ec0a605e0a0e4201d8a77c82fc3d93e97e30380c297f,4d6b8cb1d482e5066f9ca575ebd3b67af4a32562
sup,100x,2,2026-06-11T04:07:26.649433+00:00,30.0,20.0,35.0,15.0,filtlong-untrimmed,15,84.27067639126076,True,True,False,1.0,ee7a50a277fef6153a1cc05f9cc2afd227e940efbd36a4c2b0abe9a57580901b,3e7cfddea1d70f28dbf0ec0a605e0a0e4201d8a77c82fc3d93e97e30380c297f,4d6b8cb1d482e5066f9ca575ebd3b67af4a32562
sup,100x,2,2026-06-11T04:07:26.649433+00:00,30.0,20.0,35.0,15.0,filtlong-porechop_abi,16,84.2583606617881,True,True,False,1.0,ee7a50a277fef6153a1cc05f9cc2afd227e940efbd36a4c2b0abe9a57580901b,3e7cfddea1d70f28dbf0ec0a605e0a0e4201d8a77c82fc3d93e97e30380c297f,4d6b8cb1d482e5066f9ca575ebd3b67af4a32562
sup,100x,2,2026-06-11T04:07:26.649433+00:00,30.0,20.0,35.0,15.0,filtlong-barbell,17,83.44566413004875,True,True,False,1.0,ee7a50a277fef6153a1cc05f9cc2afd227e940efbd36a4c2b0abe9a57580901b,3e7cfddea1d70f28dbf0ec0a605e0a0e4201d8a77c82fc3d93e97e30380c297f,4d6b8cb1d482e5066f9ca575ebd3b67af4a32562
sup,100x,3,2026-06-11T04:38:54.544766+00:00,20.0,20.0,25.0,35.0,chopper-porechop_abi,1,99.49990999166089,True,True,True,1.0,ee7a50a277fef6153a1cc05f9cc2afd227e940efbd36a4c2b0abe9a57580901b,3e7cfddea1d70f28dbf0ec0a605e0a0e4201d8a77c82fc3d93e97e30380c297f,4d6b8cb1d482e5066f9ca575ebd3b67af4a32562
sup,100x,3,2026-06-11T04:38:54.544766+00:00,20.0,20.0,25.0,35.0,fastplong-all,2,99.42606695961638,True,True,False,1.0,ee7a50a277fef6153a1cc05f9cc2afd227e940efbd36a4c2b0abe9a57580901b,3e7cfddea1d70f28dbf0ec0a605e0a0e4201d8a77c82fc3d93e97e30380c297f,4d6b8cb1d482e5066f9ca575ebd3b67af4a32562
sup,100x,3,2026-06-11T04:38:54.544766+00:00,20.0,20.0,25.0,35.0,unprocessed-dorado,3,99.35527894768362,True,True,False,1.0,ee7a50a277fef6153a1cc05f9cc2afd227e940efbd36a4c2b0abe9a57580901b,3e7cfddea1d70f28dbf0ec0a605e0a0e4201d8a77c82fc3d93e97e30380c297f,4d6b8cb1d482e5066f9ca575ebd3b67af4a32562
sup,100x,3,2026-06-11T04:38:54.544766+00:00,20.0,20.0,25.0,35.0,seqkit-porechop_abi,4,99.33684239768941,True,True,False,1.0,ee7a50a277fef6153a1cc05f9cc2afd227e940efbd36a4c2b0abe9a57580901b,3e7cfddea1d70f28dbf0ec0a605e0a0e4201d8a77c82fc3d93e97e30380c297f,4d6b8cb1d482e5066f9ca575ebd3b67af4a32562
sup,100x,3,2026-06-11T04:38:54.544766+00:00,20.0,20.0,25.0,35.0,chopper-barbell,5,99.04864705357043,True,True,False,1.0,ee7a50a277fef6153a1cc05f9cc2afd227e940efbd36a4c2b0abe9a57580901b,3e7cfddea1d70f28dbf0ec0a605e0a0e4201d8a77c82fc3d93e97e30380c297f,4d6b8cb1d482e5066f9ca575ebd3b67af4a32562
sup,100x,3,2026-06-11T04:38:54.544766+00:00,20.0,20.0,25.0,35.0,seqkit-untrimmed,6,95.57670980639021,True,True,False,1.0,ee7a50a277fef6153a1cc05f9cc2afd227e940efbd36a4c2b0abe9a57580901b,3e7cfddea1d70f28dbf0ec0a605e0a0e4201d8a77c82fc3d93e97e30380c297f,4d6b8cb1d482e5066f9ca575ebd3b67af4a32562
sup,100x,3,2026-06-11T04:38:54.544766+00:00,20.0,20.0,25.0,35.0,unprocessed-untrimmed,7,95.48760447957622,True,True,False,1.0,ee7a50a277fef6153a1cc05f9cc2afd227e940efbd36a4c2b0abe9a57580901b,3e7cfddea1d70f28dbf0ec0a605e0a0e4201d8a77c82fc3d93e97e30380c297f,4d6b8cb1d482e5066f9ca575ebd3b67af4a32562
sup,100x,3,2026-06-11T04:38:54.544766+00:00,20.0,20.0,25.0,35.0,chopper-dorado,8,87.67632985898359,True,True,False,1.0,ee7a50a277fef6153a1cc05f9cc2afd227e940efbd36a4c2b0abe9a57580901b,3e7cfddea1d70f28dbf0ec0a605e0a0e4201d8a77c82fc3d93e97e30380c297f,4d6b8cb1d482e5066f9ca575ebd3b67af4a32562
sup,100x,3,2026-06-11T04:38:54.544766+00:00,20.0,20.0,25.0,35.0,unprocessed-barbell,9,87.64243556514428,True,True,False,1.0,ee7a50a277fef6153a1cc05f9cc2afd227e940efbd36a4c2b0abe9a57580901b,3e7cfddea1d70f28dbf0ec0a605e0a0e4201d8a77c82fc3d93e97e30380c297f,4d6b8cb1d482e5066f9ca575ebd3b67af4a32562
sup,100x,3,2026-06-11T04:38:54.544766+00:00,20.0,20.0,25.0,35.0,unprocessed-porechop_abi,10,87.60391575236653,True,True,False,1.0,ee7a50a277fef6153a1cc05f9cc2afd227e940efbd36a4c2b0abe9a57580901b,3e7cfddea1d70f28dbf0ec0a605e0a0e4201d8a77c82fc3d93e97e30380c297f,4d6b8cb1d482e5066f9ca575ebd3b67af4a32562
sup,100x,3,2026-06-11T04:38:54.544766+00:00,20.0,20.0,25.0,35.0,seqkit-barbell,11,86.20729318956666,True,False,False,1.0,ee7a50a277fef6153a1cc05f9cc2afd227e940efbd36a4c2b0abe9a57580901b,3e7cfddea1d70f28dbf0ec0a605e0a0e4201d8a77c82fc3d93e97e30380c297f,4d6b8cb1d482e5066f9ca575ebd3b67af4a32562
sup,100x,3,2026-06-11T04:38:54.544766+00:00,20.0,20.0,25.0,35.0,chopper-untrimmed,12,83.71312364209768,True,False,False,1.0,ee7a50a277fef6153a1cc05f9cc2afd227e940efbd36a4c2b0abe9a57580901b,3e7cfddea1d70f28dbf0ec0a605e0a0e4201d8a77c82fc3d93e97e30380c297f,4d6b8cb1d482e5066f9ca575ebd3b67af4a32562
sup,100x,3,2026-06-11T04:38:54.544766+00:00,20.0,20.0,25.0,35.0,seqkit-dorado,13,76.08647750241624,True,False,False,1.0,ee7a50a277fef6153a1cc05f9cc2afd227e940efbd36a4c2b0abe9a57580901b,3e7cfddea1d70f28dbf0ec0a605e0a0e4201d8a77c82fc3d93e97e30380c297f,4d6b8cb1d482e5066f9ca575ebd3b67af4a32562
sup,100x,3,2026-06-11T04:38:54.544766+00:00,20.0,20.0,25.0,35.0,filtlong-dorado,14,64.52948540014673,True,True,False,1.0,ee7a50a277fef6153a1cc05f9cc2afd227e940efbd36a4c2b0abe9a57580901b,3e7cfddea1d70f28dbf0ec0a605e0a0e4201d8a77c82fc3d93e97e30380c297f,4d6b8cb1d482e5066f9ca575ebd3b67af4a32562
sup,100x,3,2026-06-11T04:38:54.544766+00:00,20.0,20.0,25.0,35.0,filtlong-untrimmed,15,64.51375331433769,True,True,False,1.0,ee7a50a277fef6153a1cc05f9cc2afd227e940efbd36a4c2b0abe9a57580901b,3e7cfddea1d70f28dbf0ec0a605e0a0e4201d8a77c82fc3d93e97e30380c297f,4d6b8cb1d482e5066f9ca575ebd3b67af4a32562
sup,100x,3,2026-06-11T04:38:54.544766+00:00,20.0,20.0,25.0,35.0,filtlong-porechop_abi,16,64.50528373871119,True,True,False,1.0,ee7a50a277fef6153a1cc05f9cc2afd227e940efbd36a4c2b0abe9a57580901b,3e7cfddea1d70f28dbf0ec0a605e0a0e4201d8a77c82fc3d93e97e30380c297f,4d6b8cb1d482e5066f9ca575ebd3b67af4a32562
sup,100x,3,2026-06-11T04:38:54.544766+00:00,20.0,20.0,25.0,35.0,filtlong-barbell,17,63.963356437741055,True,True,False,1.0,ee7a50a277fef6153a1cc05f9cc2afd227e940efbd36a4c2b0abe9a57580901b,3e7cfddea1d70f28dbf0ec0a605e0a0e4201d8a77c82fc3d93e97e30380c297f,4d6b8cb1d482e5066f9ca575ebd3b67af4a32562
sup,100x,4,2026-06-11T05:57:49.965985+00:00,25.0,15.0,10.0,50.0,chopper-porechop_abi,1,99.37493249374566,True,True,True,1.0,ee7a50a277fef6153a1cc05f9cc2afd227e940efbd36a4c2b0abe9a57580901b,3e7cfddea1d70f28dbf0ec0a605e0a0e4201d8a77c82fc3d93e97e30380c297f,4d6b8cb1d482e5066f9ca575ebd3b67af4a32562
sup,100x,4,2026-06-11T05:57:49.965985+00:00,25.0,15.0,10.0,50.0,fastplong-all,2,99.28262714278921,True,True,False,1.0,ee7a50a277fef6153a1cc05f9cc2afd227e940efbd36a4c2b0abe9a57580901b,3e7cfddea1d70f28dbf0ec0a605e0a0e4201d8a77c82fc3d93e97e30380c297f,4d6b8cb1d482e5066f9ca575ebd3b67af4a32562
sup,100x,4,2026-06-11T05:57:49.965985+00:00,25.0,15.0,10.0,50.0,unprocessed-dorado,3,99.19415151845502,True,True,False,1.0,ee7a50a277fef6153a1cc05f9cc2afd227e940efbd36a4c2b0abe9a57580901b,3e7cfddea1d70f28dbf0ec0a605e0a0e4201d8a77c82fc3d93e97e30380c297f,4d6b8cb1d482e5066f9ca575ebd3b67af4a32562
sup,100x,4,2026-06-11T05:57:49.965985+00:00,25.0,15.0,10.0,50.0,seqkit-porechop_abi,4,99.17109333672859,True,True,False,1.0,ee7a50a277fef6153a1cc05f9cc2afd227e940efbd36a4c2b0abe9a57580901b,3e7cfddea1d70f28dbf0ec0a605e0a0e4201d8a77c82fc3d93e97e30380c297f,4d6b8cb1d482e5066f9ca575ebd3b67af4a32562
sup,100x,4,2026-06-11T05:57:49.965985+00:00,25.0,15.0,10.0,50.0,chopper-barbell,5,98.8811006747932,True,True,False,1.0,ee7a50a277fef6153a1cc05f9cc2afd227e940efbd36a4c2b0abe9a57580901b,3e7cfddea1d70f28dbf0ec0a605e0a0e4201d8a77c82fc3d93e97e30380c297f,4d6b8cb1d482e5066f9ca575ebd3b67af4a32562
sup,100x,4,2026-06-11T05:57:49.965985+00:00,25.0,15.0,10.0,50.0,seqkit-untrimmed,6,97.74022466248496,True,True,False,1.0,ee7a50a277fef6153a1cc05f9cc2afd227e940efbd36a4c2b0abe9a57580901b,3e7cfddea1d70f28dbf0ec0a605e0a0e4201d8a77c82fc3d93e97e30380c297f,4d6b8cb1d482e5066f9ca575ebd3b67af4a32562
sup,100x,4,2026-06-11T05:57:49.965985+00:00,25.0,15.0,10.0,50.0,unprocessed-untrimmed,7,97.6287802827591,True,True,False,1.0,ee7a50a277fef6153a1cc05f9cc2afd227e940efbd36a4c2b0abe9a57580901b,3e7cfddea1d70f28dbf0ec0a605e0a0e4201d8a77c82fc3d93e97e30380c297f,4d6b8cb1d482e5066f9ca575ebd3b67af4a32562
sup,100x,4,2026-06-11T05:57:49.965985+00:00,25.0,15.0,10.0,50.0,chopper-dorado,8,82.51211918910948,True,True,False,1.0,ee7a50a277fef6153a1cc05f9cc2afd227e940efbd36a4c2b0abe9a57580901b,3e7cfddea1d70f28dbf0ec0a605e0a0e4201d8a77c82fc3d93e97e30380c297f,4d6b8cb1d482e5066f9ca575ebd3b67af4a32562
sup,100x,4,2026-06-11T05:57:49.965985+00:00,25.0,15.0,10.0,50.0,unprocessed-barbell,9,82.46977539180692,True,True,False,1.0,ee7a50a277fef6153a1cc05f9cc2afd227e940efbd36a4c2b0abe9a57580901b,3e7cfddea1d70f28dbf0ec0a605e0a0e4201d8a77c82fc3d93e97e30380c297f,4d6b8cb1d482e5066f9ca575ebd3b67af4a32562
sup,100x,4,2026-06-11T05:57:49.965985+00:00,25.0,15.0,10.0,50.0,unprocessed-porechop_abi,10,82.42165476299286,True,True,False,1.0,ee7a50a277fef6153a1cc05f9cc2afd227e940efbd36a4c2b0abe9a57580901b,3e7cfddea1d70f28dbf0ec0a605e0a0e4201d8a77c82fc3d93e97e30380c297f,4d6b8cb1d482e5066f9ca575ebd3b67af4a32562
sup,100x,4,2026-06-11T05:57:49.965985+00:00,25.0,15.0,10.0,50.0,seqkit-barbell,11,81.08341861012372,True,True,False,1.0,ee7a50a277fef6153a1cc05f9cc2afd227e940efbd36a4c2b0abe9a57580901b,3e7cfddea1d70f28dbf0ec0a605e0a0e4201d8a77c82fc3d93e97e30380c297f,4d6b8cb1d482e5066f9ca575ebd3b67af4a32562
sup,100x,4,2026-06-11T05:57:49.965985+00:00,25.0,15.0,10.0,50.0,chopper-untrimmed,12,80.82740683413736,True,True,False,1.0,ee7a50a277fef6153a1cc05f9cc2afd227e940efbd36a4c2b0abe9a57580901b,3e7cfddea1d70f28dbf0ec0a605e0a0e4201d8a77c82fc3d93e97e30380c297f,4d6b8cb1d482e5066f9ca575ebd3b67af4a32562
sup,100x,4,2026-06-11T05:57:49.965985+00:00,25.0,15.0,10.0,50.0,seqkit-dorado,13,65.94152479347886,True,False,False,1.0,ee7a50a277fef6153a1cc05f9cc2afd227e940efbd36a4c2b0abe9a57580901b,3e7cfddea1d70f28dbf0ec0a605e0a0e4201d8a77c82fc3d93e97e30380c297f,4d6b8cb1d482e5066f9ca575ebd3b67af4a32562
sup,100x,4,2026-06-11T05:57:49.965985+00:00,25.0,15.0,10.0,50.0,filtlong-dorado,14,49.42480635780235,True,True,False,1.0,ee7a50a277fef6153a1cc05f9cc2afd227e940efbd36a4c2b0abe9a57580901b,3e7cfddea1d70f28dbf0ec0a605e0a0e4201d8a77c82fc3d93e97e30380c297f,4d6b8cb1d482e5066f9ca575ebd3b67af4a32562
sup,100x,4,2026-06-11T05:57:49.965985+00:00,25.0,15.0,10.0,50.0,filtlong-untrimmed,15,49.39223806267634,True,True,False,1.0,ee7a50a277fef6153a1cc05f9cc2afd227e940efbd36a4c2b0abe9a57580901b,3e7cfddea1d70f28dbf0ec0a605e0a0e4201d8a77c82fc3d93e97e30380c297f,4d6b8cb1d482e5066f9ca575ebd3b67af4a32562
sup,100x,4,2026-06-11T05:57:49.965985+00:00,25.0,15.0,10.0,50.0,filtlong-porechop_abi,16,49.38203972711031,True,True,False,1.0,ee7a50a277fef6153a1cc05f9cc2afd227e940efbd36a4c2b0abe9a57580901b,3e7cfddea1d70f28dbf0ec0a605e0a0e4201d8a77c82fc3d93e97e30380c297f,4d6b8cb1d482e5066f9ca575ebd3b67af4a32562
sup,100x,4,2026-06-11T05:57:49.965985+00:00,25.0,15.0,10.0,50.0,filtlong-barbell,17,48.70482502061349,True,True,False,1.0,ee7a50a277fef6153a1cc05f9cc2afd227e940efbd36a4c2b0abe9a57580901b,3e7cfddea1d70f28dbf0ec0a605e0a0e4201d8a77c82fc3d93e97e30380c297f,4d6b8cb1d482e5066f9ca575ebd3b67af4a32562
sup,100x,5,2026-06-11T06:50:16.841179+00:00,45.0,5.0,5.0,45.0,chopper-porechop_abi,1,98.87497749791522,True,True,True,1.0,ee7a50a277fef6153a1cc05f9cc2afd227e940efbd36a4c2b0abe9a57580901b,3e7cfddea1d70f28dbf0ec0a605e0a0e4201d8a77c82fc3d93e97e30380c297f,4d6b8cb1d482e5066f9ca575ebd3b67af4a32562
sup,100x,5,2026-06-11T06:50:16.841179+00:00,45.0,5.0,5.0,45.0,fastplong-all,2,98.7088244322118,True,True,False,1.0,ee7a50a277fef6153a1cc05f9cc2afd227e940efbd36a4c2b0abe9a57580901b,3e7cfddea1d70f28dbf0ec0a605e0a0e4201d8a77c82fc3d93e97e30380c297f,4d6b8cb1d482e5066f9ca575ebd3b67af4a32562
sup,100x,5,2026-06-11T06:50:16.841179+00:00,45.0,5.0,5.0,45.0,unprocessed-dorado,3,98.54958896769014,True,True,False,1.0,ee7a50a277fef6153a1cc05f9cc2afd227e940efbd36a4c2b0abe9a57580901b,3e7cfddea1d70f28dbf0ec0a605e0a0e4201d8a77c82fc3d93e97e30380c297f,4d6b8cb1d482e5066f9ca575ebd3b67af4a32562
sup,100x,5,2026-06-11T06:50:16.841179+00:00,45.0,5.0,5.0,45.0,seqkit-porechop_abi,4,98.5080567532685,True,True,False,1.0,ee7a50a277fef6153a1cc05f9cc2afd227e940efbd36a4c2b0abe9a57580901b,3e7cfddea1d70f28dbf0ec0a605e0a0e4201d8a77c82fc3d93e97e30380c297f,4d6b8cb1d482e5066f9ca575ebd3b67af4a32562
sup,100x,5,2026-06-11T06:50:16.841179+00:00,45.0,5.0,5.0,45.0,chopper-barbell,5,98.14062330185413,True,True,False,1.0,ee7a50a277fef6153a1cc05f9cc2afd227e940efbd36a4c2b0abe9a57580901b,3e7cfddea1d70f28dbf0ec0a605e0a0e4201d8a77c82fc3d93e97e30380c297f,4d6b8cb1d482e5066f9ca575ebd3b67af4a32562
sup,100x,5,2026-06-11T06:50:16.841179+00:00,45.0,5.0,5.0,45.0,seqkit-untrimmed,6,97.93263899005909,True,True,False,1.0,ee7a50a277fef6153a1cc05f9cc2afd227e940efbd36a4c2b0abe9a57580901b,3e7cfddea1d70f28dbf0ec0a605e0a0e4201d8a77c82fc3d93e97e30380c297f,4d6b8cb1d482e5066f9ca575ebd3b67af4a32562
sup,100x,5,2026-06-11T06:50:16.841179+00:00,45.0,5.0,5.0,45.0,unprocessed-untrimmed,7,97.73190111989406,True,True,False,1.0,ee7a50a277fef6153a1cc05f9cc2afd227e940efbd36a4c2b0abe9a57580901b,3e7cfddea1d70f28dbf0ec0a605e0a0e4201d8a77c82fc3d93e97e30380c297f,4d6b8cb1d482e5066f9ca575ebd3b67af4a32562
sup,100x,5,2026-06-11T06:50:16.841179+00:00,45.0,5.0,5.0,45.0,chopper-dorado,8,83.52190297756643,True,True,False,1.0,ee7a50a277fef6153a1cc05f9cc2afd227e940efbd36a4c2b0abe9a57580901b,3e7cfddea1d70f28dbf0ec0a605e0a0e4201d8a77c82fc3d93e97e30380c297f,4d6b8cb1d482e5066f9ca575ebd3b67af4a32562
sup,100x,5,2026-06-11T06:50:16.841179+00:00,45.0,5.0,5.0,45.0,unprocessed-barbell,9,83.44573709641426,True,True,False,1.0,ee7a50a277fef6153a1cc05f9cc2afd227e940efbd36a4c2b0abe9a57580901b,3e7cfddea1d70f28dbf0ec0a605e0a0e4201d8a77c82fc3d93e97e30380c297f,4d6b8cb1d482e5066f9ca575ebd3b67af4a32562
sup,100x,5,2026-06-11T06:50:16.841179+00:00,45.0,5.0,5.0,45.0,unprocessed-porechop_abi,10,83.35918406629676,True,True,False,1.0,ee7a50a277fef6153a1cc05f9cc2afd227e940efbd36a4c2b0abe9a57580901b,3e7cfddea1d70f28dbf0ec0a605e0a0e4201d8a77c82fc3d93e97e30380c297f,4d6b8cb1d482e5066f9ca575ebd3b67af4a32562
sup,100x,5,2026-06-11T06:50:16.841179+00:00,45.0,5.0,5.0,45.0,chopper-untrimmed,11,82.48956296180648,True,True,False,1.0,ee7a50a277fef6153a1cc05f9cc2afd227e940efbd36a4c2b0abe9a57580901b,3e7cfddea1d70f28dbf0ec0a605e0a0e4201d8a77c82fc3d93e97e30380c297f,4d6b8cb1d482e5066f9ca575ebd3b67af4a32562
sup,100x,5,2026-06-11T06:50:16.841179+00:00,45.0,5.0,5.0,45.0,seqkit-barbell,12,81.84695150251987,True,True,False,1.0,ee7a50a277fef6153a1cc05f9cc2afd227e940efbd36a4c2b0abe9a57580901b,3e7cfddea1d70f28dbf0ec0a605e0a0e4201d8a77c82fc3d93e97e30380c297f,4d6b8cb1d482e5066f9ca575ebd3b67af4a32562
sup,100x,5,2026-06-11T06:50:16.841179+00:00,45.0,5.0,5.0,45.0,seqkit-dorado,13,68.6949527089374,True,False,False,1.0,ee7a50a277fef6153a1cc05f9cc2afd227e940efbd36a4c2b0abe9a57580901b,3e7cfddea1d70f28dbf0ec0a605e0a0e4201d8a77c82fc3d93e97e30380c297f,4d6b8cb1d482e5066f9ca575ebd3b67af4a32562
sup,100x,5,2026-06-11T06:50:16.841179+00:00,45.0,5.0,5.0,45.0,filtlong-dorado,14,53.99314058080592,True,True,False,1.0,ee7a50a277fef6153a1cc05f9cc2afd227e940efbd36a4c2b0abe9a57580901b,3e7cfddea1d70f28dbf0ec0a605e0a0e4201d8a77c82fc3d93e97e30380c297f,4d6b8cb1d482e5066f9ca575ebd3b67af4a32562
sup,100x,5,2026-06-11T06:50:16.841179+00:00,45.0,5.0,5.0,45.0,filtlong-untrimmed,15,53.90613063627673,True,True,False,1.0,ee7a50a277fef6153a1cc05f9cc2afd227e940efbd36a4c2b0abe9a57580901b,3e7cfddea1d70f28dbf0ec0a605e0a0e4201d8a77c82fc3d93e97e30380c297f,4d6b8cb1d482e5066f9ca575ebd3b67af4a32562
sup,100x,5,2026-06-11T06:50:16.841179+00:00,45.0,5.0,5.0,45.0,filtlong-porechop_abi,16,53.88862862698549,True,True,False,1.0,ee7a50a277fef6153a1cc05f9cc2afd227e940efbd36a4c2b0abe9a57580901b,3e7cfddea1d70f28dbf0ec0a605e0a0e4201d8a77c82fc3d93e97e30380c297f,4d6b8cb1d482e5066f9ca575ebd3b67af4a32562
sup,100x,5,2026-06-11T06:50:16.841179+00:00,45.0,5.0,5.0,45.0,filtlong-barbell,17,52.670069878666034,True,False,False,1.0,ee7a50a277fef6153a1cc05f9cc2afd227e940efbd36a4c2b0abe9a57580901b,3e7cfddea1d70f28dbf0ec0a605e0a0e4201d8a77c82fc3d93e97e30380c297f,4d6b8cb1d482e5066f9ca575ebd3b67af4a32562
sup,100x,6,2026-06-11T07:21:32.710471+00:00,10.0,20.0,35.0,35.0,chopper-porechop_abi,1,99.74990999166089,True,True,True,1.0,ee7a50a277fef6153a1cc05f9cc2afd227e940efbd36a4c2b0abe9a57580901b,3e7cfddea1d70f28dbf0ec0a605e0a0e4201d8a77c82fc3d93e97e30380c297f,4d6b8cb1d482e5066f9ca575ebd3b67af4a32562
sup,100x,6,2026-06-11T07:21:32.710471+00:00,10.0,20.0,35.0,35.0,fastplong-all,2,99.71299003653945,True,True,False,1.0,ee7a50a277fef6153a1cc05f9cc2afd227e940efbd36a4c2b0abe9a57580901b,3e7cfddea1d70f28dbf0ec0a605e0a0e4201d8a77c82fc3d93e97e30380c297f,4d6b8cb1d482e5066f9ca575ebd3b67af4a32562
sup,100x,6,2026-06-11T07:21:32.710471+00:00,10.0,20.0,35.0,35.0,unprocessed-dorado,3,99.67758663999132,True,True,False,1.0,ee7a50a277fef6153a1cc05f9cc2afd227e940efbd36a4c2b0abe9a57580901b,3e7cfddea1d70f28dbf0ec0a605e0a0e4201d8a77c82fc3d93e97e30380c297f,4d6b8cb1d482e5066f9ca575ebd3b67af4a32562
sup,100x,6,2026-06-11T07:21:32.710471+00:00,10.0,20.0,35.0,35.0,seqkit-porechop_abi,4,99.66838085922787,True,True,False,1.0,ee7a50a277fef6153a1cc05f9cc2afd227e940efbd36a4c2b0abe9a57580901b,3e7cfddea1d70f28dbf0ec0a605e0a0e4201d8a77c82fc3d93e97e30380c297f,4d6b8cb1d482e5066f9ca575ebd3b67af4a32562
sup,100x,6,2026-06-11T07:21:32.710471+00:00,10.0,20.0,35.0,35.0,chopper-barbell,5,99.45403166895505,True,True,False,1.0,ee7a50a277fef6153a1cc05f9cc2afd227e940efbd36a4c2b0abe9a57580901b,3e7cfddea1d70f28dbf0ec0a605e0a0e4201d8a77c82fc3d93e97e30380c297f,4d6b8cb1d482e5066f9ca575ebd3b67af4a32562
sup,100x,6,2026-06-11T07:21:32.710471+00:00,10.0,20.0,35.0,35.0,seqkit-untrimmed,6,94.32670980639021,True,True,False,1.0,ee7a50a277fef6153a1cc05f9cc2afd227e940efbd36a4c2b0abe9a57580901b,3e7cfddea1d70f28dbf0ec0a605e0a0e4201d8a77c82fc3d93e97e30380c297f,4d6b8cb1d482e5066f9ca575ebd3b67af4a32562
sup,100x,6,2026-06-11T07:21:32.710471+00:00,10.0,20.0,35.0,35.0,unprocessed-untrimmed,7,94.28221986419162,True,True,False,1.0,ee7a50a277fef6153a1cc05f9cc2afd227e940efbd36a4c2b0abe9a57580901b,3e7cfddea1d70f28dbf0ec0a605e0a0e4201d8a77c82fc3d93e97e30380c297f,4d6b8cb1d482e5066f9ca575ebd3b67af4a32562
sup,100x,6,2026-06-11T07:21:32.710471+00:00,10.0,20.0,35.0,35.0,chopper-dorado,8,88.00479139744513,True,True,False,1.0,ee7a50a277fef6153a1cc05f9cc2afd227e940efbd36a4c2b0abe9a57580901b,3e7cfddea1d70f28dbf0ec0a605e0a0e4201d8a77c82fc3d93e97e30380c297f,4d6b8cb1d482e5066f9ca575ebd3b67af4a32562
sup,100x,6,2026-06-11T07:21:32.710471+00:00,10.0,20.0,35.0,35.0,unprocessed-barbell,9,87.98782018052889,True,True,False,1.0,ee7a50a277fef6153a1cc05f9cc2afd227e940efbd36a4c2b0abe9a57580901b,3e7cfddea1d70f28dbf0ec0a605e0a0e4201d8a77c82fc3d93e97e30380c297f,4d6b8cb1d482e5066f9ca575ebd3b67af4a32562
sup,100x,6,2026-06-11T07:21:32.710471+00:00,10.0,20.0,35.0,35.0,unprocessed-porechop_abi,10,87.96853113698192,True,True,False,1.0,ee7a50a277fef6153a1cc05f9cc2afd227e940efbd36a4c2b0abe9a57580901b,3e7cfddea1d70f28dbf0ec0a605e0a0e4201d8a77c82fc3d93e97e30380c297f,4d6b8cb1d482e5066f9ca575ebd3b67af4a32562
sup,100x,6,2026-06-11T07:21:32.710471+00:00,10.0,20.0,35.0,35.0,seqkit-barbell,11,86.86267780495129,True,False,False,1.0,ee7a50a277fef6153a1cc05f9cc2afd227e940efbd36a4c2b0abe9a57580901b,3e7cfddea1d70f28dbf0ec0a605e0a0e4201d8a77c82fc3d93e97e30380c297f,4d6b8cb1d482e5066f9ca575ebd3b67af4a32562
sup,100x,6,2026-06-11T07:21:32.710471+00:00,10.0,20.0,35.0,35.0,chopper-untrimmed,12,82.56158518055923,True,False,False,1.0,ee7a50a277fef6153a1cc05f9cc2afd227e940efbd36a4c2b0abe9a57580901b,3e7cfddea1d70f28dbf0ec0a605e0a0e4201d8a77c82fc3d93e97e30380c297f,4d6b8cb1d482e5066f9ca575ebd3b67af4a32562
sup,100x,6,2026-06-11T07:21:32.710471+00:00,10.0,20.0,35.0,35.0,seqkit-dorado,13,76.37647750241625,True,False,False,1.0,ee7a50a277fef6153a1cc05f9cc2afd227e940efbd36a4c2b0abe9a57580901b,3e7cfddea1d70f28dbf0ec0a605e0a0e4201d8a77c82fc3d93e97e30380c297f,4d6b8cb1d482e5066f9ca575ebd3b67af4a32562
sup,100x,6,2026-06-11T07:21:32.710471+00:00,10.0,20.0,35.0,35.0,filtlong-untrimmed,14,64.75683023741462,True,True,False,1.0,ee7a50a277fef6153a1cc05f9cc2afd227e940efbd36a4c2b0abe9a57580901b,3e7cfddea1d70f28dbf0ec0a605e0a0e4201d8a77c82fc3d93e97e30380c297f,4d6b8cb1d482e5066f9ca575ebd3b67af4a32562
sup,100x,6,2026-06-11T07:21:32.710471+00:00,10.0,20.0,35.0,35.0,filtlong-porechop_abi,15,64.75220681563427,True,True,False,1.0,ee7a50a277fef6153a1cc05f9cc2afd227e940efbd36a4c2b0abe9a57580901b,3e7cfddea1d70f28dbf0ec0a605e0a0e4201d8a77c82fc3d93e97e30380c297f,4d6b8cb1d482e5066f9ca575ebd3b67af4a32562
sup,100x,6,2026-06-11T07:21:32.710471+00:00,10.0,20.0,35.0,35.0,filtlong-dorado,16,64.7517930924544,True,True,False,1.0,ee7a50a277fef6153a1cc05f9cc2afd227e940efbd36a4c2b0abe9a57580901b,3e7cfddea1d70f28dbf0ec0a605e0a0e4201d8a77c82fc3d93e97e30380c297f,4d6b8cb1d482e5066f9ca575ebd3b67af4a32562
sup,100x,6,2026-06-11T07:21:32.710471+00:00,10.0,20.0,35.0,35.0,filtlong-barbell,17,64.48104874543337,True,True,False,1.0,ee7a50a277fef6153a1cc05f9cc2afd227e940efbd36a4c2b0abe9a57580901b,3e7cfddea1d70f28dbf0ec0a605e0a0e4201d8a77c82fc3d93e97e30380c297f,4d6b8cb1d482e5066f9ca575ebd3b67af4a32562
sup,100x,7,2026-06-11T07:30:02.300791+00:00,25.0,15.0,10.0,50.0,chopper-porechop_abi,1,99.37493249374566,True,True,True,1.0,ee7a50a277fef6153a1cc05f9cc2afd227e940efbd36a4c2b0abe9a57580901b,3e7cfddea1d70f28dbf0ec0a605e0a0e4201d8a77c82fc3d93e97e30380c297f,4d6b8cb1d482e5066f9ca575ebd3b67af4a32562
sup,100x,7,2026-06-11T07:30:02.300791+00:00,25.0,15.0,10.0,50.0,fastplong-all,2,99.28262714278921,True,True,False,1.0,ee7a50a277fef6153a1cc05f9cc2afd227e940efbd36a4c2b0abe9a57580901b,3e7cfddea1d70f28dbf0ec0a605e0a0e4201d8a77c82fc3d93e97e30380c297f,4d6b8cb1d482e5066f9ca575ebd3b67af4a32562
sup,100x,7,2026-06-11T07:30:02.300791+00:00,25.0,15.0,10.0,50.0,unprocessed-dorado,3,99.19415151845502,True,True,False,1.0,ee7a50a277fef6153a1cc05f9cc2afd227e940efbd36a4c2b0abe9a57580901b,3e7cfddea1d70f28dbf0ec0a605e0a0e4201d8a77c82fc3d93e97e30380c297f,4d6b8cb1d482e5066f9ca575ebd3b67af4a32562
sup,100x,7,2026-06-11T07:30:02.300791+00:00,25.0,15.0,10.0,50.0,seqkit-porechop_abi,4,99.17109333672859,True,True,False,1.0,ee7a50a277fef6153a1cc05f9cc2afd227e940efbd36a4c2b0abe9a57580901b,3e7cfddea1d70f28dbf0ec0a605e0a0e4201d8a77c82fc3d93e97e30380c297f,4d6b8cb1d482e5066f9ca575ebd3b67af4a32562
sup,100x,7,2026-06-11T07:30:02.300791+00:00,25.0,15.0,10.0,50.0,chopper-barbell,5,98.8811006747932,True,True,False,1.0,ee7a50a277fef6153a1cc05f9cc2afd227e940efbd36a4c2b0abe9a57580901b,3e7cfddea1d70f28dbf0ec0a605e0a0e4201d8a77c82fc3d93e97e30380c297f,4d6b8cb1d482e5066f9ca575ebd3b67af4a32562
sup,100x,7,2026-06-11T07:30:02.300791+00:00,25.0,15.0,10.0,50.0,seqkit-untrimmed,6,97.74022466248496,True,True,False,1.0,ee7a50a277fef6153a1cc05f9cc2afd227e940efbd36a4c2b0abe9a57580901b,3e7cfddea1d70f28dbf0ec0a605e0a0e4201d8a77c82fc3d93e97e30380c297f,4d6b8cb1d482e5066f9ca575ebd3b67af4a32562
sup,100x,7,2026-06-11T07:30:02.300791+00:00,25.0,15.0,10.0,50.0,unprocessed-untrimmed,7,97.6287802827591,True,True,False,1.0,ee7a50a277fef6153a1cc05f9cc2afd227e940efbd36a4c2b0abe9a57580901b,3e7cfddea1d70f28dbf0ec0a605e0a0e4201d8a77c82fc3d93e97e30380c297f,4d6b8cb1d482e5066f9ca575ebd3b67af4a32562
sup,100x,7,2026-06-11T07:30:02.300791+00:00,25.0,15.0,10.0,50.0,chopper-dorado,8,82.51211918910948,True,True,False,1.0,ee7a50a277fef6153a1cc05f9cc2afd227e940efbd36a4c2b0abe9a57580901b,3e7cfddea1d70f28dbf0ec0a605e0a0e4201d8a77c82fc3d93e97e30380c297f,4d6b8cb1d482e5066f9ca575ebd3b67af4a32562
sup,100x,7,2026-06-11T07:30:02.300791+00:00,25.0,15.0,10.0,50.0,unprocessed-barbell,9,82.46977539180692,True,True,False,1.0,ee7a50a277fef6153a1cc05f9cc2afd227e940efbd36a4c2b0abe9a57580901b,3e7cfddea1d70f28dbf0ec0a605e0a0e4201d8a77c82fc3d93e97e30380c297f,4d6b8cb1d482e5066f9ca575ebd3b67af4a32562
sup,100x,7,2026-06-11T07:30:02.300791+00:00,25.0,15.0,10.0,50.0,unprocessed-porechop_abi,10,82.42165476299286,True,True,False,1.0,ee7a50a277fef6153a1cc05f9cc2afd227e940efbd36a4c2b0abe9a57580901b,3e7cfddea1d70f28dbf0ec0a605e0a0e4201d8a77c82fc3d93e97e30380c297f,4d6b8cb1d482e5066f9ca575ebd3b67af4a32562
sup,100x,7,2026-06-11T07:30:02.300791+00:00,25.0,15.0,10.0,50.0,seqkit-barbell,11,81.08341861012372,True,True,False,1.0,ee7a50a277fef6153a1cc05f9cc2afd227e940efbd36a4c2b0abe9a57580901b,3e7cfddea1d70f28dbf0ec0a605e0a0e4201d8a77c82fc3d93e97e30380c297f,4d6b8cb1d482e5066f9ca575ebd3b67af4a32562
sup,100x,7,2026-06-11T07:30:02.300791+00:00,25.0,15.0,10.0,50.0,chopper-untrimmed,12,80.82740683413736,True,True,False,1.0,ee7a50a277fef6153a1cc05f9cc2afd227e940efbd36a4c2b0abe9a57580901b,3e7cfddea1d70f28dbf0ec0a605e0a0e4201d8a77c82fc3d93e97e30380c297f,4d6b8cb1d482e5066f9ca575ebd3b67af4a32562
sup,100x,7,2026-06-11T07:30:02.300791+00:00,25.0,15.0,10.0,50.0,seqkit-dorado,13,65.94152479347886,True,False,False,1.0,ee7a50a277fef6153a1cc05f9cc2afd227e940efbd36a4c2b0abe9a57580901b,3e7cfddea1d70f28dbf0ec0a605e0a0e4201d8a77c82fc3d93e97e30380c297f,4d6b8cb1d482e5066f9ca575ebd3b67af4a32562
sup,100x,7,2026-06-11T07:30:02.300791+00:00,25.0,15.0,10.0,50.0,filtlong-dorado,14,49.42480635780235,True,True,False,1.0,ee7a50a277fef6153a1cc05f9cc2afd227e940efbd36a4c2b0abe9a57580901b,3e7cfddea1d70f28dbf0ec0a605e0a0e4201d8a77c82fc3d93e97e30380c297f,4d6b8cb1d482e5066f9ca575ebd3b67af4a32562
sup,100x,7,2026-06-11T07:30:02.300791+00:00,25.0,15.0,10.0,50.0,filtlong-untrimmed,15,49.39223806267634,True,True,False,1.0,ee7a50a277fef6153a1cc05f9cc2afd227e940efbd36a4c2b0abe9a57580901b,3e7cfddea1d70f28dbf0ec0a605e0a0e4201d8a77c82fc3d93e97e30380c297f,4d6b8cb1d482e5066f9ca575ebd3b67af4a32562
sup,100x,7,2026-06-11T07:30:02.300791+00:00,25.0,15.0,10.0,50.0,filtlong-porechop_abi,16,49.38203972711031,True,True,False,1.0,ee7a50a277fef6153a1cc05f9cc2afd227e940efbd36a4c2b0abe9a57580901b,3e7cfddea1d70f28dbf0ec0a605e0a0e4201d8a77c82fc3d93e97e30380c297f,4d6b8cb1d482e5066f9ca575ebd3b67af4a32562
sup,100x,7,2026-06-11T07:30:02.300791+00:00,25.0,15.0,10.0,50.0,filtlong-barbell,17,48.70482502061349,True,True,False,1.0,ee7a50a277fef6153a1cc05f9cc2afd227e940efbd36a4c2b0abe9a57580901b,3e7cfddea1d70f28dbf0ec0a605e0a0e4201d8a77c82fc3d93e97e30380c297f,4d6b8cb1d482e5066f9ca575ebd3b67af4a32562
sup,100x,8,2026-06-11T09:05:43.656374+00:00,25.0,40.0,5.0,30.0,chopper-porechop_abi,1,99.37481998332176,True,True,True,1.0,ee7a50a277fef6153a1cc05f9cc2afd227e940efbd36a4c2b0abe9a57580901b,3e7cfddea1d70f28dbf0ec0a605e0a0e4201d8a77c82fc3d93e97e30380c297f,4d6b8cb1d482e5066f9ca575ebd3b67af4a32562
sup,100x,8,2026-06-11T09:05:43.656374+00:00,25.0,40.0,5.0,30.0,fastplong-all,2,99.28251853461738,True,True,False,1.0,ee7a50a277fef6153a1cc05f9cc2afd227e940efbd36a4c2b0abe9a57580901b,3e7cfddea1d70f28dbf0ec0a605e0a0e4201d8a77c82fc3d93e97e30380c297f,4d6b8cb1d482e5066f9ca575ebd3b67af4a32562
sup,100x,8,2026-06-11T09:05:43.656374+00:00,25.0,40.0,5.0,30.0,unprocessed-dorado,3,99.19401943382876,True,True,False,1.0,ee7a50a277fef6153a1cc05f9cc2afd227e940efbd36a4c2b0abe9a57580901b,3e7cfddea1d70f28dbf0ec0a605e0a0e4201d8a77c82fc3d93e97e30380c297f,4d6b8cb1d482e5066f9ca575ebd3b67af4a32562
sup,100x,8,2026-06-11T09:05:43.656374+00:00,25.0,40.0,5.0,30.0,seqkit-porechop_abi,4,99.17099248768653,True,True,False,1.0,ee7a50a277fef6153a1cc05f9cc2afd227e940efbd36a4c2b0abe9a57580901b,3e7cfddea1d70f28dbf0ec0a605e0a0e4201d8a77c82fc3d93e97e30380c297f,4d6b8cb1d482e5066f9ca575ebd3b67af4a32562
sup,100x,8,2026-06-11T09:05:43.656374+00:00,25.0,40.0,5.0,30.0,chopper-barbell,5,98.70537103021779,True,True,False,1.0,ee7a50a277fef6153a1cc05f9cc2afd227e940efbd36a4c2b0abe9a57580901b,3e7cfddea1d70f28dbf0ec0a605e0a0e4201d8a77c82fc3d93e97e30380c297f,4d6b8cb1d482e5066f9ca575ebd3b67af4a32562
sup,100x,8,2026-06-11T09:05:43.656374+00:00,25.0,40.0,5.0,30.0,seqkit-untrimmed,6,98.50918884354964,True,True,False,1.0,ee7a50a277fef6153a1cc05f9cc2afd227e940efbd36a4c2b0abe9a57580901b,3e7cfddea1d70f28dbf0ec0a605e0a0e4201d8a77c82fc3d93e97e30380c297f,4d6b8cb1d482e5066f9ca575ebd3b67af4a32562
sup,100x,8,2026-06-11T09:05:43.656374+00:00,25.0,40.0,5.0,30.0,unprocessed-untrimmed,7,98.39790126684474,True,True,False,1.0,ee7a50a277fef6153a1cc05f9cc2afd227e940efbd36a4c2b0abe9a57580901b,3e7cfddea1d70f28dbf0ec0a605e0a0e4201d8a77c82fc3d93e97e30380c297f,4d6b8cb1d482e5066f9ca575ebd3b67af4a32562
sup,100x,8,2026-06-11T09:05:43.656374+00:00,25.0,40.0,5.0,30.0,chopper-dorado,8,89.17868535899282,True,True,False,1.0,ee7a50a277fef6153a1cc05f9cc2afd227e940efbd36a4c2b0abe9a57580901b,3e7cfddea1d70f28dbf0ec0a605e0a0e4201d8a77c82fc3d93e97e30380c297f,4d6b8cb1d482e5066f9ca575ebd3b67af4a32562
sup,100x,8,2026-06-11T09:05:43.656374+00:00,25.0,40.0,5.0,30.0,unprocessed-barbell,9,89.13628138669881,True,True,False,1.0,ee7a50a277fef6153a1cc05f9cc2afd227e940efbd36a4c2b0abe9a57580901b,3e7cfddea1d70f28dbf0ec0a605e0a0e4201d8a77c82fc3d93e97e30380c297f,4d6b8cb1d482e5066f9ca575ebd3b67af4a32562
sup,100x,8,2026-06-11T09:05:43.656374+00:00,25.0,40.0,5.0,30.0,unprocessed-porechop_abi,10,89.08808791498949,True,True,False,1.0,ee7a50a277fef6153a1cc05f9cc2afd227e940efbd36a4c2b0abe9a57580901b,3e7cfddea1d70f28dbf0ec0a605e0a0e4201d8a77c82fc3d93e97e30380c297f,4d6b8cb1d482e5066f9ca575ebd3b67af4a32562
sup,100x,8,2026-06-11T09:05:43.656374+00:00,25.0,40.0,5.0,30.0,chopper-untrimmed,11,88.26304215599025,True,True,False,1.0,ee7a50a277fef6153a1cc05f9cc2afd227e940efbd36a4c2b0abe9a57580901b,3e7cfddea1d70f28dbf0ec0a605e0a0e4201d8a77c82fc3d93e97e30380c297f,4d6b8cb1d482e5066f9ca575ebd3b67af4a32562
sup,100x,8,2026-06-11T09:05:43.656374+00:00,25.0,40.0,5.0,30.0,seqkit-barbell,12,86.73099663554359,True,False,False,1.0,ee7a50a277fef6153a1cc05f9cc2afd227e940efbd36a4c2b0abe9a57580901b,3e7cfddea1d70f28dbf0ec0a605e0a0e4201d8a77c82fc3d93e97e30380c297f,4d6b8cb1d482e5066f9ca575ebd3b67af4a32562
sup,100x,8,2026-06-11T09:05:43.656374+00:00,25.0,40.0,5.0,30.0,seqkit-dorado,13,79.27462167149915,True,False,False,1.0,ee7a50a277fef6153a1cc05f9cc2afd227e940efbd36a4c2b0abe9a57580901b,3e7cfddea1d70f28dbf0ec0a605e0a0e4201d8a77c82fc3d93e97e30380c297f,4d6b8cb1d482e5066f9ca575ebd3b67af4a32562
sup,100x,8,2026-06-11T09:05:43.656374+00:00,25.0,40.0,5.0,30.0,filtlong-dorado,14,69.39243233875499,True,True,False,1.0,ee7a50a277fef6153a1cc05f9cc2afd227e940efbd36a4c2b0abe9a57580901b,3e7cfddea1d70f28dbf0ec0a605e0a0e4201d8a77c82fc3d93e97e30380c297f,4d6b8cb1d482e5066f9ca575ebd3b67af4a32562
sup,100x,8,2026-06-11T09:05:43.656374+00:00,25.0,40.0,5.0,30.0,filtlong-untrimmed,15,69.39212201329076,True,True,False,1.0,ee7a50a277fef6153a1cc05f9cc2afd227e940efbd36a4c2b0abe9a57580901b,3e7cfddea1d70f28dbf0ec0a605e0a0e4201d8a77c82fc3d93e97e30380c297f,4d6b8cb1d482e5066f9ca575ebd3b67af4a32562
sup,100x,8,2026-06-11T09:05:43.656374+00:00,25.0,40.0,5.0,30.0,filtlong-porechop_abi,16,69.38095209280701,True,True,False,1.0,ee7a50a277fef6153a1cc05f9cc2afd227e940efbd36a4c2b0abe9a57580901b,3e7cfddea1d70f28dbf0ec0a605e0a0e4201d8a77c82fc3d93e97e30380c297f,4d6b8cb1d482e5066f9ca575ebd3b67af4a32562
sup,100x,8,2026-06-11T09:05:43.656374+00:00,25.0,40.0,5.0,30.0,filtlong-barbell,17,68.70325133702059,True,True,False,1.0,ee7a50a277fef6153a1cc05f9cc2afd227e940efbd36a4c2b0abe9a57580901b,3e7cfddea1d70f28dbf0ec0a605e0a0e4201d8a77c82fc3d93e97e30380c297f,4d6b8cb1d482e5066f9ca575ebd3b67af4a32562
sup,100x,9,2026-06-11T14:02:05.818988+00:00,35.0,10.0,25.0,30.0,chopper-porechop_abi,1,99.12495499583045,True,True,True,1.0,ee7a50a277fef6153a1cc05f9cc2afd227e940efbd36a4c2b0abe9a57580901b,3e7cfddea1d70f28dbf0ec0a605e0a0e4201d8a77c82fc3d93e97e30380c297f,4d6b8cb1d482e5066f9ca575ebd3b67af4a32562
sup,100x,9,2026-06-11T14:02:05.818988+00:00,35.0,10.0,25.0,30.0,fastplong-all,2,98.9957257875005,True,True,False,1.0,ee7a50a277fef6153a1cc05f9cc2afd227e940efbd36a4c2b0abe9a57580901b,3e7cfddea1d70f28dbf0ec0a605e0a0e4201d8a77c82fc3d93e97e30380c297f,4d6b8cb1d482e5066f9ca575ebd3b67af4a32562
sup,100x,9,2026-06-11T14:02:05.818988+00:00,35.0,10.0,25.0,30.0,unprocessed-dorado,3,98.87187024307258,True,True,False,1.0,ee7a50a277fef6153a1cc05f9cc2afd227e940efbd36a4c2b0abe9a57580901b,3e7cfddea1d70f28dbf0ec0a605e0a0e4201d8a77c82fc3d93e97e30380c297f,4d6b8cb1d482e5066f9ca575ebd3b67af4a32562
sup,100x,9,2026-06-11T14:02:05.818988+00:00,35.0,10.0,25.0,30.0,seqkit-porechop_abi,4,98.83957504499857,True,True,False,1.0,ee7a50a277fef6153a1cc05f9cc2afd227e940efbd36a4c2b0abe9a57580901b,3e7cfddea1d70f28dbf0ec0a605e0a0e4201d8a77c82fc3d93e97e30380c297f,4d6b8cb1d482e5066f9ca575ebd3b67af4a32562
sup,100x,9,2026-06-11T14:02:05.818988+00:00,35.0,10.0,25.0,30.0,chopper-barbell,5,98.51086198832367,True,True,False,1.0,ee7a50a277fef6153a1cc05f9cc2afd227e940efbd36a4c2b0abe9a57580901b,3e7cfddea1d70f28dbf0ec0a605e0a0e4201d8a77c82fc3d93e97e30380c297f,4d6b8cb1d482e5066f9ca575ebd3b67af4a32562
sup,100x,9,2026-06-11T14:02:05.818988+00:00,35.0,10.0,25.0,30.0,seqkit-untrimmed,6,95.14412413396433,True,True,False,1.0,ee7a50a277fef6153a1cc05f9cc2afd227e940efbd36a4c2b0abe9a57580901b,3e7cfddea1d70f28dbf0ec0a605e0a0e4201d8a77c82fc3d93e97e30380c297f,4d6b8cb1d482e5066f9ca575ebd3b67af4a32562
sup,100x,9,2026-06-11T14:02:05.818988+00:00,35.0,10.0,25.0,30.0,unprocessed-untrimmed,7,94.98803300901888,True,True,False,1.0,ee7a50a277fef6153a1cc05f9cc2afd227e940efbd36a4c2b0abe9a57580901b,3e7cfddea1d70f28dbf0ec0a605e0a0e4201d8a77c82fc3d93e97e30380c297f,4d6b8cb1d482e5066f9ca575ebd3b67af4a32562
sup,100x,9,2026-06-11T14:02:05.818988+00:00,35.0,10.0,25.0,30.0,chopper-dorado,8,88.85034441667129,True,True,False,1.0,ee7a50a277fef6153a1cc05f9cc2afd227e940efbd36a4c2b0abe9a57580901b,3e7cfddea1d70f28dbf0ec0a605e0a0e4201d8a77c82fc3d93e97e30380c297f,4d6b8cb1d482e5066f9ca575ebd3b67af4a32562
sup,100x,9,2026-06-11T14:02:05.818988+00:00,35.0,10.0,25.0,30.0,unprocessed-barbell,9,88.79108957744393,True,True,False,1.0,ee7a50a277fef6153a1cc05f9cc2afd227e940efbd36a4c2b0abe9a57580901b,3e7cfddea1d70f28dbf0ec0a605e0a0e4201d8a77c82fc3d93e97e30380c297f,4d6b8cb1d482e5066f9ca575ebd3b67af4a32562
sup,100x,9,2026-06-11T14:02:05.818988+00:00,35.0,10.0,25.0,30.0,unprocessed-porechop_abi,10,88.72375274797814,True,True,False,1.0,ee7a50a277fef6153a1cc05f9cc2afd227e940efbd36a4c2b0abe9a57580901b,3e7cfddea1d70f28dbf0ec0a605e0a0e4201d8a77c82fc3d93e97e30380c297f,4d6b8cb1d482e5066f9ca575ebd3b67af4a32562
sup,100x,9,2026-06-11T14:02:05.818988+00:00,35.0,10.0,25.0,30.0,seqkit-barbell,11,87.29851838965513,True,False,False,1.0,ee7a50a277fef6153a1cc05f9cc2afd227e940efbd36a4c2b0abe9a57580901b,3e7cfddea1d70f28dbf0ec0a605e0a0e4201d8a77c82fc3d93e97e30380c297f,4d6b8cb1d482e5066f9ca575ebd3b67af4a32562
sup,100x,9,2026-06-11T14:02:05.818988+00:00,35.0,10.0,25.0,30.0,chopper-untrimmed,12,84.79951053899757,True,False,False,1.0,ee7a50a277fef6153a1cc05f9cc2afd227e940efbd36a4c2b0abe9a57580901b,3e7cfddea1d70f28dbf0ec0a605e0a0e4201d8a77c82fc3d93e97e30380c297f,4d6b8cb1d482e5066f9ca575ebd3b67af4a32562
sup,100x,9,2026-06-11T14:02:05.818988+00:00,35.0,10.0,25.0,30.0,seqkit-dorado,13,78.98490541787478,True,False,False,1.0,ee7a50a277fef6153a1cc05f9cc2afd227e940efbd36a4c2b0abe9a57580901b,3e7cfddea1d70f28dbf0ec0a605e0a0e4201d8a77c82fc3d93e97e30380c297f,4d6b8cb1d482e5066f9ca575ebd3b67af4a32562
sup,100x,9,2026-06-11T14:02:05.818988+00:00,35.0,10.0,25.0,30.0,filtlong-dorado,14,69.20897346930414,True,True,False,1.0,ee7a50a277fef6153a1cc05f9cc2afd227e940efbd36a4c2b0abe9a57580901b,3e7cfddea1d70f28dbf0ec0a605e0a0e4201d8a77c82fc3d93e97e30380c297f,4d6b8cb1d482e5066f9ca575ebd3b67af4a32562
sup,100x,9,2026-06-11T14:02:05.818988+00:00,35.0,10.0,25.0,30.0,filtlong-untrimmed,15,69.14918434947654,True,True,False,1.0,ee7a50a277fef6153a1cc05f9cc2afd227e940efbd36a4c2b0abe9a57580901b,3e7cfddea1d70f28dbf0ec0a605e0a0e4201d8a77c82fc3d93e97e30380c297f,4d6b8cb1d482e5066f9ca575ebd3b67af4a32562
sup,100x,9,2026-06-11T14:02:05.818988+00:00,35.0,10.0,25.0,30.0,filtlong-porechop_abi,16,69.1353341770479,True,True,False,1.0,ee7a50a277fef6153a1cc05f9cc2afd227e940efbd36a4c2b0abe9a57580901b,3e7cfddea1d70f28dbf0ec0a605e0a0e4201d8a77c82fc3d93e97e30380c297f,4d6b8cb1d482e5066f9ca575ebd3b67af4a32562
sup,100x,9,2026-06-11T14:02:05.818988+00:00,35.0,10.0,25.0,30.0,filtlong-barbell,17,68.18744744963976,True,True,False,1.0,ee7a50a277fef6153a1cc05f9cc2afd227e940efbd36a4c2b0abe9a57580901b,3e7cfddea1d70f28dbf0ec0a605e0a0e4201d8a77c82fc3d93e97e30380c297f,4d6b8cb1d482e5066f9ca575ebd3b67af4a32562
sup,100x,10,2026-06-11T15:38:20.193610+00:00,0.0,25.0,25.0,50.0,seqkit-porechop_abi,1,99.99989915095793,True,True,True,1.0,ee7a50a277fef6153a1cc05f9cc2afd227e940efbd36a4c2b0abe9a57580901b,3e7cfddea1d70f28dbf0ec0a605e0a0e4201d8a77c82fc3d93e97e30380c297f,4d6b8cb1d482e5066f9ca575ebd3b67af4a32562
sup,100x,10,2026-06-11T15:38:20.193610+00:00,0.0,25.0,25.0,50.0,fastplong-all,2,99.99989139182817,True,True,False,1.0,ee7a50a277fef6153a1cc05f9cc2afd227e940efbd36a4c2b0abe9a57580901b,3e7cfddea1d70f28dbf0ec0a605e0a0e4201d8a77c82fc3d93e97e30380c297f,4d6b8cb1d482e5066f9ca575ebd3b67af4a32562
sup,100x,10,2026-06-11T15:38:20.193610+00:00,0.0,25.0,25.0,50.0,chopper-porechop_abi,3,99.99988748957611,True,True,False,1.0,ee7a50a277fef6153a1cc05f9cc2afd227e940efbd36a4c2b0abe9a57580901b,3e7cfddea1d70f28dbf0ec0a605e0a0e4201d8a77c82fc3d93e97e30380c297f,4d6b8cb1d482e5066f9ca575ebd3b67af4a32562
sup,100x,10,2026-06-11T15:38:20.193610+00:00,0.0,25.0,25.0,50.0,unprocessed-dorado,4,99.99986791537374,True,True,False,1.0,ee7a50a277fef6153a1cc05f9cc2afd227e940efbd36a4c2b0abe9a57580901b,3e7cfddea1d70f28dbf0ec0a605e0a0e4201d8a77c82fc3d93e97e30380c297f,4d6b8cb1d482e5066f9ca575ebd3b67af4a32562
sup,100x,10,2026-06-11T15:38:20.193610+00:00,0.0,25.0,25.0,50.0,chopper-barbell,5,99.8242703554246,True,True,False,1.0,ee7a50a277fef6153a1cc05f9cc2afd227e940efbd36a4c2b0abe9a57580901b,3e7cfddea1d70f28dbf0ec0a605e0a0e4201d8a77c82fc3d93e97e30380c297f,4d6b8cb1d482e5066f9ca575ebd3b67af4a32562
sup,100x,10,2026-06-11T15:38:20.193610+00:00,0.0,25.0,25.0,50.0,unprocessed-untrimmed,6,96.15373636870103,True,True,False,1.0,ee7a50a277fef6153a1cc05f9cc2afd227e940efbd36a4c2b0abe9a57580901b,3e7cfddea1d70f28dbf0ec0a605e0a0e4201d8a77c82fc3d93e97e30380c297f,4d6b8cb1d482e5066f9ca575ebd3b67af4a32562
sup,100x,10,2026-06-11T15:38:20.193610+00:00,0.0,25.0,25.0,50.0,seqkit-untrimmed,7,96.15357956568006,True,True,False,1.0,ee7a50a277fef6153a1cc05f9cc2afd227e940efbd36a4c2b0abe9a57580901b,3e7cfddea1d70f28dbf0ec0a605e0a0e4201d8a77c82fc3d93e97e30380c297f,4d6b8cb1d482e5066f9ca575ebd3b67af4a32562
sup,100x,10,2026-06-11T15:38:20.193610+00:00,0.0,25.0,25.0,50.0,chopper-dorado,8,83.33323283655,True,True,False,1.0,ee7a50a277fef6153a1cc05f9cc2afd227e940efbd36a4c2b0abe9a57580901b,3e7cfddea1d70f28dbf0ec0a605e0a0e4201d8a77c82fc3d93e97e30380c297f,4d6b8cb1d482e5066f9ca575ebd3b67af4a32562
sup,100x,10,2026-06-11T15:38:20.193610+00:00,0.0,25.0,25.0,50.0,unprocessed-barbell,9,83.33317266155855,True,True,False,1.0,ee7a50a277fef6153a1cc05f9cc2afd227e940efbd36a4c2b0abe9a57580901b,3e7cfddea1d70f28dbf0ec0a605e0a0e4201d8a77c82fc3d93e97e30380c297f,4d6b8cb1d482e5066f9ca575ebd3b67af4a32562
sup,100x,10,2026-06-11T15:38:20.193610+00:00,0.0,25.0,25.0,50.0,unprocessed-porechop_abi,10,83.3330998186633,True,True,False,1.0,ee7a50a277fef6153a1cc05f9cc2afd227e940efbd36a4c2b0abe9a57580901b,3e7cfddea1d70f28dbf0ec0a605e0a0e4201d8a77c82fc3d93e97e30380c297f,4d6b8cb1d482e5066f9ca575ebd3b67af4a32562
sup,100x,10,2026-06-11T15:38:20.193610+00:00,0.0,25.0,25.0,50.0,seqkit-barbell,11,82.31424469208655,True,False,False,1.0,ee7a50a277fef6153a1cc05f9cc2afd227e940efbd36a4c2b0abe9a57580901b,3e7cfddea1d70f28dbf0ec0a605e0a0e4201d8a77c82fc3d93e97e30380c297f,4d6b8cb1d482e5066f9ca575ebd3b67af4a32562
sup,100x,10,2026-06-11T15:38:20.193610+00:00,0.0,25.0,25.0,50.0,chopper-untrimmed,12,79.48691737313493,True,False,False,1.0,ee7a50a277fef6153a1cc05f9cc2afd227e940efbd36a4c2b0abe9a57580901b,3e7cfddea1d70f28dbf0ec0a605e0a0e4201d8a77c82fc3d93e97e30380c297f,4d6b8cb1d482e5066f9ca575ebd3b67af4a32562
sup,100x,10,2026-06-11T15:38:20.193610+00:00,0.0,25.0,25.0,50.0,seqkit-dorado,13,66.66643021135364,True,False,False,1.0,ee7a50a277fef6153a1cc05f9cc2afd227e940efbd36a4c2b0abe9a57580901b,3e7cfddea1d70f28dbf0ec0a605e0a0e4201d8a77c82fc3d93e97e30380c297f,4d6b8cb1d482e5066f9ca575ebd3b67af4a32562
sup,100x,10,2026-06-11T15:38:20.193610+00:00,0.0,25.0,25.0,50.0,filtlong-untrimmed,14,49.99988395061442,True,True,False,1.0,ee7a50a277fef6153a1cc05f9cc2afd227e940efbd36a4c2b0abe9a57580901b,3e7cfddea1d70f28dbf0ec0a605e0a0e4201d8a77c82fc3d93e97e30380c297f,4d6b8cb1d482e5066f9ca575ebd3b67af4a32562
sup,100x,10,2026-06-11T15:38:20.193610+00:00,0.0,25.0,25.0,50.0,filtlong-porechop_abi,15,49.99891236569669,True,True,False,1.0,ee7a50a277fef6153a1cc05f9cc2afd227e940efbd36a4c2b0abe9a57580901b,3e7cfddea1d70f28dbf0ec0a605e0a0e4201d8a77c82fc3d93e97e30380c297f,4d6b8cb1d482e5066f9ca575ebd3b67af4a32562
sup,100x,10,2026-06-11T15:38:20.193610+00:00,0.0,25.0,25.0,50.0,filtlong-barbell,16,49.99842631640709,True,True,False,1.0,ee7a50a277fef6153a1cc05f9cc2afd227e940efbd36a4c2b0abe9a57580901b,3e7cfddea1d70f28dbf0ec0a605e0a0e4201d8a77c82fc3d93e97e30380c297f,4d6b8cb1d482e5066f9ca575ebd3b67af4a32562
sup,100x,10,2026-06-11T15:38:20.193610+00:00,0.0,25.0,25.0,50.0,filtlong-dorado,17,49.96762598095263,True,True,False,1.0,ee7a50a277fef6153a1cc05f9cc2afd227e940efbd36a4c2b0abe9a57580901b,3e7cfddea1d70f28dbf0ec0a605e0a0e4201d8a77c82fc3d93e97e30380c297f,4d6b8cb1d482e5066f9ca575ebd3b67af4a32562
sup,100x,11,2026-06-11T17:50:23.421189+00:00,30.0,25.0,20.0,25.0,chopper-porechop_abi,1,99.24988748957611,True,True,True,1.0,ee7a50a277fef6153a1cc05f9cc2afd227e940efbd36a4c2b0abe9a57580901b,3e7cfddea1d70f28dbf0ec0a605e0a0e4201d8a77c82fc3d93e97e30380c297f,4d6b8cb1d482e5066f9ca575ebd3b67af4a32562
sup,100x,11,2026-06-11T17:50:23.421189+00:00,30.0,25.0,20.0,25.0,fastplong-all,2,99.13912216105895,True,True,False,1.0,ee7a50a277fef6153a1cc05f9cc2afd227e940efbd36a4c2b0abe9a57580901b,3e7cfddea1d70f28dbf0ec0a605e0a0e4201d8a77c82fc3d93e97e30380c297f,4d6b8cb1d482e5066f9ca575ebd3b67af4a32562
sup,100x,11,2026-06-11T17:50:23.421189+00:00,30.0,25.0,20.0,25.0,unprocessed-dorado,3,99.03294483845066,True,True,False,1.0,ee7a50a277fef6153a1cc05f9cc2afd227e940efbd36a4c2b0abe9a57580901b,3e7cfddea1d70f28dbf0ec0a605e0a0e4201d8a77c82fc3d93e97e30380c297f,4d6b8cb1d482e5066f9ca575ebd3b67af4a32562
sup,100x,11,2026-06-11T17:50:23.421189+00:00,30.0,25.0,20.0,25.0,seqkit-porechop_abi,4,99.00528376634254,True,True,False,1.0,ee7a50a277fef6153a1cc05f9cc2afd227e940efbd36a4c2b0abe9a57580901b,3e7cfddea1d70f28dbf0ec0a605e0a0e4201d8a77c82fc3d93e97e30380c297f,4d6b8cb1d482e5066f9ca575ebd3b67af4a32562
sup,100x,11,2026-06-11T17:50:23.421189+00:00,30.0,25.0,20.0,25.0,chopper-barbell,5,98.60811650927073,True,True,False,1.0,ee7a50a277fef6153a1cc05f9cc2afd227e940efbd36a4c2b0abe9a57580901b,3e7cfddea1d70f28dbf0ec0a605e0a0e4201d8a77c82fc3d93e97e30380c297f,4d6b8cb1d482e5066f9ca575ebd3b67af4a32562
sup,100x,11,2026-06-11T17:50:23.421189+00:00,30.0,25.0,20.0,25.0,seqkit-untrimmed,6,96.05742571952622,True,True,False,1.0,ee7a50a277fef6153a1cc05f9cc2afd227e940efbd36a4c2b0abe9a57580901b,3e7cfddea1d70f28dbf0ec0a605e0a0e4201d8a77c82fc3d93e97e30380c297f,4d6b8cb1d482e5066f9ca575ebd3b67af4a32562
sup,100x,11,2026-06-11T17:50:23.421189+00:00,30.0,25.0,20.0,25.0,unprocessed-untrimmed,7,95.92373636870103,True,True,False,1.0,ee7a50a277fef6153a1cc05f9cc2afd227e940efbd36a4c2b0abe9a57580901b,3e7cfddea1d70f28dbf0ec0a605e0a0e4201d8a77c82fc3d93e97e30380c297f,4d6b8cb1d482e5066f9ca575ebd3b67af4a32562
sup,100x,11,2026-06-11T17:50:23.421189+00:00,30.0,25.0,20.0,25.0,chopper-dorado,8,90.68118155449872,True,True,False,1.0,ee7a50a277fef6153a1cc05f9cc2afd227e940efbd36a4c2b0abe9a57580901b,3e7cfddea1d70f28dbf0ec0a605e0a0e4201d8a77c82fc3d93e97e30380c297f,4d6b8cb1d482e5066f9ca575ebd3b67af4a32562
sup,100x,11,2026-06-11T17:50:23.421189+00:00,30.0,25.0,20.0,25.0,unprocessed-barbell,9,90.63035214873804,True,True,False,1.0,ee7a50a277fef6153a1cc05f9cc2afd227e940efbd36a4c2b0abe9a57580901b,3e7cfddea1d70f28dbf0ec0a605e0a0e4201d8a77c82fc3d93e97e30380c297f,4d6b8cb1d482e5066f9ca575ebd3b67af4a32562
sup,100x,11,2026-06-11T17:50:23.421189+00:00,30.0,25.0,20.0,25.0,unprocessed-porechop_abi,10,90.57258699815047,True,True,False,1.0,ee7a50a277fef6153a1cc05f9cc2afd227e940efbd36a4c2b0abe9a57580901b,3e7cfddea1d70f28dbf0ec0a605e0a0e4201d8a77c82fc3d93e97e30380c297f,4d6b8cb1d482e5066f9ca575ebd3b67af4a32562
sup,100x,11,2026-06-11T17:50:23.421189+00:00,30.0,25.0,20.0,25.0,seqkit-barbell,11,88.68142417926602,True,False,False,1.0,ee7a50a277fef6153a1cc05f9cc2afd227e940efbd36a4c2b0abe9a57580901b,3e7cfddea1d70f28dbf0ec0a605e0a0e4201d8a77c82fc3d93e97e30380c297f,4d6b8cb1d482e5066f9ca575ebd3b67af4a32562
sup,100x,11,2026-06-11T17:50:23.421189+00:00,30.0,25.0,20.0,25.0,chopper-untrimmed,12,87.4287122449298,True,False,False,1.0,ee7a50a277fef6153a1cc05f9cc2afd227e940efbd36a4c2b0abe9a57580901b,3e7cfddea1d70f28dbf0ec0a605e0a0e4201d8a77c82fc3d93e97e30380c297f,4d6b8cb1d482e5066f9ca575ebd3b67af4a32562
sup,100x,11,2026-06-11T17:50:23.421189+00:00,30.0,25.0,20.0,25.0,seqkit-dorado,13,82.46309687802031,True,False,False,1.0,ee7a50a277fef6153a1cc05f9cc2afd227e940efbd36a4c2b0abe9a57580901b,3e7cfddea1d70f28dbf0ec0a605e0a0e4201d8a77c82fc3d93e97e30380c297f,4d6b8cb1d482e5066f9ca575ebd3b67af4a32562
sup,100x,11,2026-06-11T17:50:23.421189+00:00,30.0,25.0,20.0,25.0,filtlong-dorado,14,74.30070290402956,True,True,False,1.0,ee7a50a277fef6153a1cc05f9cc2afd227e940efbd36a4c2b0abe9a57580901b,3e7cfddea1d70f28dbf0ec0a605e0a0e4201d8a77c82fc3d93e97e30380c297f,4d6b8cb1d482e5066f9ca575ebd3b67af4a32562
sup,100x,11,2026-06-11T17:50:23.421189+00:00,30.0,25.0,20.0,25.0,filtlong-untrimmed,15,74.27065318138366,True,True,False,1.0,ee7a50a277fef6153a1cc05f9cc2afd227e940efbd36a4c2b0abe9a57580901b,3e7cfddea1d70f28dbf0ec0a605e0a0e4201d8a77c82fc3d93e97e30380c297f,4d6b8cb1d482e5066f9ca575ebd3b67af4a32562
sup,100x,11,2026-06-11T17:50:23.421189+00:00,30.0,25.0,20.0,25.0,filtlong-porechop_abi,16,74.25814313492745,True,True,False,1.0,ee7a50a277fef6153a1cc05f9cc2afd227e940efbd36a4c2b0abe9a57580901b,3e7cfddea1d70f28dbf0ec0a605e0a0e4201d8a77c82fc3d93e97e30380c297f,4d6b8cb1d482e5066f9ca575ebd3b67af4a32562
sup,100x,11,2026-06-11T17:50:23.421189+00:00,30.0,25.0,20.0,25.0,filtlong-barbell,17,73.44534939333018,True,True,False,1.0,ee7a50a277fef6153a1cc05f9cc2afd227e940efbd36a4c2b0abe9a57580901b,3e7cfddea1d70f28dbf0ec0a605e0a0e4201d8a77c82fc3d93e97e30380c297f,4d6b8cb1d482e5066f9ca575ebd3b67af4a32562
sup,100x,12,2026-06-11T23:15:28.808503+00:00,40.0,10.0,10.0,40.0,chopper-porechop_abi,1,98.99995499583045,True,True,True,1.0,ee7a50a277fef6153a1cc05f9cc2afd227e940efbd36a4c2b0abe9a57580901b,3e7cfddea1d70f28dbf0ec0a605e0a0e4201d8a77c82fc3d93e97e30380c297f,4d6b8cb1d482e5066f9ca575ebd3b67af4a32562
sup,100x,12,2026-06-11T23:15:28.808503+00:00,40.0,10.0,10.0,40.0,fastplong-all,2,98.85226424903897,True,True,False,1.0,ee7a50a277fef6153a1cc05f9cc2afd227e940efbd36a4c2b0abe9a57580901b,3e7cfddea1d70f28dbf0ec0a605e0a0e4201d8a77c82fc3d93e97e30380c297f,4d6b8cb1d482e5066f9ca575ebd3b67af4a32562
sup,100x,12,2026-06-11T23:15:28.808503+00:00,40.0,10.0,10.0,40.0,unprocessed-dorado,3,98.71071639691873,True,True,False,1.0,ee7a50a277fef6153a1cc05f9cc2afd227e940efbd36a4c2b0abe9a57580901b,3e7cfddea1d70f28dbf0ec0a605e0a0e4201d8a77c82fc3d93e97e30380c297f,4d6b8cb1d482e5066f9ca575ebd3b67af4a32562
sup,100x,12,2026-06-11T23:15:28.808503+00:00,40.0,10.0,10.0,40.0,seqkit-porechop_abi,4,98.67380581422931,True,True,False,1.0,ee7a50a277fef6153a1cc05f9cc2afd227e940efbd36a4c2b0abe9a57580901b,3e7cfddea1d70f28dbf0ec0a605e0a0e4201d8a77c82fc3d93e97e30380c297f,4d6b8cb1d482e5066f9ca575ebd3b67af4a32562
sup,100x,12,2026-06-11T23:15:28.808503+00:00,40.0,10.0,10.0,40.0,chopper-barbell,5,98.30816968063137,True,True,False,1.0,ee7a50a277fef6153a1cc05f9cc2afd227e940efbd36a4c2b0abe9a57580901b,3e7cfddea1d70f28dbf0ec0a605e0a0e4201d8a77c82fc3d93e97e30380c297f,4d6b8cb1d482e5066f9ca575ebd3b67af4a32562
sup,100x,12,2026-06-11T23:15:28.808503+00:00,40.0,10.0,10.0,40.0,seqkit-untrimmed,6,97.30758567242587,True,True,False,1.0,ee7a50a277fef6153a1cc05f9cc2afd227e940efbd36a4c2b0abe9a57580901b,3e7cfddea1d70f28dbf0ec0a605e0a0e4201d8a77c82fc3d93e97e30380c297f,4d6b8cb1d482e5066f9ca575ebd3b67af4a32562
sup,100x,12,2026-06-11T23:15:28.808503+00:00,40.0,10.0,10.0,40.0,unprocessed-untrimmed,7,97.12918685517273,True,True,False,1.0,ee7a50a277fef6153a1cc05f9cc2afd227e940efbd36a4c2b0abe9a57580901b,3e7cfddea1d70f28dbf0ec0a605e0a0e4201d8a77c82fc3d93e97e30380c297f,4d6b8cb1d482e5066f9ca575ebd3b67af4a32562
sup,100x,12,2026-06-11T23:15:28.808503+00:00,40.0,10.0,10.0,40.0,chopper-dorado,8,85.35278031410718,True,True,False,1.0,ee7a50a277fef6153a1cc05f9cc2afd227e940efbd36a4c2b0abe9a57580901b,3e7cfddea1d70f28dbf0ec0a605e0a0e4201d8a77c82fc3d93e97e30380c297f,4d6b8cb1d482e5066f9ca575ebd3b67af4a32562
sup,100x,12,2026-06-11T23:15:28.808503+00:00,40.0,10.0,10.0,40.0,unprocessed-barbell,9,85.2850639364183,True,True,False,1.0,ee7a50a277fef6153a1cc05f9cc2afd227e940efbd36a4c2b0abe9a57580901b,3e7cfddea1d70f28dbf0ec0a605e0a0e4201d8a77c82fc3d93e97e30380c297f,4d6b8cb1d482e5066f9ca575ebd3b67af4a32562
sup,100x,12,2026-06-11T23:15:28.808503+00:00,40.0,10.0,10.0,40.0,unprocessed-porechop_abi,10,85.20811172233712,True,True,False,1.0,ee7a50a277fef6153a1cc05f9cc2afd227e940efbd36a4c2b0abe9a57580901b,3e7cfddea1d70f28dbf0ec0a605e0a0e4201d8a77c82fc3d93e97e30380c297f,4d6b8cb1d482e5066f9ca575ebd3b67af4a32562
sup,100x,12,2026-06-11T23:15:28.808503+00:00,40.0,10.0,10.0,40.0,seqkit-barbell,11,83.63749274862948,True,True,False,1.0,ee7a50a277fef6153a1cc05f9cc2afd227e940efbd36a4c2b0abe9a57580901b,3e7cfddea1d70f28dbf0ec0a605e0a0e4201d8a77c82fc3d93e97e30380c297f,4d6b8cb1d482e5066f9ca575ebd3b67af4a32562
sup,100x,12,2026-06-11T23:15:28.808503+00:00,40.0,10.0,10.0,40.0,chopper-untrimmed,12,83.58040797489498,True,True,False,1.0,ee7a50a277fef6153a1cc05f9cc2afd227e940efbd36a4c2b0abe9a57580901b,3e7cfddea1d70f28dbf0ec0a605e0a0e4201d8a77c82fc3d93e97e30380c297f,4d6b8cb1d482e5066f9ca575ebd3b67af4a32562
sup,100x,12,2026-06-11T23:15:28.808503+00:00,40.0,10.0,10.0,40.0,seqkit-dorado,13,72.17323875120812,True,False,False,1.0,ee7a50a277fef6153a1cc05f9cc2afd227e940efbd36a4c2b0abe9a57580901b,3e7cfddea1d70f28dbf0ec0a605e0a0e4201d8a77c82fc3d93e97e30380c297f,4d6b8cb1d482e5066f9ca575ebd3b67af4a32562
sup,100x,12,2026-06-11T23:15:28.808503+00:00,40.0,10.0,10.0,40.0,filtlong-dorado,14,59.097819623150286,True,True,False,1.0,ee7a50a277fef6153a1cc05f9cc2afd227e940efbd36a4c2b0abe9a57580901b,3e7cfddea1d70f28dbf0ec0a605e0a0e4201d8a77c82fc3d93e97e30380c297f,4d6b8cb1d482e5066f9ca575ebd3b67af4a32562
sup,100x,12,2026-06-11T23:15:28.808503+00:00,40.0,10.0,10.0,40.0,filtlong-untrimmed,15,59.02764588793808,True,True,False,1.0,ee7a50a277fef6153a1cc05f9cc2afd227e940efbd36a4c2b0abe9a57580901b,3e7cfddea1d70f28dbf0ec0a605e0a0e4201d8a77c82fc3d93e97e30380c297f,4d6b8cb1d482e5066f9ca575ebd3b67af4a32562
sup,100x,12,2026-06-11T23:15:28.808503+00:00,40.0,10.0,10.0,40.0,filtlong-porechop_abi,16,59.01187263858637,True,True,False,1.0,ee7a50a277fef6153a1cc05f9cc2afd227e940efbd36a4c2b0abe9a57580901b,3e7cfddea1d70f28dbf0ec0a605e0a0e4201d8a77c82fc3d93e97e30380c297f,4d6b8cb1d482e5066f9ca575ebd3b67af4a32562
sup,100x,12,2026-06-11T23:15:28.808503+00:00,40.0,10.0,10.0,40.0,filtlong-barbell,17,57.92860129579361,True,False,False,1.0,ee7a50a277fef6153a1cc05f9cc2afd227e940efbd36a4c2b0abe9a57580901b,3e7cfddea1d70f28dbf0ec0a605e0a0e4201d8a77c82fc3d93e97e30380c297f,4d6b8cb1d482e5066f9ca575ebd3b67af4a32562
sup,100x,13,2026-06-15T06:05:51.659902+00:00,25.0,25.0,25.0,25.0,chopper-porechop_abi,1,99.37488748957611,True,True,True,1.0,ee7a50a277fef6153a1cc05f9cc2afd227e940efbd36a4c2b0abe9a57580901b,3e7cfddea1d70f28dbf0ec0a605e0a0e4201d8a77c82fc3d93e97e30380c297f,4d6b8cb1d482e5066f9ca575ebd3b67af4a32562
sup,100x,13,2026-06-15T06:05:51.659902+00:00,25.0,25.0,25.0,25.0,fastplong-all,2,99.28258369952047,True,True,False,1.0,ee7a50a277fef6153a1cc05f9cc2afd227e940efbd36a4c2b0abe9a57580901b,3e7cfddea1d70f28dbf0ec0a605e0a0e4201d8a77c82fc3d93e97e30380c297f,4d6b8cb1d482e5066f9ca575ebd3b67af4a32562
sup,100x,13,2026-06-15T06:05:51.659902+00:00,25.0,25.0,25.0,25.0,unprocessed-dorado,3,99.19409868460451,True,True,False,1.0,ee7a50a277fef6153a1cc05f9cc2afd227e940efbd36a4c2b0abe9a57580901b,3e7cfddea1d70f28dbf0ec0a605e0a0e4201d8a77c82fc3d93e97e30380c297f,4d6b8cb1d482e5066f9ca575ebd3b67af4a32562
sup,100x,13,2026-06-15T06:05:51.659902+00:00,25.0,25.0,25.0,25.0,seqkit-porechop_abi,4,99.17105299711176,True,True,False,1.0,ee7a50a277fef6153a1cc05f9cc2afd227e940efbd36a4c2b0abe9a57580901b,3e7cfddea1d70f28dbf0ec0a605e0a0e4201d8a77c82fc3d93e97e30380c297f,4d6b8cb1d482e5066f9ca575ebd3b67af4a32562
sup,100x,13,2026-06-15T06:05:51.659902+00:00,25.0,25.0,25.0,25.0,chopper-barbell,5,98.81080881696303,True,True,False,1.0,ee7a50a277fef6153a1cc05f9cc2afd227e940efbd36a4c2b0abe9a57580901b,3e7cfddea1d70f28dbf0ec0a605e0a0e4201d8a77c82fc3d93e97e30380c297f,4d6b8cb1d482e5066f9ca575ebd3b67af4a32562
sup,100x,13,2026-06-15T06:05:51.659902+00:00,25.0,25.0,25.0,25.0,seqkit-untrimmed,6,95.43242571952622,True,True,False,1.0,ee7a50a277fef6153a1cc05f9cc2afd227e940efbd36a4c2b0abe9a57580901b,3e7cfddea1d70f28dbf0ec0a605e0a0e4201d8a77c82fc3d93e97e30380c297f,4d6b8cb1d482e5066f9ca575ebd3b67af4a32562
sup,100x,13,2026-06-15T06:05:51.659902+00:00,25.0,25.0,25.0,25.0,unprocessed-untrimmed,7,95.32104406100872,True,True,False,1.0,ee7a50a277fef6153a1cc05f9cc2afd227e940efbd36a4c2b0abe9a57580901b,3e7cfddea1d70f28dbf0ec0a605e0a0e4201d8a77c82fc3d93e97e30380c297f,4d6b8cb1d482e5066f9ca575ebd3b67af4a32562
sup,100x,13,2026-06-15T06:05:51.659902+00:00,25.0,25.0,25.0,25.0,chopper-dorado,8,90.84541232372949,True,True,False,1.0,ee7a50a277fef6153a1cc05f9cc2afd227e940efbd36a4c2b0abe9a57580901b,3e7cfddea1d70f28dbf0ec0a605e0a0e4201d8a77c82fc3d93e97e30380c297f,4d6b8cb1d482e5066f9ca575ebd3b67af4a32562
sup,100x,13,2026-06-15T06:05:51.659902+00:00,25.0,25.0,25.0,25.0,unprocessed-barbell,9,90.80304445643034,True,True,False,1.0,ee7a50a277fef6153a1cc05f9cc2afd227e940efbd36a4c2b0abe9a57580901b,3e7cfddea1d70f28dbf0ec0a605e0a0e4201d8a77c82fc3d93e97e30380c297f,4d6b8cb1d482e5066f9ca575ebd3b67af4a32562
sup,100x,13,2026-06-15T06:05:51.659902+00:00,25.0,25.0,25.0,25.0,unprocessed-porechop_abi,10,90.75489469045817,True,True,False,1.0,ee7a50a277fef6153a1cc05f9cc2afd227e940efbd36a4c2b0abe9a57580901b,3e7cfddea1d70f28dbf0ec0a605e0a0e4201d8a77c82fc3d93e97e30380c297f,4d6b8cb1d482e5066f9ca575ebd3b67af4a32562
sup,100x,13,2026-06-15T06:05:51.659902+00:00,25.0,25.0,25.0,25.0,seqkit-barbell,11,89.00911648695833,True,False,False,1.0,ee7a50a277fef6153a1cc05f9cc2afd227e940efbd36a4c2b0abe9a57580901b,3e7cfddea1d70f28dbf0ec0a605e0a0e4201d8a77c82fc3d93e97e30380c297f,4d6b8cb1d482e5066f9ca575ebd3b67af4a32562
sup,100x,13,2026-06-15T06:05:51.659902+00:00,25.0,25.0,25.0,25.0,chopper-untrimmed,12,86.85294301416056,True,False,False,1.0,ee7a50a277fef6153a1cc05f9cc2afd227e940efbd36a4c2b0abe9a57580901b,3e7cfddea1d70f28dbf0ec0a605e0a0e4201d8a77c82fc3d93e97e30380c297f,4d6b8cb1d482e5066f9ca575ebd3b67af4a32562
sup,100x,13,2026-06-15T06:05:51.659902+00:00,25.0,25.0,25.0,25.0,seqkit-dorado,13,82.60809687802032,True,False,False,1.0,ee7a50a277fef6153a1cc05f9cc2afd227e940efbd36a4c2b0abe9a57580901b,3e7cfddea1d70f28dbf0ec0a605e0a0e4201d8a77c82fc3d93e97e30380c297f,4d6b8cb1d482e5066f9ca575ebd3b67af4a32562
sup,100x,13,2026-06-15T06:05:51.659902+00:00,25.0,25.0,25.0,25.0,filtlong-dorado,14,74.4118567501834,True,True,False,1.0,ee7a50a277fef6153a1cc05f9cc2afd227e940efbd36a4c2b0abe9a57580901b,3e7cfddea1d70f28dbf0ec0a605e0a0e4201d8a77c82fc3d93e97e30380c297f,4d6b8cb1d482e5066f9ca575ebd3b67af4a32562
sup,100x,13,2026-06-15T06:05:51.659902+00:00,25.0,25.0,25.0,25.0,filtlong-untrimmed,15,74.39219164292211,True,True,False,1.0,ee7a50a277fef6153a1cc05f9cc2afd227e940efbd36a4c2b0abe9a57580901b,3e7cfddea1d70f28dbf0ec0a605e0a0e4201d8a77c82fc3d93e97e30380c297f,4d6b8cb1d482e5066f9ca575ebd3b67af4a32562
sup,100x,13,2026-06-15T06:05:51.659902+00:00,25.0,25.0,25.0,25.0,filtlong-porechop_abi,16,74.38160467338899,True,True,False,1.0,ee7a50a277fef6153a1cc05f9cc2afd227e940efbd36a4c2b0abe9a57580901b,3e7cfddea1d70f28dbf0ec0a605e0a0e4201d8a77c82fc3d93e97e30380c297f,4d6b8cb1d482e5066f9ca575ebd3b67af4a32562
sup,100x,13,2026-06-15T06:05:51.659902+00:00,25.0,25.0,25.0,25.0,filtlong-barbell,17,73.70419554717633,True,True,False,1.0,ee7a50a277fef6153a1cc05f9cc2afd227e940efbd36a4c2b0abe9a57580901b,3e7cfddea1d70f28dbf0ec0a605e0a0e4201d8a77c82fc3d93e97e30380c297f,4d6b8cb1d482e5066f9ca575ebd3b67af4a32562
sup,100x,14,2026-06-15T08:06:48.027717+00:00,39.0,17.0,13.0,31.0,chopper-porechop_abi,1,99.02492349291175,True,True,True,1.0,ee7a50a277fef6153a1cc05f9cc2afd227e940efbd36a4c2b0abe9a57580901b,3e7cfddea1d70f28dbf0ec0a605e0a0e4201d8a77c82fc3d93e97e30380c297f,4d6b8cb1d482e5066f9ca575ebd3b67af4a32562
sup,100x,14,2026-06-15T08:06:48.027717+00:00,39.0,17.0,13.0,31.0,fastplong-all,2,98.88092614644316,True,True,False,1.0,ee7a50a277fef6153a1cc05f9cc2afd227e940efbd36a4c2b0abe9a57580901b,3e7cfddea1d70f28dbf0ec0a605e0a0e4201d8a77c82fc3d93e97e30380c297f,4d6b8cb1d482e5066f9ca575ebd3b67af4a32562
sup,100x,14,2026-06-15T08:06:48.027717+00:00,39.0,17.0,13.0,31.0,unprocessed-dorado,3,98.74291018245414,True,True,False,1.0,ee7a50a277fef6153a1cc05f9cc2afd227e940efbd36a4c2b0abe9a57580901b,3e7cfddea1d70f28dbf0ec0a605e0a0e4201d8a77c82fc3d93e97e30380c297f,4d6b8cb1d482e5066f9ca575ebd3b67af4a32562
sup,100x,14,2026-06-15T08:06:48.027717+00:00,39.0,17.0,13.0,31.0,seqkit-porechop_abi,4,98.70693142265138,True,True,False,1.0,ee7a50a277fef6153a1cc05f9cc2afd227e940efbd36a4c2b0abe9a57580901b,3e7cfddea1d70f28dbf0ec0a605e0a0e4201d8a77c82fc3d93e97e30380c297f,4d6b8cb1d482e5066f9ca575ebd3b67af4a32562
sup,100x,14,2026-06-15T08:06:48.027717+00:00,39.0,17.0,13.0,31.0,chopper-barbell,5,98.2995038416887,True,True,False,1.0,ee7a50a277fef6153a1cc05f9cc2afd227e940efbd36a4c2b0abe9a57580901b,3e7cfddea1d70f28dbf0ec0a605e0a0e4201d8a77c82fc3d93e97e30380c297f,4d6b8cb1d482e5066f9ca575ebd3b67af4a32562
sup,100x,14,2026-06-15T08:06:48.027717+00:00,39.0,17.0,13.0,31.0,seqkit-untrimmed,6,96.87481872004706,True,True,False,1.0,ee7a50a277fef6153a1cc05f9cc2afd227e940efbd36a4c2b0abe9a57580901b,3e7cfddea1d70f28dbf0ec0a605e0a0e4201d8a77c82fc3d93e97e30380c297f,4d6b8cb1d482e5066f9ca575ebd3b67af4a32562
sup,100x,14,2026-06-15T08:06:48.027717+00:00,39.0,17.0,13.0,31.0,unprocessed-untrimmed,7,96.70092534610131,True,True,False,1.0,ee7a50a277fef6153a1cc05f9cc2afd227e940efbd36a4c2b0abe9a57580901b,3e7cfddea1d70f28dbf0ec0a605e0a0e4201d8a77c82fc3d93e97e30380c297f,4d6b8cb1d482e5066f9ca575ebd3b67af4a32562
sup,100x,14,2026-06-15T08:06:48.027717+00:00,39.0,17.0,13.0,31.0,chopper-dorado,8,88.38559832885402,True,True,False,1.0,ee7a50a277fef6153a1cc05f9cc2afd227e940efbd36a4c2b0abe9a57580901b,3e7cfddea1d70f28dbf0ec0a605e0a0e4201d8a77c82fc3d93e97e30380c297f,4d6b8cb1d482e5066f9ca575ebd3b67af4a32562
sup,100x,14,2026-06-15T08:06:48.027717+00:00,39.0,17.0,13.0,31.0,unprocessed-barbell,9,88.31955740985981,True,True,False,1.0,ee7a50a277fef6153a1cc05f9cc2afd227e940efbd36a4c2b0abe9a57580901b,3e7cfddea1d70f28dbf0ec0a605e0a0e4201d8a77c82fc3d93e97e30380c297f,4d6b8cb1d482e5066f9ca575ebd3b67af4a32562
sup,100x,14,2026-06-15T08:06:48.027717+00:00,39.0,17.0,13.0,31.0,unprocessed-porechop_abi,10,88.24450787669106,True,True,False,1.0,ee7a50a277fef6153a1cc05f9cc2afd227e940efbd36a4c2b0abe9a57580901b,3e7cfddea1d70f28dbf0ec0a605e0a0e4201d8a77c82fc3d93e97e30380c297f,4d6b8cb1d482e5066f9ca575ebd3b67af4a32562
sup,100x,14,2026-06-15T08:06:48.027717+00:00,39.0,17.0,13.0,31.0,seqkit-barbell,11,86.41768639061884,True,True,False,1.0,ee7a50a277fef6153a1cc05f9cc2afd227e940efbd36a4c2b0abe9a57580901b,3e7cfddea1d70f28dbf0ec0a605e0a0e4201d8a77c82fc3d93e97e30380c297f,4d6b8cb1d482e5066f9ca575ebd3b67af4a32562
sup,100x,14,2026-06-15T08:06:48.027717+00:00,39.0,17.0,13.0,31.0,chopper-untrimmed,12,86.15748842911637,True,True,False,1.0,ee7a50a277fef6153a1cc05f9cc2afd227e940efbd36a4c2b0abe9a57580901b,3e7cfddea1d70f28dbf0ec0a605e0a0e4201d8a77c82fc3d93e97e30380c297f,4d6b8cb1d482e5066f9ca575ebd3b67af4a32562
sup,100x,14,2026-06-15T08:06:48.027717+00:00,39.0,17.0,13.0,31.0,seqkit-dorado,13,78.20217254372048,True,False,False,1.0,ee7a50a277fef6153a1cc05f9cc2afd227e940efbd36a4c2b0abe9a57580901b,3e7cfddea1d70f28dbf0ec0a605e0a0e4201d8a77c82fc3d93e97e30380c297f,4d6b8cb1d482e5066f9ca575ebd3b67af4a32562
sup,100x,14,2026-06-15T08:06:48.027717+00:00,39.0,17.0,13.0,31.0,filtlong-dorado,14,68.11098566704779,True,True,False,1.0,ee7a50a277fef6153a1cc05f9cc2afd227e940efbd36a4c2b0abe9a57580901b,3e7cfddea1d70f28dbf0ec0a605e0a0e4201d8a77c82fc3d93e97e30380c297f,4d6b8cb1d482e5066f9ca575ebd3b67af4a32562
sup,100x,14,2026-06-15T08:06:48.027717+00:00,39.0,17.0,13.0,31.0,filtlong-untrimmed,15,68.0519210864178,True,True,False,1.0,ee7a50a277fef6153a1cc05f9cc2afd227e940efbd36a4c2b0abe9a57580901b,3e7cfddea1d70f28dbf0ec0a605e0a0e4201d8a77c82fc3d93e97e30380c297f,4d6b8cb1d482e5066f9ca575ebd3b67af4a32562
sup,100x,14,2026-06-15T08:06:48.027717+00:00,39.0,17.0,13.0,31.0,filtlong-porechop_abi,16,68.03626040867374,True,True,False,1.0,ee7a50a277fef6153a1cc05f9cc2afd227e940efbd36a4c2b0abe9a57580901b,3e7cfddea1d70f28dbf0ec0a605e0a0e4201d8a77c82fc3d93e97e30380c297f,4d6b8cb1d482e5066f9ca575ebd3b67af4a32562
sup,100x,14,2026-06-15T08:06:48.027717+00:00,39.0,17.0,13.0,31.0,filtlong-barbell,17,66.97992989515683,True,False,False,1.0,ee7a50a277fef6153a1cc05f9cc2afd227e940efbd36a4c2b0abe9a57580901b,3e7cfddea1d70f28dbf0ec0a605e0a0e4201d8a77c82fc3d93e97e30380c297f,4d6b8cb1d482e5066f9ca575ebd3b67af4a32562
sup,100x,15,2026-06-15T11:37:41.040801+00:00,50.0,10.0,20.0,20.0,chopper-porechop_abi,1,98.74995499583045,True,True,True,1.0,ee7a50a277fef6153a1cc05f9cc2afd227e940efbd36a4c2b0abe9a57580901b,3e7cfddea1d70f28dbf0ec0a605e0a0e4201d8a77c82fc3d93e97e30380c297f,4d6b8cb1d482e5066f9ca575ebd3b67af4a32562
sup,100x,15,2026-06-15T11:37:41.040801+00:00,50.0,10.0,20.0,20.0,fastplong-all,2,98.56534117211588,True,True,False,1.0,ee7a50a277fef6153a1cc05f9cc2afd227e940efbd36a4c2b0abe9a57580901b,3e7cfddea1d70f28dbf0ec0a605e0a0e4201d8a77c82fc3d93e97e30380c297f,4d6b8cb1d482e5066f9ca575ebd3b67af4a32562
sup,100x,15,2026-06-15T11:37:41.040801+00:00,50.0,10.0,20.0,20.0,unprocessed-dorado,3,98.38840870461102,True,True,False,1.0,ee7a50a277fef6153a1cc05f9cc2afd227e940efbd36a4c2b0abe9a57580901b,3e7cfddea1d70f28dbf0ec0a605e0a0e4201d8a77c82fc3d93e97e30380c297f,4d6b8cb1d482e5066f9ca575ebd3b67af4a32562
sup,100x,15,2026-06-15T11:37:41.040801+00:00,50.0,10.0,20.0,20.0,seqkit-porechop_abi,4,98.34226735269087,True,True,False,1.0,ee7a50a277fef6153a1cc05f9cc2afd227e940efbd36a4c2b0abe9a57580901b,3e7cfddea1d70f28dbf0ec0a605e0a0e4201d8a77c82fc3d93e97e30380c297f,4d6b8cb1d482e5066f9ca575ebd3b67af4a32562
sup,100x,15,2026-06-15T11:37:41.040801+00:00,50.0,10.0,20.0,20.0,chopper-barbell,5,97.90278506524675,True,True,False,1.0,ee7a50a277fef6153a1cc05f9cc2afd227e940efbd36a4c2b0abe9a57580901b,3e7cfddea1d70f28dbf0ec0a605e0a0e4201d8a77c82fc3d93e97e30380c297f,4d6b8cb1d482e5066f9ca575ebd3b67af4a32562
sup,100x,15,2026-06-15T11:37:41.040801+00:00,50.0,10.0,20.0,20.0,seqkit-untrimmed,6,95.48066259550279,True,True,False,1.0,ee7a50a277fef6153a1cc05f9cc2afd227e940efbd36a4c2b0abe9a57580901b,3e7cfddea1d70f28dbf0ec0a605e0a0e4201d8a77c82fc3d93e97e30380c297f,4d6b8cb1d482e5066f9ca575ebd3b67af4a32562
sup,100x,15,2026-06-15T11:37:41.040801+00:00,50.0,10.0,20.0,20.0,unprocessed-untrimmed,7,95.25764839363427,True,True,False,1.0,ee7a50a277fef6153a1cc05f9cc2afd227e940efbd36a4c2b0abe9a57580901b,3e7cfddea1d70f28dbf0ec0a605e0a0e4201d8a77c82fc3d93e97e30380c297f,4d6b8cb1d482e5066f9ca575ebd3b67af4a32562
sup,100x,15,2026-06-15T11:37:41.040801+00:00,50.0,10.0,20.0,20.0,chopper-dorado,8,91.69098544231232,True,True,False,1.0,ee7a50a277fef6153a1cc05f9cc2afd227e940efbd36a4c2b0abe9a57580901b,3e7cfddea1d70f28dbf0ec0a605e0a0e4201d8a77c82fc3d93e97e30380c297f,4d6b8cb1d482e5066f9ca575ebd3b67af4a32562
sup,100x,15,2026-06-15T11:37:41.040801+00:00,50.0,10.0,20.0,20.0,unprocessed-barbell,9,91.60634598770035,True,True,False,1.0,ee7a50a277fef6153a1cc05f9cc2afd227e940efbd36a4c2b0abe9a57580901b,3e7cfddea1d70f28dbf0ec0a605e0a0e4201d8a77c82fc3d93e97e30380c297f,4d6b8cb1d482e5066f9ca575ebd3b67af4a32562
sup,100x,15,2026-06-15T11:37:41.040801+00:00,50.0,10.0,20.0,20.0,unprocessed-porechop_abi,10,91.51016300438842,True,True,False,1.0,ee7a50a277fef6153a1cc05f9cc2afd227e940efbd36a4c2b0abe9a57580901b,3e7cfddea1d70f28dbf0ec0a605e0a0e4201d8a77c82fc3d93e97e30380c297f,4d6b8cb1d482e5066f9ca575ebd3b67af4a32562
sup,100x,15,2026-06-15T11:37:41.040801+00:00,50.0,10.0,20.0,20.0,seqkit-barbell,11,89.64877479991154,True,False,False,1.0,ee7a50a277fef6153a1cc05f9cc2afd227e940efbd36a4c2b0abe9a57580901b,3e7cfddea1d70f28dbf0ec0a605e0a0e4201d8a77c82fc3d93e97e30380c297f,4d6b8cb1d482e5066f9ca575ebd3b67af4a32562
sup,100x,15,2026-06-15T11:37:41.040801+00:00,50.0,10.0,20.0,20.0,chopper-untrimmed,12,88.32169002617704,True,False,False,1.0,ee7a50a277fef6153a1cc05f9cc2afd227e940efbd36a4c2b0abe9a57580901b,3e7cfddea1d70f28dbf0ec0a605e0a0e4201d8a77c82fc3d93e97e30380c297f,4d6b8cb1d482e5066f9ca575ebd3b67af4a32562
sup,100x,15,2026-06-15T11:37:41.040801+00:00,50.0,10.0,20.0,20.0,seqkit-dorado,13,85.21657208454145,True,False,False,1.0,ee7a50a277fef6153a1cc05f9cc2afd227e940efbd36a4c2b0abe9a57580901b,3e7cfddea1d70f28dbf0ec0a605e0a0e4201d8a77c82fc3d93e97e30380c297f,4d6b8cb1d482e5066f9ca575ebd3b67af4a32562
sup,100x,15,2026-06-15T11:37:41.040801+00:00,50.0,10.0,20.0,20.0,filtlong-dorado,14,78.87551193084259,True,True,False,1.0,ee7a50a277fef6153a1cc05f9cc2afd227e940efbd36a4c2b0abe9a57580901b,3e7cfddea1d70f28dbf0ec0a605e0a0e4201d8a77c82fc3d93e97e30380c297f,4d6b8cb1d482e5066f9ca575ebd3b67af4a32562
sup,100x,15,2026-06-15T11:37:41.040801+00:00,50.0,10.0,20.0,20.0,filtlong-untrimmed,15,78.78456896486115,True,True,False,1.0,ee7a50a277fef6153a1cc05f9cc2afd227e940efbd36a4c2b0abe9a57580901b,3e7cfddea1d70f28dbf0ec0a605e0a0e4201d8a77c82fc3d93e97e30380c297f,4d6b8cb1d482e5066f9ca575ebd3b67af4a32562
sup,100x,15,2026-06-15T11:37:41.040801+00:00,50.0,10.0,20.0,20.0,filtlong-porechop_abi,16,78.76494956166329,True,True,False,1.0,ee7a50a277fef6153a1cc05f9cc2afd227e940efbd36a4c2b0abe9a57580901b,3e7cfddea1d70f28dbf0ec0a605e0a0e4201d8a77c82fc3d93e97e30380c297f,4d6b8cb1d482e5066f9ca575ebd3b67af4a32562
sup,100x,15,2026-06-15T11:37:41.040801+00:00,50.0,10.0,20.0,20.0,filtlong-barbell,17,77.41090898810131,True,False,False,1.0,ee7a50a277fef6153a1cc05f9cc2afd227e940efbd36a4c2b0abe9a57580901b,3e7cfddea1d70f28dbf0ec0a605e0a0e4201d8a77c82fc3d93e97e30380c297f,4d6b8cb1d482e5066f9ca575ebd3b67af4a32562
sup,100x,16,2026-06-15T12:29:17.686442+00:00,10.0,15.0,25.0,50.0,chopper-porechop_abi,1,99.74993249374566,True,True,True,1.0,ee7a50a277fef6153a1cc05f9cc2afd227e940efbd36a4c2b0abe9a57580901b,3e7cfddea1d70f28dbf0ec0a605e0a0e4201d8a77c82fc3d93e97e30380c297f,4d6b8cb1d482e5066f9ca575ebd3b67af4a32562
sup,100x,16,2026-06-15T12:29:17.686442+00:00,10.0,15.0,25.0,50.0,fastplong-all,2,99.71301175817382,True,True,False,1.0,ee7a50a277fef6153a1cc05f9cc2afd227e940efbd36a4c2b0abe9a57580901b,3e7cfddea1d70f28dbf0ec0a605e0a0e4201d8a77c82fc3d93e97e30380c297f,4d6b8cb1d482e5066f9ca575ebd3b67af4a32562
sup,100x,16,2026-06-15T12:29:17.686442+00:00,10.0,15.0,25.0,50.0,unprocessed-dorado,3,99.67761305691656,True,True,False,1.0,ee7a50a277fef6153a1cc05f9cc2afd227e940efbd36a4c2b0abe9a57580901b,3e7cfddea1d70f28dbf0ec0a605e0a0e4201d8a77c82fc3d93e97e30380c297f,4d6b8cb1d482e5066f9ca575ebd3b67af4a32562
sup,100x,16,2026-06-15T12:29:17.686442+00:00,10.0,15.0,25.0,50.0,seqkit-porechop_abi,4,99.66840102903629,True,True,False,1.0,ee7a50a277fef6153a1cc05f9cc2afd227e940efbd36a4c2b0abe9a57580901b,3e7cfddea1d70f28dbf0ec0a605e0a0e4201d8a77c82fc3d93e97e30380c297f,4d6b8cb1d482e5066f9ca575ebd3b67af4a32562
sup,100x,16,2026-06-15T12:29:17.686442+00:00,10.0,15.0,25.0,50.0,chopper-barbell,5,99.48917759787012,True,True,False,1.0,ee7a50a277fef6153a1cc05f9cc2afd227e940efbd36a4c2b0abe9a57580901b,3e7cfddea1d70f28dbf0ec0a605e0a0e4201d8a77c82fc3d93e97e30380c297f,4d6b8cb1d482e5066f9ca575ebd3b67af4a32562
sup,100x,16,2026-06-15T12:29:17.686442+00:00,10.0,15.0,25.0,50.0,seqkit-untrimmed,6,95.86522466248496,True,True,False,1.0,ee7a50a277fef6153a1cc05f9cc2afd227e940efbd36a4c2b0abe9a57580901b,3e7cfddea1d70f28dbf0ec0a605e0a0e4201d8a77c82fc3d93e97e30380c297f,4d6b8cb1d482e5066f9ca575ebd3b67af4a32562
sup,100x,16,2026-06-15T12:29:17.686442+00:00,10.0,15.0,25.0,50.0,unprocessed-untrimmed,7,95.82070335968216,True,True,False,1.0,ee7a50a277fef6153a1cc05f9cc2afd227e940efbd36a4c2b0abe9a57580901b,3e7cfddea1d70f28dbf0ec0a605e0a0e4201d8a77c82fc3d93e97e30380c297f,4d6b8cb1d482e5066f9ca575ebd3b67af4a32562
sup,100x,16,2026-06-15T12:29:17.686442+00:00,10.0,15.0,25.0,50.0,chopper-dorado,8,83.00481149680179,True,True,False,1.0,ee7a50a277fef6153a1cc05f9cc2afd227e940efbd36a4c2b0abe9a57580901b,3e7cfddea1d70f28dbf0ec0a605e0a0e4201d8a77c82fc3d93e97e30380c297f,4d6b8cb1d482e5066f9ca575ebd3b67af4a32562
sup,100x,16,2026-06-15T12:29:17.686442+00:00,10.0,15.0,25.0,50.0,unprocessed-barbell,9,82.98785231488385,True,True,False,1.0,ee7a50a277fef6153a1cc05f9cc2afd227e940efbd36a4c2b0abe9a57580901b,3e7cfddea1d70f28dbf0ec0a605e0a0e4201d8a77c82fc3d93e97e30380c297f,4d6b8cb1d482e5066f9ca575ebd3b67af4a32562
sup,100x,16,2026-06-15T12:29:17.686442+00:00,10.0,15.0,25.0,50.0,unprocessed-porechop_abi,10,82.96857783991592,True,True,False,1.0,ee7a50a277fef6153a1cc05f9cc2afd227e940efbd36a4c2b0abe9a57580901b,3e7cfddea1d70f28dbf0ec0a605e0a0e4201d8a77c82fc3d93e97e30380c297f,4d6b8cb1d482e5066f9ca575ebd3b67af4a32562
sup,100x,16,2026-06-15T12:29:17.686442+00:00,10.0,15.0,25.0,50.0,seqkit-barbell,11,82.06649553320065,True,True,False,1.0,ee7a50a277fef6153a1cc05f9cc2afd227e940efbd36a4c2b0abe9a57580901b,3e7cfddea1d70f28dbf0ec0a605e0a0e4201d8a77c82fc3d93e97e30380c297f,4d6b8cb1d482e5066f9ca575ebd3b67af4a32562
sup,100x,16,2026-06-15T12:29:17.686442+00:00,10.0,15.0,25.0,50.0,chopper-untrimmed,12,79.10009914182967,True,False,False,1.0,ee7a50a277fef6153a1cc05f9cc2afd227e940efbd36a4c2b0abe9a57580901b,3e7cfddea1d70f28dbf0ec0a605e0a0e4201d8a77c82fc3d93e97e30380c297f,4d6b8cb1d482e5066f9ca575ebd3b67af4a32562
sup,100x,16,2026-06-15T12:29:17.686442+00:00,10.0,15.0,25.0,50.0,seqkit-dorado,13,66.37652479347885,True,False,False,1.0,ee7a50a277fef6153a1cc05f9cc2afd227e940efbd36a4c2b0abe9a57580901b,3e7cfddea1d70f28dbf0ec0a605e0a0e4201d8a77c82fc3d93e97e30380c297f,4d6b8cb1d482e5066f9ca575ebd3b67af4a32562
sup,100x,16,2026-06-15T12:29:17.686442+00:00,10.0,15.0,25.0,50.0,filtlong-dorado,14,49.75826789626389,True,True,False,1.0,ee7a50a277fef6153a1cc05f9cc2afd227e940efbd36a4c2b0abe9a57580901b,3e7cfddea1d70f28dbf0ec0a605e0a0e4201d8a77c82fc3d93e97e30380c297f,4d6b8cb1d482e5066f9ca575ebd3b67af4a32562
sup,100x,16,2026-06-15T12:29:17.686442+00:00,10.0,15.0,25.0,50.0,filtlong-untrimmed,15,49.756853447291725,True,True,False,1.0,ee7a50a277fef6153a1cc05f9cc2afd227e940efbd36a4c2b0abe9a57580901b,3e7cfddea1d70f28dbf0ec0a605e0a0e4201d8a77c82fc3d93e97e30380c297f,4d6b8cb1d482e5066f9ca575ebd3b67af4a32562
sup,100x,16,2026-06-15T12:29:17.686442+00:00,10.0,15.0,25.0,50.0,filtlong-porechop_abi,16,49.75242434249493,True,True,False,1.0,ee7a50a277fef6153a1cc05f9cc2afd227e940efbd36a4c2b0abe9a57580901b,3e7cfddea1d70f28dbf0ec0a605e0a0e4201d8a77c82fc3d93e97e30380c297f,4d6b8cb1d482e5066f9ca575ebd3b67af4a32562
sup,100x,16,2026-06-15T12:29:17.686442+00:00,10.0,15.0,25.0,50.0,filtlong-barbell,17,49.481363482151956,True,True,False,1.0,ee7a50a277fef6153a1cc05f9cc2afd227e940efbd36a4c2b0abe9a57580901b,3e7cfddea1d70f28dbf0ec0a605e0a0e4201d8a77c82fc3d93e97e30380c297f,4d6b8cb1d482e5066f9ca575ebd3b67af4a32562
sup,100x,17,2026-06-15T15:06:09.868350+00:00,25.0,25.0,10.0,40.0,chopper-porechop_abi,1,99.37488748957611,True,True,True,1.0,ee7a50a277fef6153a1cc05f9cc2afd227e940efbd36a4c2b0abe9a57580901b,3e7cfddea1d70f28dbf0ec0a605e0a0e4201d8a77c82fc3d93e97e30380c297f,4d6b8cb1d482e5066f9ca575ebd3b67af4a32562
sup,100x,17,2026-06-15T15:06:09.868350+00:00,25.0,25.0,10.0,40.0,fastplong-all,2,99.28258369952047,True,True,False,1.0,ee7a50a277fef6153a1cc05f9cc2afd227e940efbd36a4c2b0abe9a57580901b,3e7cfddea1d70f28dbf0ec0a605e0a0e4201d8a77c82fc3d93e97e30380c297f,4d6b8cb1d482e5066f9ca575ebd3b67af4a32562
sup,100x,17,2026-06-15T15:06:09.868350+00:00,25.0,25.0,10.0,40.0,unprocessed-dorado,3,99.19409868460451,True,True,False,1.0,ee7a50a277fef6153a1cc05f9cc2afd227e940efbd36a4c2b0abe9a57580901b,3e7cfddea1d70f28dbf0ec0a605e0a0e4201d8a77c82fc3d93e97e30380c297f,4d6b8cb1d482e5066f9ca575ebd3b67af4a32562
sup,100x,17,2026-06-15T15:06:09.868350+00:00,25.0,25.0,10.0,40.0,seqkit-porechop_abi,4,99.17105299711176,True,True,False,1.0,ee7a50a277fef6153a1cc05f9cc2afd227e940efbd36a4c2b0abe9a57580901b,3e7cfddea1d70f28dbf0ec0a605e0a0e4201d8a77c82fc3d93e97e30380c297f,4d6b8cb1d482e5066f9ca575ebd3b67af4a32562
sup,100x,17,2026-06-15T15:06:09.868350+00:00,25.0,25.0,10.0,40.0,chopper-barbell,5,98.81080881696303,True,True,False,1.0,ee7a50a277fef6153a1cc05f9cc2afd227e940efbd36a4c2b0abe9a57580901b,3e7cfddea1d70f28dbf0ec0a605e0a0e4201d8a77c82fc3d93e97e30380c297f,4d6b8cb1d482e5066f9ca575ebd3b67af4a32562
sup,100x,17,2026-06-15T15:06:09.868350+00:00,25.0,25.0,10.0,40.0,seqkit-untrimmed,6,97.74011802721853,True,True,False,1.0,ee7a50a277fef6153a1cc05f9cc2afd227e940efbd36a4c2b0abe9a57580901b,3e7cfddea1d70f28dbf0ec0a605e0a0e4201d8a77c82fc3d93e97e30380c297f,4d6b8cb1d482e5066f9ca575ebd3b67af4a32562
sup,100x,17,2026-06-15T15:06:09.868350+00:00,25.0,25.0,10.0,40.0,unprocessed-untrimmed,7,97.62873636870104,True,True,False,1.0,ee7a50a277fef6153a1cc05f9cc2afd227e940efbd36a4c2b0abe9a57580901b,3e7cfddea1d70f28dbf0ec0a605e0a0e4201d8a77c82fc3d93e97e30380c297f,4d6b8cb1d482e5066f9ca575ebd3b67af4a32562
sup,100x,17,2026-06-15T15:06:09.868350+00:00,25.0,25.0,10.0,40.0,chopper-dorado,8,85.8454123237295,True,True,False,1.0,ee7a50a277fef6153a1cc05f9cc2afd227e940efbd36a4c2b0abe9a57580901b,3e7cfddea1d70f28dbf0ec0a605e0a0e4201d8a77c82fc3d93e97e30380c297f,4d6b8cb1d482e5066f9ca575ebd3b67af4a32562
sup,100x,17,2026-06-15T15:06:09.868350+00:00,25.0,25.0,10.0,40.0,unprocessed-barbell,9,85.80304445643036,True,True,False,1.0,ee7a50a277fef6153a1cc05f9cc2afd227e940efbd36a4c2b0abe9a57580901b,3e7cfddea1d70f28dbf0ec0a605e0a0e4201d8a77c82fc3d93e97e30380c297f,4d6b8cb1d482e5066f9ca575ebd3b67af4a32562
sup,100x,17,2026-06-15T15:06:09.868350+00:00,25.0,25.0,10.0,40.0,unprocessed-porechop_abi,10,85.75489469045817,True,True,False,1.0,ee7a50a277fef6153a1cc05f9cc2afd227e940efbd36a4c2b0abe9a57580901b,3e7cfddea1d70f28dbf0ec0a605e0a0e4201d8a77c82fc3d93e97e30380c297f,4d6b8cb1d482e5066f9ca575ebd3b67af4a32562
sup,100x,17,2026-06-15T15:06:09.868350+00:00,25.0,25.0,10.0,40.0,chopper-untrimmed,11,84.16063532185287,True,True,False,1.0,ee7a50a277fef6153a1cc05f9cc2afd227e940efbd36a4c2b0abe9a57580901b,3e7cfddea1d70f28dbf0ec0a605e0a0e4201d8a77c82fc3d93e97e30380c297f,4d6b8cb1d482e5066f9ca575ebd3b67af4a32562
sup,100x,17,2026-06-15T15:06:09.868350+00:00,25.0,25.0,10.0,40.0,seqkit-barbell,12,84.00911648695833,True,True,False,1.0,ee7a50a277fef6153a1cc05f9cc2afd227e940efbd36a4c2b0abe9a57580901b,3e7cfddea1d70f28dbf0ec0a605e0a0e4201d8a77c82fc3d93e97e30380c297f,4d6b8cb1d482e5066f9ca575ebd3b67af4a32562
sup,100x,17,2026-06-15T15:06:09.868350+00:00,25.0,25.0,10.0,40.0,seqkit-dorado,13,72.60809687802032,True,False,False,1.0,ee7a50a277fef6153a1cc05f9cc2afd227e940efbd36a4c2b0abe9a57580901b,3e7cfddea1d70f28dbf0ec0a605e0a0e4201d8a77c82fc3d93e97e30380c297f,4d6b8cb1d482e5066f9ca575ebd3b67af4a32562
sup,100x,17,2026-06-15T15:06:09.868350+00:00,25.0,25.0,10.0,40.0,filtlong-dorado,14,59.411856750183404,True,True,False,1.0,ee7a50a277fef6153a1cc05f9cc2afd227e940efbd36a4c2b0abe9a57580901b,3e7cfddea1d70f28dbf0ec0a605e0a0e4201d8a77c82fc3d93e97e30380c297f,4d6b8cb1d482e5066f9ca575ebd3b67af4a32562
sup,100x,17,2026-06-15T15:06:09.868350+00:00,25.0,25.0,10.0,40.0,filtlong-untrimmed,15,59.392191642922114,True,True,False,1.0,ee7a50a277fef6153a1cc05f9cc2afd227e940efbd36a4c2b0abe9a57580901b,3e7cfddea1d70f28dbf0ec0a605e0a0e4201d8a77c82fc3d93e97e30380c297f,4d6b8cb1d482e5066f9ca575ebd3b67af4a32562
sup,100x,17,2026-06-15T15:06:09.868350+00:00,25.0,25.0,10.0,40.0,filtlong-porechop_abi,16,59.38160467338899,True,True,False,1.0,ee7a50a277fef6153a1cc05f9cc2afd227e940efbd36a4c2b0abe9a57580901b,3e7cfddea1d70f28dbf0ec0a605e0a0e4201d8a77c82fc3d93e97e30380c297f,4d6b8cb1d482e5066f9ca575ebd3b67af4a32562
sup,100x,17,2026-06-15T15:06:09.868350+00:00,25.0,25.0,10.0,40.0,filtlong-barbell,17,58.70419554717633,True,True,False,1.0,ee7a50a277fef6153a1cc05f9cc2afd227e940efbd36a4c2b0abe9a57580901b,3e7cfddea1d70f28dbf0ec0a605e0a0e4201d8a77c82fc3d93e97e30380c297f,4d6b8cb1d482e5066f9ca575ebd3b67af4a32562
sup,100x,18,2026-06-16T15:11:47.298850+00:00,20.0,40.0,15.0,25.0,chopper-porechop_abi,1,99.49981998332176,True,True,True,1.0,ee7a50a277fef6153a1cc05f9cc2afd227e940efbd36a4c2b0abe9a57580901b,3e7cfddea1d70f28dbf0ec0a605e0a0e4201d8a77c82fc3d93e97e30380c297f,4d6b8cb1d482e5066f9ca575ebd3b67af4a32562
sup,100x,18,2026-06-16T15:11:47.298850+00:00,20.0,40.0,15.0,25.0,fastplong-all,2,99.4259800730789,True,True,False,1.0,ee7a50a277fef6153a1cc05f9cc2afd227e940efbd36a4c2b0abe9a57580901b,3e7cfddea1d70f28dbf0ec0a605e0a0e4201d8a77c82fc3d93e97e30380c297f,4d6b8cb1d482e5066f9ca575ebd3b67af4a32562
sup,100x,18,2026-06-16T15:11:47.298850+00:00,20.0,40.0,15.0,25.0,unprocessed-dorado,3,99.35517327998261,True,True,False,1.0,ee7a50a277fef6153a1cc05f9cc2afd227e940efbd36a4c2b0abe9a57580901b,3e7cfddea1d70f28dbf0ec0a605e0a0e4201d8a77c82fc3d93e97e30380c297f,4d6b8cb1d482e5066f9ca575ebd3b67af4a32562
sup,100x,18,2026-06-16T15:11:47.298850+00:00,20.0,40.0,15.0,25.0,seqkit-porechop_abi,4,99.33676171845575,True,True,False,1.0,ee7a50a277fef6153a1cc05f9cc2afd227e940efbd36a4c2b0abe9a57580901b,3e7cfddea1d70f28dbf0ec0a605e0a0e4201d8a77c82fc3d93e97e30380c297f,4d6b8cb1d482e5066f9ca575ebd3b67af4a32562
sup,100x,18,2026-06-16T15:11:47.298850+00:00,20.0,40.0,15.0,25.0,chopper-barbell,5,98.9080633379101,True,True,False,1.0,ee7a50a277fef6153a1cc05f9cc2afd227e940efbd36a4c2b0abe9a57580901b,3e7cfddea1d70f28dbf0ec0a605e0a0e4201d8a77c82fc3d93e97e30380c297f,4d6b8cb1d482e5066f9ca575ebd3b67af4a32562
sup,100x,18,2026-06-16T15:11:47.298850+00:00,20.0,40.0,15.0,25.0,seqkit-untrimmed,6,97.11495807431888,True,True,False,1.0,ee7a50a277fef6153a1cc05f9cc2afd227e940efbd36a4c2b0abe9a57580901b,3e7cfddea1d70f28dbf0ec0a605e0a0e4201d8a77c82fc3d93e97e30380c297f,4d6b8cb1d482e5066f9ca575ebd3b67af4a32562
sup,100x,18,2026-06-16T15:11:47.298850+00:00,20.0,40.0,15.0,25.0,unprocessed-untrimmed,7,97.02597818992166,True,True,False,1.0,ee7a50a277fef6153a1cc05f9cc2afd227e940efbd36a4c2b0abe9a57580901b,3e7cfddea1d70f28dbf0ec0a605e0a0e4201d8a77c82fc3d93e97e30380c297f,4d6b8cb1d482e5066f9ca575ebd3b67af4a32562
sup,100x,18,2026-06-16T15:11:47.298850+00:00,20.0,40.0,15.0,25.0,chopper-dorado,8,91.00958279489025,True,True,False,1.0,ee7a50a277fef6153a1cc05f9cc2afd227e940efbd36a4c2b0abe9a57580901b,3e7cfddea1d70f28dbf0ec0a605e0a0e4201d8a77c82fc3d93e97e30380c297f,4d6b8cb1d482e5066f9ca575ebd3b67af4a32562
sup,100x,18,2026-06-16T15:11:47.298850+00:00,20.0,40.0,15.0,25.0,unprocessed-barbell,9,90.97564036105777,True,True,False,1.0,ee7a50a277fef6153a1cc05f9cc2afd227e940efbd36a4c2b0abe9a57580901b,3e7cfddea1d70f28dbf0ec0a605e0a0e4201d8a77c82fc3d93e97e30380c297f,4d6b8cb1d482e5066f9ca575ebd3b67af4a32562
sup,100x,18,2026-06-16T15:11:47.298850+00:00,20.0,40.0,15.0,25.0,unprocessed-porechop_abi,10,90.93706227396383,True,True,False,1.0,ee7a50a277fef6153a1cc05f9cc2afd227e940efbd36a4c2b0abe9a57580901b,3e7cfddea1d70f28dbf0ec0a605e0a0e4201d8a77c82fc3d93e97e30380c297f,4d6b8cb1d482e5066f9ca575ebd3b67af4a32562
sup,100x,18,2026-06-16T15:11:47.298850+00:00,20.0,40.0,15.0,25.0,seqkit-barbell,11,88.72535560990256,True,True,False,1.0,ee7a50a277fef6153a1cc05f9cc2afd227e940efbd36a4c2b0abe9a57580901b,3e7cfddea1d70f28dbf0ec0a605e0a0e4201d8a77c82fc3d93e97e30380c297f,4d6b8cb1d482e5066f9ca575ebd3b67af4a32562
sup,100x,18,2026-06-16T15:11:47.298850+00:00,20.0,40.0,15.0,25.0,chopper-untrimmed,12,88.5847088226569,True,True,False,1.0,ee7a50a277fef6153a1cc05f9cc2afd227e940efbd36a4c2b0abe9a57580901b,3e7cfddea1d70f28dbf0ec0a605e0a0e4201d8a77c82fc3d93e97e30380c297f,4d6b8cb1d482e5066f9ca575ebd3b67af4a32562
sup,100x,18,2026-06-16T15:11:47.298850+00:00,20.0,40.0,15.0,25.0,seqkit-dorado,13,82.75295500483249,True,False,False,1.0,ee7a50a277fef6153a1cc05f9cc2afd227e940efbd36a4c2b0abe9a57580901b,3e7cfddea1d70f28dbf0ec0a605e0a0e4201d8a77c82fc3d93e97e30380c297f,4d6b8cb1d482e5066f9ca575ebd3b67af4a32562
sup,100x,18,2026-06-16T15:11:47.298850+00:00,20.0,40.0,15.0,25.0,filtlong-untrimmed,14,74.51366047482924,True,True,False,1.0,ee7a50a277fef6153a1cc05f9cc2afd227e940efbd36a4c2b0abe9a57580901b,3e7cfddea1d70f28dbf0ec0a605e0a0e4201d8a77c82fc3d93e97e30380c297f,4d6b8cb1d482e5066f9ca575ebd3b67af4a32562
sup,100x,18,2026-06-16T15:11:47.298850+00:00,20.0,40.0,15.0,25.0,filtlong-porechop_abi,15,74.50441363126853,True,True,False,1.0,ee7a50a277fef6153a1cc05f9cc2afd227e940efbd36a4c2b0abe9a57580901b,3e7cfddea1d70f28dbf0ec0a605e0a0e4201d8a77c82fc3d93e97e30380c297f,4d6b8cb1d482e5066f9ca575ebd3b67af4a32562
sup,100x,18,2026-06-16T15:11:47.298850+00:00,20.0,40.0,15.0,25.0,filtlong-dorado,16,74.50358618490883,True,True,False,1.0,ee7a50a277fef6153a1cc05f9cc2afd227e940efbd36a4c2b0abe9a57580901b,3e7cfddea1d70f28dbf0ec0a605e0a0e4201d8a77c82fc3d93e97e30380c297f,4d6b8cb1d482e5066f9ca575ebd3b67af4a32562
sup,100x,18,2026-06-16T15:11:47.298850+00:00,20.0,40.0,15.0,25.0,filtlong-barbell,17,73.96209749086674,True,True,False,1.0,ee7a50a277fef6153a1cc05f9cc2afd227e940efbd36a4c2b0abe9a57580901b,3e7cfddea1d70f28dbf0ec0a605e0a0e4201d8a77c82fc3d93e97e30380c297f,4d6b8cb1d482e5066f9ca575ebd3b67af4a32562
sup,100x,19,2026-06-19T04:21:03.491271+00:00,30.0,10.0,10.0,50.0,chopper-porechop_abi,1,99.24995499583045,True,True,True,1.0,ee7a50a277fef6153a1cc05f9cc2afd227e940efbd36a4c2b0abe9a57580901b,3e7cfddea1d70f28dbf0ec0a605e0a0e4201d8a77c82fc3d93e97e30380c297f,4d6b8cb1d482e5066f9ca575ebd3b67af4a32562
sup,100x,19,2026-06-19T04:21:03.491271+00:00,30.0,10.0,10.0,50.0,fastplong-all,2,99.13918732596204,True,True,False,1.0,ee7a50a277fef6153a1cc05f9cc2afd227e940efbd36a4c2b0abe9a57580901b,3e7cfddea1d70f28dbf0ec0a605e0a0e4201d8a77c82fc3d93e97e30380c297f,4d6b8cb1d482e5066f9ca575ebd3b67af4a32562
sup,100x,19,2026-06-19T04:21:03.491271+00:00,30.0,10.0,10.0,50.0,unprocessed-dorado,3,99.03302408922642,True,True,False,1.0,ee7a50a277fef6153a1cc05f9cc2afd227e940efbd36a4c2b0abe9a57580901b,3e7cfddea1d70f28dbf0ec0a605e0a0e4201d8a77c82fc3d93e97e30380c297f,4d6b8cb1d482e5066f9ca575ebd3b67af4a32562
sup,100x,19,2026-06-19T04:21:03.491271+00:00,30.0,10.0,10.0,50.0,seqkit-porechop_abi,4,99.00534427576778,True,True,False,1.0,ee7a50a277fef6153a1cc05f9cc2afd227e940efbd36a4c2b0abe9a57580901b,3e7cfddea1d70f28dbf0ec0a605e0a0e4201d8a77c82fc3d93e97e30380c297f,4d6b8cb1d482e5066f9ca575ebd3b67af4a32562
sup,100x,19,2026-06-19T04:21:03.491271+00:00,30.0,10.0,10.0,50.0,chopper-barbell,5,98.71355429601597,True,True,False,1.0,ee7a50a277fef6153a1cc05f9cc2afd227e940efbd36a4c2b0abe9a57580901b,3e7cfddea1d70f28dbf0ec0a605e0a0e4201d8a77c82fc3d93e97e30380c297f,4d6b8cb1d482e5066f9ca575ebd3b67af4a32562
sup,100x,19,2026-06-19T04:21:03.491271+00:00,30.0,10.0,10.0,50.0,seqkit-untrimmed,6,97.5960472108874,True,True,False,1.0,ee7a50a277fef6153a1cc05f9cc2afd227e940efbd36a4c2b0abe9a57580901b,3e7cfddea1d70f28dbf0ec0a605e0a0e4201d8a77c82fc3d93e97e30380c297f,4d6b8cb1d482e5066f9ca575ebd3b67af4a32562
sup,100x,19,2026-06-19T04:21:03.491271+00:00,30.0,10.0,10.0,50.0,unprocessed-untrimmed,7,97.46226377824965,True,True,False,1.0,ee7a50a277fef6153a1cc05f9cc2afd227e940efbd36a4c2b0abe9a57580901b,3e7cfddea1d70f28dbf0ec0a605e0a0e4201d8a77c82fc3d93e97e30380c297f,4d6b8cb1d482e5066f9ca575ebd3b67af4a32562
sup,100x,19,2026-06-19T04:21:03.491271+00:00,30.0,10.0,10.0,50.0,chopper-dorado,8,82.34790851923539,True,True,False,1.0,ee7a50a277fef6153a1cc05f9cc2afd227e940efbd36a4c2b0abe9a57580901b,3e7cfddea1d70f28dbf0ec0a605e0a0e4201d8a77c82fc3d93e97e30380c297f,4d6b8cb1d482e5066f9ca575ebd3b67af4a32562
sup,100x,19,2026-06-19T04:21:03.491271+00:00,30.0,10.0,10.0,50.0,unprocessed-barbell,9,82.29711521846957,True,True,False,1.0,ee7a50a277fef6153a1cc05f9cc2afd227e940efbd36a4c2b0abe9a57580901b,3e7cfddea1d70f28dbf0ec0a605e0a0e4201d8a77c82fc3d93e97e30380c297f,4d6b8cb1d482e5066f9ca575ebd3b67af4a32562
sup,100x,19,2026-06-19T04:21:03.491271+00:00,30.0,10.0,10.0,50.0,unprocessed-porechop_abi,10,82.23939377361917,True,True,False,1.0,ee7a50a277fef6153a1cc05f9cc2afd227e940efbd36a4c2b0abe9a57580901b,3e7cfddea1d70f28dbf0ec0a605e0a0e4201d8a77c82fc3d93e97e30380c297f,4d6b8cb1d482e5066f9ca575ebd3b67af4a32562
sup,100x,19,2026-06-19T04:21:03.491271+00:00,30.0,10.0,10.0,50.0,seqkit-barbell,11,80.95954403068077,True,True,False,1.0,ee7a50a277fef6153a1cc05f9cc2afd227e940efbd36a4c2b0abe9a57580901b,3e7cfddea1d70f28dbf0ec0a605e0a0e4201d8a77c82fc3d93e97e30380c297f,4d6b8cb1d482e5066f9ca575ebd3b67af4a32562
sup,100x,19,2026-06-19T04:21:03.491271+00:00,30.0,10.0,10.0,50.0,chopper-untrimmed,12,80.63399771848474,True,True,False,1.0,ee7a50a277fef6153a1cc05f9cc2afd227e940efbd36a4c2b0abe9a57580901b,3e7cfddea1d70f28dbf0ec0a605e0a0e4201d8a77c82fc3d93e97e30380c297f,4d6b8cb1d482e5066f9ca575ebd3b67af4a32562
sup,100x,19,2026-06-19T04:21:03.491271+00:00,30.0,10.0,10.0,50.0,seqkit-dorado,13,65.79657208454145,True,False,False,1.0,ee7a50a277fef6153a1cc05f9cc2afd227e940efbd36a4c2b0abe9a57580901b,3e7cfddea1d70f28dbf0ec0a605e0a0e4201d8a77c82fc3d93e97e30380c297f,4d6b8cb1d482e5066f9ca575ebd3b67af4a32562
sup,100x,19,2026-06-19T04:21:03.491271+00:00,30.0,10.0,10.0,50.0,filtlong-dorado,14,49.320127315457974,True,True,False,1.0,ee7a50a277fef6153a1cc05f9cc2afd227e940efbd36a4c2b0abe9a57580901b,3e7cfddea1d70f28dbf0ec0a605e0a0e4201d8a77c82fc3d93e97e30380c297f,4d6b8cb1d482e5066f9ca575ebd3b67af4a32562
sup,100x,19,2026-06-19T04:21:03.491271+00:00,30.0,10.0,10.0,50.0,filtlong-untrimmed,15,49.270722811015006,True,True,False,1.0,ee7a50a277fef6153a1cc05f9cc2afd227e940efbd36a4c2b0abe9a57580901b,3e7cfddea1d70f28dbf0ec0a605e0a0e4201d8a77c82fc3d93e97e30380c297f,4d6b8cb1d482e5066f9ca575ebd3b67af4a32562
sup,100x,19,2026-06-19T04:21:03.491271+00:00,30.0,10.0,10.0,50.0,filtlong-porechop_abi,16,49.25879571550944,True,True,False,1.0,ee7a50a277fef6153a1cc05f9cc2afd227e940efbd36a4c2b0abe9a57580901b,3e7cfddea1d70f28dbf0ec0a605e0a0e4201d8a77c82fc3d93e97e30380c297f,4d6b8cb1d482e5066f9ca575ebd3b67af4a32562
sup,100x,19,2026-06-19T04:21:03.491271+00:00,30.0,10.0,10.0,50.0,filtlong-barbell,17,48.44629360348592,True,True,False,1.0,ee7a50a277fef6153a1cc05f9cc2afd227e940efbd36a4c2b0abe9a57580901b,3e7cfddea1d70f28dbf0ec0a605e0a0e4201d8a77c82fc3d93e97e30380c297f,4d6b8cb1d482e5066f9ca575ebd3b67af4a32562
sup,100x,20,2026-06-19T11:30:26.936256+00:00,35.0,20.0,10.0,35.0,chopper-porechop_abi,1,99.12490999166089,True,True,True,1.0,ee7a50a277fef6153a1cc05f9cc2afd227e940efbd36a4c2b0abe9a57580901b,3e7cfddea1d70f28dbf0ec0a605e0a0e4201d8a77c82fc3d93e97e30380c297f,4d6b8cb1d482e5066f9ca575ebd3b67af4a32562
sup,100x,20,2026-06-19T11:30:26.936256+00:00,35.0,20.0,10.0,35.0,fastplong-all,2,98.99568234423177,True,True,False,1.0,ee7a50a277fef6153a1cc05f9cc2afd227e940efbd36a4c2b0abe9a57580901b,3e7cfddea1d70f28dbf0ec0a605e0a0e4201d8a77c82fc3d93e97e30380c297f,4d6b8cb1d482e5066f9ca575ebd3b67af4a32562
sup,100x,20,2026-06-19T11:30:26.936256+00:00,35.0,20.0,10.0,35.0,unprocessed-dorado,3,98.87181740922207,True,True,False,1.0,ee7a50a277fef6153a1cc05f9cc2afd227e940efbd36a4c2b0abe9a57580901b,3e7cfddea1d70f28dbf0ec0a605e0a0e4201d8a77c82fc3d93e97e30380c297f,4d6b8cb1d482e5066f9ca575ebd3b67af4a32562
sup,100x,20,2026-06-19T11:30:26.936256+00:00,35.0,20.0,10.0,35.0,seqkit-porechop_abi,4,98.83953470538172,True,True,False,1.0,ee7a50a277fef6153a1cc05f9cc2afd227e940efbd36a4c2b0abe9a57580901b,3e7cfddea1d70f28dbf0ec0a605e0a0e4201d8a77c82fc3d93e97e30380c297f,4d6b8cb1d482e5066f9ca575ebd3b67af4a32562
sup,100x,20,2026-06-19T11:30:26.936256+00:00,35.0,20.0,10.0,35.0,chopper-barbell,5,98.44057013049351,True,True,False,1.0,ee7a50a277fef6153a1cc05f9cc2afd227e940efbd36a4c2b0abe9a57580901b,3e7cfddea1d70f28dbf0ec0a605e0a0e4201d8a77c82fc3d93e97e30380c297f,4d6b8cb1d482e5066f9ca575ebd3b67af4a32562
sup,100x,20,2026-06-19T11:30:26.936256+00:00,35.0,20.0,10.0,35.0,seqkit-untrimmed,6,97.45170980639021,True,True,False,1.0,ee7a50a277fef6153a1cc05f9cc2afd227e940efbd36a4c2b0abe9a57580901b,3e7cfddea1d70f28dbf0ec0a605e0a0e4201d8a77c82fc3d93e97e30380c297f,4d6b8cb1d482e5066f9ca575ebd3b67af4a32562
sup,100x,20,2026-06-19T11:30:26.936256+00:00,35.0,20.0,10.0,35.0,unprocessed-untrimmed,7,97.29568140265313,True,True,False,1.0,ee7a50a277fef6153a1cc05f9cc2afd227e940efbd36a4c2b0abe9a57580901b,3e7cfddea1d70f28dbf0ec0a605e0a0e4201d8a77c82fc3d93e97e30380c297f,4d6b8cb1d482e5066f9ca575ebd3b67af4a32562
sup,100x,20,2026-06-19T11:30:26.936256+00:00,35.0,20.0,10.0,35.0,chopper-dorado,8,87.18363755129128,True,True,False,1.0,ee7a50a277fef6153a1cc05f9cc2afd227e940efbd36a4c2b0abe9a57580901b,3e7cfddea1d70f28dbf0ec0a605e0a0e4201d8a77c82fc3d93e97e30380c297f,4d6b8cb1d482e5066f9ca575ebd3b67af4a32562
sup,100x,20,2026-06-19T11:30:26.936256+00:00,35.0,20.0,10.0,35.0,unprocessed-barbell,9,87.12435864206735,True,True,False,1.0,ee7a50a277fef6153a1cc05f9cc2afd227e940efbd36a4c2b0abe9a57580901b,3e7cfddea1d70f28dbf0ec0a605e0a0e4201d8a77c82fc3d93e97e30380c297f,4d6b8cb1d482e5066f9ca575ebd3b67af4a32562
sup,100x,20,2026-06-19T11:30:26.936256+00:00,35.0,20.0,10.0,35.0,unprocessed-porechop_abi,10,87.05699267544347,True,True,False,1.0,ee7a50a277fef6153a1cc05f9cc2afd227e940efbd36a4c2b0abe9a57580901b,3e7cfddea1d70f28dbf0ec0a605e0a0e4201d8a77c82fc3d93e97e30380c297f,4d6b8cb1d482e5066f9ca575ebd3b67af4a32562
sup,100x,20,2026-06-19T11:30:26.936256+00:00,35.0,20.0,10.0,35.0,chopper-untrimmed,11,85.44043133440539,True,True,False,1.0,ee7a50a277fef6153a1cc05f9cc2afd227e940efbd36a4c2b0abe9a57580901b,3e7cfddea1d70f28dbf0ec0a605e0a0e4201d8a77c82fc3d93e97e30380c297f,4d6b8cb1d482e5066f9ca575ebd3b67af4a32562
sup,100x,20,2026-06-19T11:30:26.936256+00:00,35.0,20.0,10.0,35.0,seqkit-barbell,12,85.22421626648975,True,True,False,1.0,ee7a50a277fef6153a1cc05f9cc2afd227e940efbd36a4c2b0abe9a57580901b,3e7cfddea1d70f28dbf0ec0a605e0a0e4201d8a77c82fc3d93e97e30380c297f,4d6b8cb1d482e5066f9ca575ebd3b67af4a32562
sup,100x,20,2026-06-19T11:30:26.936256+00:00,35.0,20.0,10.0,35.0,seqkit-dorado,13,75.65147750241624,True,False,False,1.0,ee7a50a277fef6153a1cc05f9cc2afd227e940efbd36a4c2b0abe9a57580901b,3e7cfddea1d70f28dbf0ec0a605e0a0e4201d8a77c82fc3d93e97e30380c297f,4d6b8cb1d482e5066f9ca575ebd3b67af4a32562
sup,100x,20,2026-06-19T11:30:26.936256+00:00,35.0,20.0,10.0,35.0,filtlong-dorado,14,64.19602386168519,True,True,False,1.0,ee7a50a277fef6153a1cc05f9cc2afd227e940efbd36a4c2b0abe9a57580901b,3e7cfddea1d70f28dbf0ec0a605e0a0e4201d8a77c82fc3d93e97e30380c297f,4d6b8cb1d482e5066f9ca575ebd3b67af4a32562
sup,100x,20,2026-06-19T11:30:26.936256+00:00,35.0,20.0,10.0,35.0,filtlong-untrimmed,15,64.14913792972231,True,True,False,1.0,ee7a50a277fef6153a1cc05f9cc2afd227e940efbd36a4c2b0abe9a57580901b,3e7cfddea1d70f28dbf0ec0a605e0a0e4201d8a77c82fc3d93e97e30380c297f,4d6b8cb1d482e5066f9ca575ebd3b67af4a32562
sup,100x,20,2026-06-19T11:30:26.936256+00:00,35.0,20.0,10.0,35.0,filtlong-porechop_abi,16,64.13489912332658,True,True,False,1.0,ee7a50a277fef6153a1cc05f9cc2afd227e940efbd36a4c2b0abe9a57580901b,3e7cfddea1d70f28dbf0ec0a605e0a0e4201d8a77c82fc3d93e97e30380c297f,4d6b8cb1d482e5066f9ca575ebd3b67af4a32562
sup,100x,20,2026-06-19T11:30:26.936256+00:00,35.0,20.0,10.0,35.0,filtlong-barbell,17,63.186817976202605,True,True,False,1.0,ee7a50a277fef6153a1cc05f9cc2afd227e940efbd36a4c2b0abe9a57580901b,3e7cfddea1d70f28dbf0ec0a605e0a0e4201d8a77c82fc3d93e97e30380c297f,4d6b8cb1d482e5066f9ca575ebd3b67af4a32562
sup,100x,21,2026-06-26T07:42:14.138061+00:00,35.0,20.0,15.0,30.0,chopper-porechop_abi,1,99.12490999166089,True,True,True,1.0,ee7a50a277fef6153a1cc05f9cc2afd227e940efbd36a4c2b0abe9a57580901b,3e7cfddea1d70f28dbf0ec0a605e0a0e4201d8a77c82fc3d93e97e30380c297f,4d6b8cb1d482e5066f9ca575ebd3b67af4a32562
sup,100x,21,2026-06-26T07:42:14.138061+00:00,35.0,20.0,15.0,30.0,fastplong-all,2,98.99568234423177,True,True,False,1.0,ee7a50a277fef6153a1cc05f9cc2afd227e940efbd36a4c2b0abe9a57580901b,3e7cfddea1d70f28dbf0ec0a605e0a0e4201d8a77c82fc3d93e97e30380c297f,4d6b8cb1d482e5066f9ca575ebd3b67af4a32562
sup,100x,21,2026-06-26T07:42:14.138061+00:00,35.0,20.0,15.0,30.0,unprocessed-dorado,3,98.87181740922207,True,True,False,1.0,ee7a50a277fef6153a1cc05f9cc2afd227e940efbd36a4c2b0abe9a57580901b,3e7cfddea1d70f28dbf0ec0a605e0a0e4201d8a77c82fc3d93e97e30380c297f,4d6b8cb1d482e5066f9ca575ebd3b67af4a32562
sup,100x,21,2026-06-26T07:42:14.138061+00:00,35.0,20.0,15.0,30.0,seqkit-porechop_abi,4,98.83953470538172,True,True,False,1.0,ee7a50a277fef6153a1cc05f9cc2afd227e940efbd36a4c2b0abe9a57580901b,3e7cfddea1d70f28dbf0ec0a605e0a0e4201d8a77c82fc3d93e97e30380c297f,4d6b8cb1d482e5066f9ca575ebd3b67af4a32562
sup,100x,21,2026-06-26T07:42:14.138061+00:00,35.0,20.0,15.0,30.0,chopper-barbell,5,98.44057013049351,True,True,False,1.0,ee7a50a277fef6153a1cc05f9cc2afd227e940efbd36a4c2b0abe9a57580901b,3e7cfddea1d70f28dbf0ec0a605e0a0e4201d8a77c82fc3d93e97e30380c297f,4d6b8cb1d482e5066f9ca575ebd3b67af4a32562
sup,100x,21,2026-06-26T07:42:14.138061+00:00,35.0,20.0,15.0,30.0,seqkit-untrimmed,6,96.68247903715942,True,True,False,1.0,ee7a50a277fef6153a1cc05f9cc2afd227e940efbd36a4c2b0abe9a57580901b,3e7cfddea1d70f28dbf0ec0a605e0a0e4201d8a77c82fc3d93e97e30380c297f,4d6b8cb1d482e5066f9ca575ebd3b67af4a32562
sup,100x,21,2026-06-26T07:42:14.138061+00:00,35.0,20.0,15.0,30.0,unprocessed-untrimmed,7,96.52645063342237,True,True,False,1.0,ee7a50a277fef6153a1cc05f9cc2afd227e940efbd36a4c2b0abe9a57580901b,3e7cfddea1d70f28dbf0ec0a605e0a0e4201d8a77c82fc3d93e97e30380c297f,4d6b8cb1d482e5066f9ca575ebd3b67af4a32562
sup,100x,21,2026-06-26T07:42:14.138061+00:00,35.0,20.0,15.0,30.0,chopper-dorado,8,88.85030421795797,True,True,False,1.0,ee7a50a277fef6153a1cc05f9cc2afd227e940efbd36a4c2b0abe9a57580901b,3e7cfddea1d70f28dbf0ec0a605e0a0e4201d8a77c82fc3d93e97e30380c297f,4d6b8cb1d482e5066f9ca575ebd3b67af4a32562
sup,100x,21,2026-06-26T07:42:14.138061+00:00,35.0,20.0,15.0,30.0,unprocessed-barbell,9,88.79102530873402,True,True,False,1.0,ee7a50a277fef6153a1cc05f9cc2afd227e940efbd36a4c2b0abe9a57580901b,3e7cfddea1d70f28dbf0ec0a605e0a0e4201d8a77c82fc3d93e97e30380c297f,4d6b8cb1d482e5066f9ca575ebd3b67af4a32562
sup,100x,21,2026-06-26T07:42:14.138061+00:00,35.0,20.0,15.0,30.0,unprocessed-porechop_abi,10,88.72365934211012,True,True,False,1.0,ee7a50a277fef6153a1cc05f9cc2afd227e940efbd36a4c2b0abe9a57580901b,3e7cfddea1d70f28dbf0ec0a605e0a0e4201d8a77c82fc3d93e97e30380c297f,4d6b8cb1d482e5066f9ca575ebd3b67af4a32562
sup,100x,21,2026-06-26T07:42:14.138061+00:00,35.0,20.0,15.0,30.0,seqkit-barbell,11,86.8908829331564,True,True,False,1.0,ee7a50a277fef6153a1cc05f9cc2afd227e940efbd36a4c2b0abe9a57580901b,3e7cfddea1d70f28dbf0ec0a605e0a0e4201d8a77c82fc3d93e97e30380c297f,4d6b8cb1d482e5066f9ca575ebd3b67af4a32562
sup,100x,21,2026-06-26T07:42:14.138061+00:00,35.0,20.0,15.0,30.0,chopper-untrimmed,12,86.33786723184129,True,True,False,1.0,ee7a50a277fef6153a1cc05f9cc2afd227e940efbd36a4c2b0abe9a57580901b,3e7cfddea1d70f28dbf0ec0a605e0a0e4201d8a77c82fc3d93e97e30380c297f,4d6b8cb1d482e5066f9ca575ebd3b67af4a32562
sup,100x,21,2026-06-26T07:42:14.138061+00:00,35.0,20.0,15.0,30.0,seqkit-dorado,13,78.98481083574957,True,False,False,1.0,ee7a50a277fef6153a1cc05f9cc2afd227e940efbd36a4c2b0abe9a57580901b,3e7cfddea1d70f28dbf0ec0a605e0a0e4201d8a77c82fc3d93e97e30380c297f,4d6b8cb1d482e5066f9ca575ebd3b67af4a32562
sup,100x,21,2026-06-26T07:42:14.138061+00:00,35.0,20.0,15.0,30.0,filtlong-dorado,14,69.19602386168519,True,True,False,1.0,ee7a50a277fef6153a1cc05f9cc2afd227e940efbd36a4c2b0abe9a57580901b,3e7cfddea1d70f28dbf0ec0a605e0a0e4201d8a77c82fc3d93e97e30380c297f,4d6b8cb1d482e5066f9ca575ebd3b67af4a32562
sup,100x,21,2026-06-26T07:42:14.138061+00:00,35.0,20.0,15.0,30.0,filtlong-untrimmed,15,69.14913792972231,True,True,False,1.0,ee7a50a277fef6153a1cc05f9cc2afd227e940efbd36a4c2b0abe9a57580901b,3e7cfddea1d70f28dbf0ec0a605e0a0e4201d8a77c82fc3d93e97e30380c297f,4d6b8cb1d482e5066f9ca575ebd3b67af4a32562
sup,100x,21,2026-06-26T07:42:14.138061+00:00,35.0,20.0,15.0,30.0,filtlong-porechop_abi,16,69.13489912332658,True,True,False,1.0,ee7a50a277fef6153a1cc05f9cc2afd227e940efbd36a4c2b0abe9a57580901b,3e7cfddea1d70f28dbf0ec0a605e0a0e4201d8a77c82fc3d93e97e30380c297f,4d6b8cb1d482e5066f9ca575ebd3b67af4a32562
sup,100x,21,2026-06-26T07:42:14.138061+00:00,35.0,20.0,15.0,30.0,filtlong-barbell,17,68.1868179762026,True,True,False,1.0,ee7a50a277fef6153a1cc05f9cc2afd227e940efbd36a4c2b0abe9a57580901b,3e7cfddea1d70f28dbf0ec0a605e0a0e4201d8a77c82fc3d93e97e30380c297f,4d6b8cb1d482e5066f9ca575ebd3b67af4a32562
sup,100x,22,2026-07-17T05:15:29.320201+00:00,10.0,60.0,5.0,25.0,chopper-porechop_abi,1,99.74972997498266,True,True,True,1.0,ee7a50a277fef6153a1cc05f9cc2afd227e940efbd36a4c2b0abe9a57580901b,3e7cfddea1d70f28dbf0ec0a605e0a0e4201d8a77c82fc3d93e97e30380c297f,4d6b8cb1d482e5066f9ca575ebd3b67af4a32562
sup,100x,22,2026-07-17T05:15:29.320201+00:00,10.0,60.0,5.0,25.0,fastplong-all,2,99.71281626346452,True,True,False,1.0,ee7a50a277fef6153a1cc05f9cc2afd227e940efbd36a4c2b0abe9a57580901b,3e7cfddea1d70f28dbf0ec0a605e0a0e4201d8a77c82fc3d93e97e30380c297f,4d6b8cb1d482e5066f9ca575ebd3b67af4a32562
sup,100x,22,2026-07-17T05:15:29.320201+00:00,10.0,60.0,5.0,25.0,unprocessed-dorado,3,99.67737530458929,True,True,False,1.0,ee7a50a277fef6153a1cc05f9cc2afd227e940efbd36a4c2b0abe9a57580901b,3e7cfddea1d70f28dbf0ec0a605e0a0e4201d8a77c82fc3d93e97e30380c297f,4d6b8cb1d482e5066f9ca575ebd3b67af4a32562
sup,100x,22,2026-07-17T05:15:29.320201+00:00,10.0,60.0,5.0,25.0,seqkit-porechop_abi,4,99.66821950076057,True,True,False,1.0,ee7a50a277fef6153a1cc05f9cc2afd227e940efbd36a4c2b0abe9a57580901b,3e7cfddea1d70f28dbf0ec0a605e0a0e4201d8a77c82fc3d93e97e30380c297f,4d6b8cb1d482e5066f9ca575ebd3b67af4a32562
sup,100x,22,2026-07-17T05:15:29.320201+00:00,10.0,60.0,5.0,25.0,chopper-barbell,5,99.17286423763439,True,True,False,1.0,ee7a50a277fef6153a1cc05f9cc2afd227e940efbd36a4c2b0abe9a57580901b,3e7cfddea1d70f28dbf0ec0a605e0a0e4201d8a77c82fc3d93e97e30380c297f,4d6b8cb1d482e5066f9ca575ebd3b67af4a32562
sup,100x,22,2026-07-17T05:15:29.320201+00:00,10.0,60.0,5.0,25.0,seqkit-untrimmed,6,98.94166788070906,True,True,False,1.0,ee7a50a277fef6153a1cc05f9cc2afd227e940efbd36a4c2b0abe9a57580901b,3e7cfddea1d70f28dbf0ec0a605e0a0e4201d8a77c82fc3d93e97e30380c297f,4d6b8cb1d482e5066f9ca575ebd3b67af4a32562
sup,100x,22,2026-07-17T05:15:29.320201+00:00,10.0,60.0,5.0,25.0,unprocessed-untrimmed,7,98.89742882334403,True,True,False,1.0,ee7a50a277fef6153a1cc05f9cc2afd227e940efbd36a4c2b0abe9a57580901b,3e7cfddea1d70f28dbf0ec0a605e0a0e4201d8a77c82fc3d93e97e30380c297f,4d6b8cb1d482e5066f9ca575ebd3b67af4a32562
sup,100x,22,2026-07-17T05:15:29.320201+00:00,10.0,60.0,5.0,25.0,chopper-dorado,8,91.33796393592513,True,True,False,1.0,ee7a50a277fef6153a1cc05f9cc2afd227e940efbd36a4c2b0abe9a57580901b,3e7cfddea1d70f28dbf0ec0a605e0a0e4201d8a77c82fc3d93e97e30380c297f,4d6b8cb1d482e5066f9ca575ebd3b67af4a32562
sup,100x,22,2026-07-17T05:15:29.320201+00:00,10.0,60.0,5.0,25.0,unprocessed-barbell,9,91.32089643902256,True,True,False,1.0,ee7a50a277fef6153a1cc05f9cc2afd227e940efbd36a4c2b0abe9a57580901b,3e7cfddea1d70f28dbf0ec0a605e0a0e4201d8a77c82fc3d93e97e30380c297f,4d6b8cb1d482e5066f9ca575ebd3b67af4a32562
sup,100x,22,2026-07-17T05:15:29.320201+00:00,10.0,60.0,5.0,25.0,unprocessed-porechop_abi,10,91.3014908468432,True,True,False,1.0,ee7a50a277fef6153a1cc05f9cc2afd227e940efbd36a4c2b0abe9a57580901b,3e7cfddea1d70f28dbf0ec0a605e0a0e4201d8a77c82fc3d93e97e30380c297f,4d6b8cb1d482e5066f9ca575ebd3b67af4a32562
sup,100x,22,2026-07-17T05:15:29.320201+00:00,10.0,60.0,5.0,25.0,chopper-untrimmed,11,90.50988374680588,True,True,False,1.0,ee7a50a277fef6153a1cc05f9cc2afd227e940efbd36a4c2b0abe9a57580901b,3e7cfddea1d70f28dbf0ec0a605e0a0e4201d8a77c82fc3d93e97e30380c297f,4d6b8cb1d482e5066f9ca575ebd3b67af4a32562
sup,100x,22,2026-07-17T05:15:29.320201+00:00,10.0,60.0,5.0,25.0,seqkit-barbell,12,88.56546931228975,True,False,False,1.0,ee7a50a277fef6153a1cc05f9cc2afd227e940efbd36a4c2b0abe9a57580901b,3e7cfddea1d70f28dbf0ec0a605e0a0e4201d8a77c82fc3d93e97e30380c297f,4d6b8cb1d482e5066f9ca575ebd3b67af4a32562
sup,100x,22,2026-07-17T05:15:29.320201+00:00,10.0,60.0,5.0,25.0,seqkit-dorado,13,83.04276584058206,True,False,False,1.0,ee7a50a277fef6153a1cc05f9cc2afd227e940efbd36a4c2b0abe9a57580901b,3e7cfddea1d70f28dbf0ec0a605e0a0e4201d8a77c82fc3d93e97e30380c297f,4d6b8cb1d482e5066f9ca575ebd3b67af4a32562
sup,100x,22,2026-07-17T05:15:29.320201+00:00,10.0,60.0,5.0,25.0,filtlong-untrimmed,14,74.75664455839768,True,True,False,1.0,ee7a50a277fef6153a1cc05f9cc2afd227e940efbd36a4c2b0abe9a57580901b,3e7cfddea1d70f28dbf0ec0a605e0a0e4201d8a77c82fc3d93e97e30380c297f,4d6b8cb1d482e5066f9ca575ebd3b67af4a32562
sup,100x,22,2026-07-17T05:15:29.320201+00:00,10.0,60.0,5.0,25.0,filtlong-porechop_abi,15,74.75046660074896,True,True,False,1.0,ee7a50a277fef6153a1cc05f9cc2afd227e940efbd36a4c2b0abe9a57580901b,3e7cfddea1d70f28dbf0ec0a605e0a0e4201d8a77c82fc3d93e97e30380c297f,4d6b8cb1d482e5066f9ca575ebd3b67af4a32562
sup,100x,22,2026-07-17T05:15:29.320201+00:00,10.0,60.0,5.0,25.0,filtlong-dorado,16,74.69999466197862,True,True,False,1.0,ee7a50a277fef6153a1cc05f9cc2afd227e940efbd36a4c2b0abe9a57580901b,3e7cfddea1d70f28dbf0ec0a605e0a0e4201d8a77c82fc3d93e97e30380c297f,4d6b8cb1d482e5066f9ca575ebd3b67af4a32562
sup,100x,22,2026-07-17T05:15:29.320201+00:00,10.0,60.0,5.0,25.0,filtlong-barbell,17,74.47853085168472,True,True,False,1.0,ee7a50a277fef6153a1cc05f9cc2afd227e940efbd36a4c2b0abe9a57580901b,3e7cfddea1d70f28dbf0ec0a605e0a0e4201d8a77c82fc3d93e97e30380c297f,4d6b8cb1d482e5066f9ca575ebd3b67af4a32562
