combo,depth,sample,model,Mismatches per 100kbp,Indels per 100kbp,NGA50,NGA50_norm,auNGA,auNGA_ratio,Duplication_ratio,misassemblies,excess_contigs,contamination_count,full_missed,partial_missed,total_missed,missed_contig_details,all_contigs_coverage
chopper-barbell,100x,AJ292__202310,hac,0.0,0.5,5445109.0,0.9999957760436294,5445086.0,0.9999915520872588,1.0,0,0,0,0,0,0,,"chromosome (5445132bp, 99.9995% cov)"
chopper-barbell,20x,AJ292__202310,hac,0.2,1.38,5439217.0,0.9989137086116552,5433321.1,0.9978309249436008,1.001,2,1,0,0,0,0,,"chromosome (5445132bp, 99.9991% cov)"
chopper-barbell,100x,AJ292__202310,sup,0.0,0.11,5443981.0,0.9997886185311944,5442836.8,0.9995784858842724,1.001,0,1,0,0,0,0,,"chromosome (5445132bp, 99.9999% cov)"
chopper-barbell,20x,AJ292__202310,sup,0.02,0.13,5445131.0,0.999999816349723,5445130.0,0.999999632699446,1.0,0,0,0,0,0,0,,"chromosome (5445132bp, 99.9999% cov)"
chopper-barbell,100x,AMtb_1__202402,hac,0.0,0.32,4405434.0,0.999996595125718,4405419.0,0.9999931902514364,1.0,0,0,0,0,0,0,,"chromosome (4405449bp, 99.9997% cov)"
chopper-barbell,20x,AMtb_1__202402,hac,0.32,1.11,4403696.0,0.9996020836922638,4401943.7,0.9992043262786608,1.0,0,0,0,0,0,0,,"chromosome (4405449bp, 99.9599% cov)"
chopper-barbell,100x,AMtb_1__202402,sup,0.0,0.07,4405446.0,0.9999993190251436,4405443.0,0.9999986380502872,1.0,0,0,0,0,0,0,,"chromosome (4405449bp, 99.9999% cov)"
chopper-barbell,20x,AMtb_1__202402,sup,0.0,0.07,4405446.0,0.9999993190251436,4405443.0,0.9999986380502872,1.0,0,0,0,0,0,0,,"chromosome (4405449bp, 99.9999% cov)"
chopper-barbell,100x,ATCC_10708__202309,hac,0.02,0.58,4752111.0,0.9999985269726046,4703583.4,1.0000057989065751,1.005,0,3,0,0,0,0,,"chromosome (4752118bp, 99.9996% cov); plasmid (49586bp, 99.9919% cov)"
chopper-barbell,20x,ATCC_10708__202309,hac,0.46,1.44,4752120.0,1.0000004208649702,4703569.0,1.000002737393197,1.001,0,1,0,0,0,0,,"chromosome (4752118bp, 99.9994% cov); plasmid (49586bp, 99.996% cov)"
chopper-barbell,100x,ATCC_10708__202309,sup,0.04,0.17,4752114.0,0.9999991582700598,4703584.1,1.000005947730142,1.004,0,2,0,0,0,0,,"chromosome (4752118bp, 99.9999% cov); plasmid (49586bp, 99.9899% cov)"
chopper-barbell,20x,ATCC_10708__202309,sup,1.12,1.33,3054635.0,0.6427944339765974,2435491.4,0.517797882182145,1.002,1,4,0,0,0,0,,"chromosome (4752118bp, 99.96% cov); plasmid (49586bp, 99.9939% cov)"
chopper-barbell,100x,ATCC_17802__202309,hac,0.17,0.29,3281435.0,0.99999756204816,2768249.5,0.9999944881994628,1.0,0,1,0,0,0,0,,"chromosome_1 (3281443bp, 99.9998% cov); chromosome_2 (1865648bp, 99.9996% cov)"
chopper-barbell,20x,ATCC_17802__202309,hac,1.48,1.32,3275975.0,0.9983336599172986,2761294.9,0.997482228496126,1.0,0,1,0,0,0,0,,"chromosome_1 (3281443bp, 99.8299% cov); chromosome_2 (1865648bp, 99.9996% cov)"
chopper-barbell,100x,ATCC_17802__202309,sup,0.0,0.04,3281442.0,0.99999969525602,2768264.2,0.9999997983851874,1.0,0,1,0,0,0,0,,"chromosome_1 (3281443bp, 100% cov); chromosome_2 (1865648bp, 100% cov)"
chopper-barbell,20x,ATCC_17802__202309,sup,0.02,0.14,3281146.0,0.9999094910379368,2767885.4,0.9998629617625744,1.0,0,1,0,0,0,0,,"chromosome_1 (3281443bp, 99.9909% cov); chromosome_2 (1865648bp, 99.9999% cov)"
chopper-barbell,100x,ATCC_19119__202309,hac,0.0,0.17,2919544.0,0.9999982874067194,2919551.4,1.0000008220447747,1.002,0,1,0,0,0,0,,"chromosome (2919549bp, 99.9998% cov)"
chopper-barbell,20x,ATCC_19119__202309,hac,0.0,0.58,2919537.0,0.9999958897761264,2919537.4,0.9999960267835888,1.002,0,1,0,0,0,0,,"chromosome (2919549bp, 99.9995% cov)"
chopper-barbell,100x,ATCC_19119__202309,sup,0.1,0.17,2919533.0,0.999994519701502,2919529.4,0.9999932866343396,1.002,0,1,0,0,0,0,,"chromosome (2919549bp, 99.9995% cov)"
chopper-barbell,20x,ATCC_19119__202309,sup,0.14,0.31,2919537.0,0.9999958897761264,2919537.3,0.9999959925317232,1.002,0,2,0,0,0,0,,"chromosome (2919549bp, 99.9995% cov)"
chopper-barbell,100x,ATCC_25922__202309,hac,0.11,0.19,5132216.0,0.9999992206101844,5056233.6,1.0000102242341704,1.005,1,1,0,0,0,0,,"chromosome (5132220bp, 99.9999% cov); plasmid_1 (48488bp, 98.2511% cov); plasmid_2 (24185bp, 100.0% cov); plasmid_3 (3173bp, 100.0% cov); plasmid_4 (1919bp, 100.0% cov)"
chopper-barbell,20x,ATCC_25922__202309,hac,5.34,5.4,1689127.0,0.3291220953115805,1531130.4,0.3028234404826064,1.007,5,3,0,0,0,0,,"chromosome (5132220bp, 99.9978% cov); plasmid_1 (48488bp, 98.2965% cov); plasmid_2 (24185bp, 100.0% cov); plasmid_3 (3173bp, 100.0% cov); plasmid_4 (1919bp, 100.0% cov)"
chopper-barbell,100x,ATCC_25922__202309,sup,0.0,0.02,5132219.0,0.999999805152546,5056247.4,1.000012953566355,1.006,4,1,0,0,0,0,,"chromosome (5132220bp, 100.0% cov); plasmid_1 (48488bp, 98.2367% cov); plasmid_2 (24185bp, 100.0% cov); plasmid_3 (3173bp, 100.0% cov); plasmid_4 (1919bp, 100.0% cov)"
chopper-barbell,20x,ATCC_25922__202309,sup,0.02,0.12,5132220.0,1.0,5056130.0,0.9999897344650208,1.0,1,0,0,1,0,1,"plasmid_4 (1919bp, 0.0% cov)","chromosome (5132220bp, 100.0% cov); plasmid_1 (48488bp, 98.2305% cov); plasmid_2 (24185bp, 100.0% cov); plasmid_3 (3173bp, 100.0% cov); plasmid_4 (1919bp, 0.0% cov)"
chopper-barbell,100x,ATCC_33560__202309,hac,0.51,0.34,1768447.0,0.999999434532426,1768446.0,0.9999988690648524,1.0,0,0,0,0,0,0,,"chromosome (1768448bp, 99.9998% cov)"
chopper-barbell,20x,ATCC_33560__202309,hac,2.44,3.12,809356.0,0.4576645736826867,798438.0,0.4514907987116386,1.0,1,2,0,0,0,0,,"chromosome (1768448bp, 99.7843% cov)"
chopper-barbell,100x,ATCC_33560__202309,sup,0.51,0.11,1768445.0,0.9999983035972784,1768442.0,0.9999966071945572,1.0,0,0,0,0,0,0,,"chromosome (1768448bp, 99.9998% cov)"
chopper-barbell,20x,ATCC_33560__202309,sup,5.5,2.35,540600.0,0.3056917704111175,615981.1,0.3483173381405616,0.997,3,2,0,0,0,0,,"chromosome (1768448bp, 98.9001% cov)"
chopper-barbell,100x,ATCC_35221__202309,hac,0.33,0.33,1513361.0,0.9999953745552964,1513354.0,0.999990749110593,1.0,0,0,0,0,0,0,,"chromosome (1513368bp, 99.9995% cov)"
chopper-barbell,20x,ATCC_35221__202309,hac,6.74,5.09,1513400.0,1.000021144890073,1513432.0,1.000042289780146,1.0,0,0,0,0,0,0,,"chromosome (1513368bp, 99.9911% cov)"
chopper-barbell,100x,ATCC_35221__202309,sup,1.06,0.59,1500749.0,0.9916616447552744,1488356.2,0.9834727574522522,1.001,0,1,0,0,0,0,,"chromosome (1513368bp, 99.9995% cov)"
chopper-barbell,20x,ATCC_35221__202309,sup,3.84,1.79,1199329.0,0.7924899958238842,989943.4,0.6541326366092054,1.0,1,3,0,0,0,0,,"chromosome (1513368bp, 99.8359% cov)"
chopper-barbell,100x,ATCC_35897__202309,hac,0.07,0.11,2814136.0,0.9999996446512732,2814147.9,1.000003873301122,1.002,0,1,0,0,0,0,,"chromosome (2814137bp, 99.9999% cov)"
chopper-barbell,20x,ATCC_35897__202309,hac,0.35,0.64,2814131.0,0.9999978679076392,2814137.9,1.000000319813854,1.002,0,1,0,0,0,0,,"chromosome (2814137bp, 99.9996% cov)"
chopper-barbell,100x,ATCC_35897__202309,sup,0.04,0.07,2814137.0,1.0,2814149.9,1.0000045839985758,1.002,0,1,0,0,0,0,,"chromosome (2814137bp, 100% cov)"
chopper-barbell,20x,ATCC_35897__202309,sup,0.21,0.11,2814136.0,0.9999996446512732,2814147.9,1.000003873301122,1.002,0,1,0,0,0,0,,"chromosome (2814137bp, 99.9999% cov)"
chopper-barbell,100x,ATCC_BAA-679__202309,hac,0.34,0.81,2944518.0,0.9999959246467178,2944518.3,0.9999960265305498,1.002,0,1,0,0,0,0,,"chromosome (2944530bp, 99.9996% cov)"
chopper-barbell,20x,ATCC_BAA-679__202309,hac,3.35,3.79,1792738.0,0.6088367243668769,1544231.3,0.5244406747426584,1.003,1,1,0,0,0,0,,"chromosome (2944530bp, 99.9984% cov)"
chopper-barbell,100x,ATCC_BAA-679__202309,sup,0.0,0.07,2944530.0,1.0,2944542.3,1.0000041772371142,1.002,0,1,0,0,0,0,,"chromosome (2944530bp, 100% cov)"
chopper-barbell,20x,ATCC_BAA-679__202309,sup,0.07,0.27,2944534.0,1.000001358451094,2944547.7,1.0000060111460911,1.002,0,1,0,0,0,0,,"chromosome (2944530bp, 99.9999% cov)"
chopper-barbell,100x,BPH2947__202310,hac,0.0,0.06,3049601.0,0.9999993441769306,3019813.0,0.9999986948522904,1.0,0,0,0,0,0,0,,"chromosome (3049603bp, 99.9999% cov); plasmid_1 (27319bp, 100.0% cov); plasmid_2 (3011bp, 100.0% cov)"
chopper-barbell,20x,BPH2947__202310,hac,1.1,2.18,1649211.0,0.5407953100780659,1299374.5,0.4302825387281753,1.001,1,2,0,0,0,0,,"chromosome (3049603bp, 99.865% cov); plasmid_1 (27319bp, 99.9963% cov); plasmid_2 (3011bp, 100.0% cov)"
chopper-barbell,100x,BPH2947__202310,sup,1.14,0.26,2933055.0,0.9617825664520924,2795224.8,0.9256272331494546,1.0,1,2,0,0,0,0,,"chromosome (3049603bp, 99.9863% cov); plasmid_1 (27319bp, 98.3857% cov); plasmid_2 (3011bp, 100.0% cov)"
chopper-barbell,20x,BPH2947__202310,sup,1.54,2.03,460813.0,0.1511058980464014,510263.5,0.1689716661365328,1.001,9,8,0,0,0,0,,"chromosome (3049603bp, 99.4045% cov); plasmid_1 (27319bp, 100.0% cov); plasmid_2 (3011bp, 100.0% cov)"
chopper-barbell,100x,MMC234__202311,hac,0.54,0.63,2204980.0,0.999997732410878,2204990.6,1.000002539699817,1.003,0,1,0,0,0,0,,"chromosome (2204985bp, 99.9995% cov)"
chopper-barbell,20x,MMC234__202311,hac,1.54,2.99,2205015.0,1.0000136055347315,2205060.6,1.0000342859475235,1.003,0,1,0,0,0,0,,"chromosome (2204985bp, 99.999% cov)"
chopper-barbell,100x,MMC234__202311,sup,0.18,0.41,2204967.0,0.999991836679161,2204965.1,0.9999909749952948,1.003,0,1,0,0,0,0,,"chromosome (2204985bp, 99.9991% cov)"
chopper-barbell,20x,MMC234__202311,sup,0.68,1.41,2125387.0,0.963900888214659,2050166.1,0.9297868692984308,1.0,0,2,0,0,0,0,,"chromosome (2204985bp, 99.5793% cov)"
chopper-barbell,100x,RDH275__202311,hac,0.06,0.28,1793504.0,0.999998327299531,1793522.1,1.0000084192590273,1.003,0,2,0,0,0,0,,"chromosome (1793507bp, 99.9998% cov)"
chopper-barbell,20x,RDH275__202311,hac,2.1,4.59,1498454.0,0.8354882361763851,1277970.9,0.7125541745864387,1.009,2,5,0,0,0,0,,"chromosome (1793507bp, 99.936% cov)"
chopper-barbell,100x,RDH275__202311,sup,0.0,0.11,1793505.0,0.999998884866354,1793524.1,1.0000095343926731,1.003,0,2,0,0,0,0,,"chromosome (1793507bp, 99.9999% cov)"
chopper-barbell,20x,RDH275__202311,sup,0.44,0.78,1794432.0,1.0005157493112655,1795377.3,1.001042817229038,1.004,0,2,0,0,0,0,,"chromosome (1793507bp, 99.9997% cov)"
chopper-dorado,100x,AJ292__202310,hac,0.0,0.53,5445105.0,0.9999950414425216,5445078.0,0.999990082885043,1.0,0,0,0,0,0,0,,"chromosome (5445132bp, 99.9995% cov)"
chopper-dorado,20x,AJ292__202310,hac,0.13,1.08,5445112.0,0.9999963269944604,5445092.0,0.9999926539889208,1.0,0,0,0,0,0,0,,"chromosome (5445132bp, 99.9993% cov)"
chopper-dorado,100x,AJ292__202310,sup,0.0,0.06,5445131.0,0.999999816349723,5445130.0,0.999999632699446,1.0,0,0,0,0,0,0,,"chromosome (5445132bp, 100% cov)"
chopper-dorado,20x,AJ292__202310,sup,0.02,0.15,5445124.0,0.999998530797784,5445116.0,0.9999970615955684,1.0,0,0,0,0,0,0,,"chromosome (5445132bp, 99.9998% cov)"
chopper-dorado,100x,AMtb_1__202402,hac,0.0,0.34,4405433.0,0.9999963681340994,4405417.0,0.9999927362681988,1.0,0,0,0,0,0,0,,"chromosome (4405449bp, 99.9996% cov)"
chopper-dorado,20x,AMtb_1__202402,hac,0.2,0.73,4405435.0,0.999996822117337,4405421.0,0.999993644234674,1.0,0,0,0,0,0,0,,"chromosome (4405449bp, 99.9995% cov)"
chopper-dorado,100x,AMtb_1__202402,sup,0.0,0.07,4405446.0,0.9999993190251436,4405443.0,0.9999986380502872,1.0,0,0,0,0,0,0,,"chromosome (4405449bp, 99.9999% cov)"
chopper-dorado,20x,AMtb_1__202402,sup,0.11,0.25,4405441.0,0.9999981840670495,4405433.0,0.9999963681340994,1.0,0,0,0,0,0,0,,"chromosome (4405449bp, 99.9997% cov)"
chopper-dorado,100x,ATCC_10708__202309,hac,0.19,0.54,4752104.0,0.9999970539452092,4703564.4,1.0000017594097568,1.004,0,3,0,0,0,0,,"chromosome (4752118bp, 99.9997% cov); plasmid (49586bp, 99.996% cov)"
chopper-dorado,20x,ATCC_10708__202309,hac,0.39,2.03,3054624.0,0.6427921192192618,2435490.0,0.517797584535011,1.004,2,9,0,0,0,0,,"chromosome (4752118bp, 99.9602% cov); plasmid (49586bp, 99.998% cov)"
chopper-dorado,100x,ATCC_10708__202309,sup,0.08,0.17,4752112.0,0.9999987374050896,4703580.1,1.0000050973097592,1.004,0,3,0,0,0,0,,"chromosome (4752118bp, 99.9999% cov); plasmid (49586bp, 99.9899% cov)"
chopper-dorado,20x,ATCC_10708__202309,sup,0.17,0.31,4752112.0,0.9999987374050896,4703553.3,0.9999993994931944,1.002,0,2,0,0,0,0,,"chromosome (4752118bp, 99.9998% cov); plasmid (49586bp, 99.996% cov)"
chopper-dorado,100x,ATCC_17802__202309,hac,0.21,0.23,3281435.0,0.99999756204816,2768250.9,0.9999949939314364,1.0,0,1,0,0,0,0,,"chromosome_1 (3281443bp, 99.9998% cov); chromosome_2 (1865648bp, 99.9997% cov)"
chopper-dorado,20x,ATCC_17802__202309,hac,0.82,0.6,3281446.0,1.00000091423194,2768266.4,1.0000005931068603,1.0,0,1,0,0,0,0,,"chromosome_1 (3281443bp, 99.9997% cov); chromosome_2 (1865648bp, 99.9996% cov)"
chopper-dorado,100x,ATCC_17802__202309,sup,0.02,0.04,3281442.0,0.99999969525602,2768264.2,0.9999997983851874,1.0,0,1,0,0,0,0,,"chromosome_1 (3281443bp, 100% cov); chromosome_2 (1865648bp, 100% cov)"
chopper-dorado,20x,ATCC_17802__202309,sup,0.74,0.33,3269984.0,0.9965079387330512,2753677.8,0.9947306491980664,1.0,0,1,0,0,0,0,,"chromosome_1 (3281443bp, 99.6443% cov); chromosome_2 (1865648bp, 99.9998% cov)"
chopper-dorado,100x,ATCC_19119__202309,hac,0.07,0.24,2919541.0,0.9999972598507508,2919545.4,0.9999987669328378,1.002,0,2,0,0,0,0,,"chromosome (2919549bp, 99.9997% cov)"
chopper-dorado,20x,ATCC_19119__202309,hac,0.31,1.2,2919552.0,1.0000010275559683,2919567.4,1.0000063023432728,1.002,0,2,0,0,0,0,,"chromosome (2919549bp, 99.9993% cov)"
chopper-dorado,100x,ATCC_19119__202309,sup,0.0,0.27,2919530.0,0.9999934921455336,2919523.4,0.9999912315224028,1.002,0,1,0,0,0,0,,"chromosome (2919549bp, 99.9993% cov)"
chopper-dorado,20x,ATCC_19119__202309,sup,0.0,0.41,2919535.0,0.999995204738814,2919532.3,0.9999942799384424,1.002,0,1,0,0,0,0,,"chromosome (2919549bp, 99.9995% cov)"
chopper-dorado,100x,ATCC_25922__202309,hac,0.1,0.4,5132208.0,0.9999976618305528,5056220.1,1.0000075542352946,1.006,4,1,0,0,0,0,,"chromosome (5132220bp, 99.9997% cov); plasmid_1 (48488bp, 98.2346% cov); plasmid_2 (24185bp, 100.0% cov); plasmid_3 (3173bp, 100.0% cov); plasmid_4 (1919bp, 100.0% cov)"
chopper-dorado,20x,ATCC_25922__202309,hac,0.83,1.78,5132216.0,0.9999992206101844,5056122.5,0.9999882511323122,1.0,0,1,0,0,0,0,,"chromosome (5132220bp, 99.9984% cov); plasmid_1 (48488bp, 98.2367% cov); plasmid_2 (24185bp, 100.0% cov); plasmid_3 (3173bp, 100.0% cov); plasmid_4 (1919bp, 98.3325% cov)"
chopper-dorado,100x,ATCC_25922__202309,sup,0.25,0.36,5132220.0,1.0,5056240.9,1.0000116680113404,1.005,1,0,0,1,0,1,"plasmid_4 (1919bp, 0.0% cov)","chromosome (5132220bp, 100.0% cov); plasmid_1 (48488bp, 98.3315% cov); plasmid_2 (24185bp, 100.0% cov); plasmid_3 (3173bp, 100.0% cov); plasmid_4 (1919bp, 0.0% cov)"
chopper-dorado,20x,ATCC_25922__202309,sup,0.02,0.15,5132221.0,1.000000194847454,5056244.3,1.0000123404555017,1.005,2,1,0,0,0,0,,"chromosome (5132220bp, 99.9999% cov); plasmid_1 (48488bp, 98.2367% cov); plasmid_2 (24185bp, 100.0% cov); plasmid_3 (3173bp, 100.0% cov); plasmid_4 (1919bp, 90.9849% cov)"
chopper-dorado,100x,ATCC_33560__202309,hac,0.57,0.23,1768446.0,0.9999988690648524,1768444.0,0.9999977381297048,1.0,0,0,0,0,0,0,,"chromosome (1768448bp, 99.9998% cov)"
chopper-dorado,20x,ATCC_33560__202309,hac,2.15,1.47,1768458.0,1.0000056546757383,1768468.0,1.0000113093514766,1.0,0,0,0,0,0,0,,"chromosome (1768448bp, 99.9995% cov)"
chopper-dorado,100x,ATCC_33560__202309,sup,0.34,0.11,1768447.0,0.999999434532426,1768446.0,0.9999988690648524,1.0,0,0,0,0,0,0,,"chromosome (1768448bp, 99.9999% cov)"
chopper-dorado,20x,ATCC_33560__202309,sup,2.49,0.62,1768452.0,1.0000022618702953,1768456.0,1.0000045237405906,1.0,0,0,0,0,0,0,,"chromosome (1768448bp, 99.9998% cov)"
chopper-dorado,100x,ATCC_35221__202309,hac,0.26,0.33,1513363.0,0.999996696110926,1513358.0,0.9999933922218522,1.0,0,0,0,0,0,0,,"chromosome (1513368bp, 99.9996% cov)"
chopper-dorado,20x,ATCC_35221__202309,hac,2.58,1.85,1513384.0,1.0000105724450363,1513400.0,1.000021144890073,1.0,0,0,0,0,0,0,,"chromosome (1513368bp, 99.9995% cov)"
chopper-dorado,100x,ATCC_35221__202309,sup,1.32,0.33,1513361.0,0.9999953745552964,1513354.0,0.999990749110593,1.0,0,0,0,0,0,0,,"chromosome (1513368bp, 99.9995% cov)"
chopper-dorado,20x,ATCC_35221__202309,sup,2.05,1.45,1513379.0,1.000007268555963,1513390.0,1.0000145371119251,1.0,0,0,0,0,0,0,,"chromosome (1513368bp, 99.9995% cov)"
chopper-dorado,100x,ATCC_35897__202309,hac,0.14,0.11,2814133.0,0.9999985786050928,2814141.9,1.0000017412087614,1.002,0,1,0,0,0,0,,"chromosome (2814137bp, 99.9999% cov)"
chopper-dorado,20x,ATCC_35897__202309,hac,0.74,1.03,2814134.0,0.9999989339538196,2814143.9,1.000002451906215,1.002,0,1,0,0,0,0,,"chromosome (2814137bp, 99.9995% cov)"
chopper-dorado,100x,ATCC_35897__202309,sup,0.0,0.07,2814135.0,0.9999992893025464,2814145.9,1.0000031626036685,1.002,0,1,0,0,0,0,,"chromosome (2814137bp, 99.9999% cov)"
chopper-dorado,20x,ATCC_35897__202309,sup,0.32,0.53,2814133.0,0.9999985786050928,2814141.6,1.0000016346041434,1.002,0,1,0,0,0,0,,"chromosome (2814137bp, 99.9999% cov)"
chopper-dorado,100x,ATCC_BAA-679__202309,hac,0.1,0.2,2944524.0,0.9999979623233588,2944530.3,1.000000101883832,1.002,0,1,0,0,0,0,,"chromosome (2944530bp, 99.9998% cov)"
chopper-dorado,20x,ATCC_BAA-679__202309,hac,1.22,1.79,2944568.0,1.0000129052853937,2944618.7,1.000030123653011,1.003,0,2,0,0,0,0,,"chromosome (2944530bp, 99.9995% cov)"
chopper-dorado,100x,ATCC_BAA-679__202309,sup,0.14,0.07,2944528.0,0.999999320774453,2944538.3,1.0000028187860202,1.002,0,1,0,0,0,0,,"chromosome (2944530bp, 99.9999% cov)"
chopper-dorado,20x,ATCC_BAA-679__202309,sup,0.03,0.24,2945470.0,1.0003192360071047,2946410.3,1.0006385738980417,1.0,0,0,0,0,0,0,,"chromosome (2944530bp, 99.9998% cov)"
chopper-dorado,100x,BPH2947__202310,hac,0.0,0.19,3049601.0,0.9999993441769306,3020032.1,1.0000712489190626,1.009,0,1,0,0,0,0,,"chromosome (3049603bp, 99.9999% cov); plasmid_1 (27319bp, 99.9963% cov); plasmid_2 (3011bp, 100.0% cov)"
chopper-dorado,20x,BPH2947__202310,hac,0.13,0.65,3049608.0,1.0000016395576736,3019826.7,1.0000032315511256,1.0,0,0,0,0,0,0,,"chromosome (3049603bp, 99.9998% cov); plasmid_1 (27319bp, 99.9707% cov); plasmid_2 (3011bp, 100.0% cov)"
chopper-dorado,100x,BPH2947__202310,sup,0.0,0.1,3049603.0,1.0,3019816.9,0.9999999863213016,1.0,0,0,0,0,0,0,,"chromosome (3049603bp, 100.0% cov); plasmid_1 (27319bp, 99.9963% cov); plasmid_2 (3011bp, 100.0% cov)"
chopper-dorado,20x,BPH2947__202310,sup,0.0,0.1,3049603.0,1.0,3019821.3,1.0000014433632634,1.001,1,0,0,0,0,0,,"chromosome (3049603bp, 100.0% cov); plasmid_1 (27319bp, 99.9707% cov); plasmid_2 (3011bp, 100.0% cov)"
chopper-dorado,100x,MMC234__202311,hac,0.9,0.95,2204971.0,0.9999936507504588,2204973.0,0.9999945577861074,1.003,0,1,0,0,0,0,,"chromosome (2204985bp, 99.9991% cov)"
chopper-dorado,20x,MMC234__202311,hac,1.27,2.76,2204998.0,1.000005895731717,2205026.6,1.0000188663414944,1.003,0,1,0,0,0,0,,"chromosome (2204985bp, 99.9987% cov)"
chopper-dorado,100x,MMC234__202311,sup,0.14,0.27,2204969.0,0.9999927437148098,2204968.9,0.9999926983630274,1.003,0,1,0,0,0,0,,"chromosome (2204985bp, 99.9993% cov)"
chopper-dorado,20x,MMC234__202311,sup,0.5,0.73,2204979.0,0.9999972788930536,2204973.0,0.9999945577861074,1.0,0,0,0,0,0,0,,"chromosome (2204985bp, 99.9993% cov)"
chopper-dorado,100x,RDH275__202311,hac,0.0,0.33,1793501.0,0.999996654599062,1793516.1,1.0000050738580892,1.003,0,2,0,0,0,0,,"chromosome (1793507bp, 99.9997% cov)"
chopper-dorado,20x,RDH275__202311,hac,1.73,2.45,1790458.0,0.998299978756704,1787434.8,0.9966143427374412,1.003,0,2,0,0,0,0,,"chromosome (1793507bp, 99.9018% cov)"
chopper-dorado,100x,RDH275__202311,sup,0.0,0.06,1793506.0,0.999999442433177,1793505.0,0.999998884866354,1.0,0,1,0,0,0,0,,"chromosome (1793507bp, 99.9999% cov)"
chopper-dorado,20x,RDH275__202311,sup,0.11,0.89,1793501.0,0.999996654599062,1793511.0,1.000002230267292,1.003,0,2,0,0,0,0,,"chromosome (1793507bp, 99.9997% cov)"
chopper-porechop_abi,100x,AJ292__202310,hac,0.0,0.5,5445107.0,0.9999954087430756,5445082.0,0.9999908174861508,1.0,0,0,0,0,0,0,,"chromosome (5445132bp, 99.9995% cov)"
chopper-porechop_abi,20x,AJ292__202310,hac,0.06,0.97,5445095.0,0.9999932049397516,5445058.0,0.9999864098795034,1.0,0,0,0,0,0,0,,"chromosome (5445132bp, 99.9992% cov)"
chopper-porechop_abi,100x,AJ292__202310,sup,0.0,0.04,5445130.0,0.999999632699446,5445128.0,0.999999265398892,1.0,0,0,0,0,0,0,,"chromosome (5445132bp, 100% cov)"
chopper-porechop_abi,20x,AJ292__202310,sup,0.0,0.13,5439250.0,0.9989197690707956,5433387.1,0.9978430458618816,1.001,2,1,0,0,0,0,,"chromosome (5445132bp, 100% cov)"
chopper-porechop_abi,100x,AMtb_1__202402,hac,0.02,0.34,4405434.0,0.999996595125718,4405419.7,0.9999933491455696,1.0,0,1,0,0,0,0,,"chromosome (4405449bp, 99.9997% cov)"
chopper-porechop_abi,20x,AMtb_1__202402,hac,0.25,0.91,4405441.0,0.9999981840670495,4405433.0,0.9999963681340994,1.0,0,0,0,0,0,0,,"chromosome (4405449bp, 99.9994% cov)"
chopper-porechop_abi,100x,AMtb_1__202402,sup,0.0,0.07,4405448.0,0.9999997730083812,4405447.0,0.9999995460167624,1.0,0,0,0,0,0,0,,"chromosome (4405449bp, 100% cov)"
chopper-porechop_abi,20x,AMtb_1__202402,sup,0.0,0.09,4405447.0,0.9999995460167624,4405445.0,0.9999990920335248,1.0,0,0,0,0,0,0,,"chromosome (4405449bp, 99.9999% cov)"
chopper-porechop_abi,100x,ATCC_10708__202309,hac,0.0,0.46,4752098.0,0.9999957913502988,4703552.4,0.9999992081486084,1.004,0,3,0,0,0,0,,"chromosome (4752118bp, 99.9996% cov); plasmid (49586bp, 99.9939% cov)"
chopper-porechop_abi,20x,ATCC_10708__202309,hac,0.42,1.75,3054608.0,0.6427887522995009,2435474.8,0.5177943529375563,1.002,1,6,0,0,0,0,,"chromosome (4752118bp, 99.9622% cov); plasmid (49586bp, 99.9939% cov)"
chopper-porechop_abi,100x,ATCC_10708__202309,sup,0.02,0.21,4752112.0,0.9999987374050896,4703580.1,1.0000050973097592,1.004,0,3,0,0,0,0,,"chromosome (4752118bp, 99.9999% cov); plasmid (49586bp, 99.9899% cov)"
chopper-porechop_abi,20x,ATCC_10708__202309,sup,0.17,0.31,4752114.0,0.9999991582700598,4703583.4,1.0000057989065751,1.004,0,4,0,0,0,0,,"chromosome (4752118bp, 99.9998% cov); plasmid (49586bp, 99.9879% cov)"
chopper-porechop_abi,100x,ATCC_17802__202309,hac,0.19,0.33,3281434.0,0.99999725730418,2768246.8,0.9999935128592276,1.0,0,1,0,0,0,0,,"chromosome_1 (3281443bp, 99.9997% cov); chromosome_2 (1865648bp, 99.9995% cov)"
chopper-porechop_abi,20x,ATCC_17802__202309,hac,0.95,0.76,3281443.0,1.0,2768263.3,0.9999994732717756,1.0,0,1,0,0,0,0,,"chromosome_1 (3281443bp, 99.9997% cov); chromosome_2 (1865648bp, 99.9994% cov)"
chopper-porechop_abi,100x,ATCC_17802__202309,sup,0.0,0.04,3281442.0,0.99999969525602,2768264.2,0.9999997983851874,1.0,0,1,0,0,0,0,,"chromosome_1 (3281443bp, 100% cov); chromosome_2 (1865648bp, 100% cov)"
chopper-porechop_abi,20x,ATCC_17802__202309,sup,0.12,0.19,3280250.0,0.9996364404318466,2766743.9,0.9994506095854024,1.0,0,1,0,0,0,0,,"chromosome_1 (3281443bp, 99.9636% cov); chromosome_2 (1865648bp, 99.9999% cov)"
chopper-porechop_abi,100x,ATCC_19119__202309,hac,0.0,0.31,2919538.0,0.9999962322947824,2919539.4,0.9999967118209012,1.002,0,1,0,0,0,0,,"chromosome (2919549bp, 99.9996% cov)"
chopper-porechop_abi,20x,ATCC_19119__202309,hac,0.03,0.48,2919536.0,0.9999955472574702,2919535.4,0.9999953417462766,1.002,0,2,0,0,0,0,,"chromosome (2919549bp, 99.9995% cov)"
chopper-porechop_abi,100x,ATCC_19119__202309,sup,0.0,0.24,2919530.0,0.9999934921455336,2919511.0,0.9999869842910668,1.0,0,1,0,0,0,0,,"chromosome (2919549bp, 99.9993% cov)"
chopper-porechop_abi,20x,ATCC_19119__202309,sup,0.17,0.55,2919533.0,0.999994519701502,2919526.8,0.9999923960858338,1.002,0,2,0,0,0,0,,"chromosome (2919549bp, 99.9994% cov)"
chopper-porechop_abi,100x,ATCC_25922__202309,hac,0.08,0.38,5132213.0,0.9999986360678224,5056226.9,1.0000088991236171,1.005,1,0,0,1,0,1,"plasmid_4 (1919bp, 0.0% cov)","chromosome (5132220bp, 99.9998% cov); plasmid_1 (48488bp, 98.2552% cov); plasmid_2 (24185bp, 100.0% cov); plasmid_3 (3173bp, 100.0% cov); plasmid_4 (1919bp, 0.0% cov)"
chopper-porechop_abi,20x,ATCC_25922__202309,hac,1.9,1.96,5127236.0,0.9990288802896212,5046316.1,0.9980487639490202,1.001,2,0,0,1,0,1,"plasmid_4 (1919bp, 0.0% cov)","chromosome (5132220bp, 99.9018% cov); plasmid_1 (48488bp, 98.2367% cov); plasmid_2 (24185bp, 100.0% cov); plasmid_3 (3173bp, 100.0% cov); plasmid_4 (1919bp, 0.0% cov)"
chopper-porechop_abi,100x,ATCC_25922__202309,sup,0.0,0.04,5132219.0,0.999999805152546,5056240.7,1.0000116284558014,1.005,1,1,0,0,0,0,,"chromosome (5132220bp, 100.0% cov); plasmid_1 (48488bp, 98.3315% cov); plasmid_2 (24185bp, 100.0% cov); plasmid_3 (3173bp, 100.0% cov); plasmid_4 (1919bp, 100.0% cov)"
chopper-porechop_abi,20x,ATCC_25922__202309,sup,0.02,0.08,5132221.0,1.000000194847454,5056140.6,0.9999918309085823,1.002,3,1,0,0,0,0,,"chromosome (5132220bp, 100.0% cov); plasmid_1 (48488bp, 98.3295% cov); plasmid_2 (24185bp, 100.0% cov); plasmid_3 (3173bp, 100.0% cov); plasmid_4 (1919bp, 100.0% cov)"
chopper-porechop_abi,100x,ATCC_33560__202309,hac,0.57,0.45,1768449.0,1.000000565467574,1768450.0,1.0000011309351478,1.0,0,0,0,0,0,0,,"chromosome (1768448bp, 99.9998% cov)"
chopper-porechop_abi,20x,ATCC_33560__202309,hac,3.22,3.22,1768481.0,1.0000186604299364,1768514.0,1.0000373208598723,1.0,0,0,0,0,0,0,,"chromosome (1768448bp, 99.9993% cov)"
chopper-porechop_abi,100x,ATCC_33560__202309,sup,0.28,0.11,1768445.0,0.9999983035972784,1768442.0,0.9999966071945572,1.0,0,0,0,0,0,0,,"chromosome (1768448bp, 99.9998% cov)"
chopper-porechop_abi,20x,ATCC_33560__202309,sup,1.87,0.57,1768455.0,1.0000039582730167,1768462.0,1.0000079165460336,1.0,0,0,0,0,0,0,,"chromosome (1768448bp, 99.9999% cov)"
chopper-porechop_abi,100x,ATCC_35221__202309,hac,0.53,0.33,1513364.0,0.9999973568887408,1513360.0,0.9999947137774816,1.0,0,0,0,0,0,0,,"chromosome (1513368bp, 99.9997% cov)"
chopper-porechop_abi,20x,ATCC_35221__202309,hac,2.11,1.52,1513373.0,1.000003303889074,1513378.0,1.0000066077781478,1.0,0,0,0,0,0,0,,"chromosome (1513368bp, 99.9994% cov)"
chopper-porechop_abi,100x,ATCC_35221__202309,sup,0.93,0.26,1513363.0,0.999996696110926,1513358.0,0.9999933922218522,1.0,0,0,0,0,0,0,,"chromosome (1513368bp, 99.9996% cov)"
chopper-porechop_abi,20x,ATCC_35221__202309,sup,2.91,1.52,1513383.0,1.0000099116672216,1513398.0,1.0000198233344435,1.0,0,0,0,0,0,0,,"chromosome (1513368bp, 99.9997% cov)"
chopper-porechop_abi,100x,ATCC_35897__202309,hac,0.11,0.11,2814134.0,0.9999989339538196,2814143.9,1.000002451906215,1.002,0,1,0,0,0,0,,"chromosome (2814137bp, 99.9999% cov)"
chopper-porechop_abi,20x,ATCC_35897__202309,hac,0.43,0.5,2814136.0,0.9999996446512732,2814147.9,1.000003873301122,1.002,0,1,0,0,0,0,,"chromosome (2814137bp, 99.9998% cov)"
chopper-porechop_abi,100x,ATCC_35897__202309,sup,0.0,0.07,2814137.0,1.0,2814137.0,1.0,1.0,0,0,0,0,0,0,,"chromosome (2814137bp, 100% cov)"
chopper-porechop_abi,20x,ATCC_35897__202309,sup,0.04,0.14,2814134.0,0.9999989339538196,2814143.8,1.000002416371342,1.002,0,1,0,0,0,0,,"chromosome (2814137bp, 99.9999% cov)"
chopper-porechop_abi,100x,ATCC_BAA-679__202309,hac,0.03,0.31,2944524.0,0.9999979623233588,2944530.3,1.000000101883832,1.002,0,1,0,0,0,0,,"chromosome (2944530bp, 99.9998% cov)"
chopper-porechop_abi,20x,ATCC_BAA-679__202309,hac,1.12,2.38,530843.0,0.1802810635313615,939201.9,0.3189649621501564,1.0,2,2,0,0,0,0,,"chromosome (2944530bp, 99.794% cov)"
chopper-porechop_abi,100x,ATCC_BAA-679__202309,sup,0.14,0.03,2944529.0,0.9999996603872264,2944540.3,1.000003498011567,1.002,0,1,0,0,0,0,,"chromosome (2944530bp, 100% cov)"
chopper-porechop_abi,20x,ATCC_BAA-679__202309,sup,0.0,0.27,2944529.0,0.9999996603872264,2944536.7,1.0000022754055826,1.002,0,1,0,0,0,0,,"chromosome (2944530bp, 99.9999% cov)"
chopper-porechop_abi,100x,BPH2947__202310,hac,0.81,0.29,3049600.0,0.999999016265396,3020025.9,1.0000691958144805,1.008,0,1,0,0,0,0,,"chromosome (3049603bp, 99.9999% cov); plasmid_1 (27319bp, 99.9963% cov); plasmid_2 (3011bp, 53.7695% cov)"
chopper-porechop_abi,20x,BPH2947__202310,hac,0.16,0.52,3049604.0,1.0000003279115348,3019819.4,1.0000008141860526,1.001,1,0,0,0,0,0,,"chromosome (3049603bp, 99.9998% cov); plasmid_1 (27319bp, 99.9963% cov); plasmid_2 (3011bp, 84.2909% cov)"
chopper-porechop_abi,100x,BPH2947__202310,sup,0.0,0.03,3049603.0,1.0,3019816.9,0.9999999863213016,1.0,0,0,0,0,0,0,,"chromosome (3049603bp, 100.0% cov); plasmid_1 (27319bp, 99.9963% cov); plasmid_2 (3011bp, 100.0% cov)"
chopper-porechop_abi,20x,BPH2947__202310,sup,0.03,0.1,3049605.0,1.0000006558230694,3019824.7,1.0000025692593248,1.001,0,0,0,0,0,0,,"chromosome (3049603bp, 100.0% cov); plasmid_1 (27319bp, 99.9963% cov); plasmid_2 (3011bp, 100.0% cov)"
chopper-porechop_abi,100x,MMC234__202311,hac,0.45,0.9,2204976.0,0.9999959183395806,2204982.6,0.9999989115572216,1.003,0,1,0,0,0,0,,"chromosome (2204985bp, 99.9993% cov)"
chopper-porechop_abi,20x,MMC234__202311,hac,1.79,3.07,2183624.0,0.9903124057533272,2162469.9,0.9807186443445192,1.0,0,0,0,0,0,0,,"chromosome (2204985bp, 99.8905% cov)"
chopper-porechop_abi,100x,MMC234__202311,sup,0.18,0.45,2204971.0,0.9999936507504588,2204973.0,0.9999945577861074,1.003,0,1,0,0,0,0,,"chromosome (2204985bp, 99.9993% cov)"
chopper-porechop_abi,20x,MMC234__202311,sup,0.54,0.9,2204990.0,1.000002267589122,2205010.9,1.0000117461116516,1.003,0,1,0,0,0,0,,"chromosome (2204985bp, 99.9996% cov)"
chopper-porechop_abi,100x,RDH275__202311,hac,0.0,0.28,1793502.0,0.999997212165885,1793518.1,1.000006188991735,1.003,0,2,0,0,0,0,,"chromosome (1793507bp, 99.9997% cov)"
chopper-porechop_abi,20x,RDH275__202311,hac,0.11,0.95,1793497.0,0.99999442433177,1793487.0,0.9999888486635402,1.0,0,1,0,0,0,0,,"chromosome (1793507bp, 99.9992% cov)"
chopper-porechop_abi,100x,RDH275__202311,sup,0.0,0.11,1793504.0,0.999998327299531,1793522.1,1.0000084192590273,1.003,0,2,0,0,0,0,,"chromosome (1793507bp, 99.9998% cov)"
chopper-porechop_abi,20x,RDH275__202311,sup,0.11,0.72,1793497.0,0.99999442433177,1793487.0,0.9999888486635402,1.0,0,1,0,0,0,0,,"chromosome (1793507bp, 99.9991% cov)"
chopper-untrimmed,100x,AJ292__202310,hac,0.0,0.51,5445104.0,0.9999948577922444,5445076.0,0.999989715584489,1.0,0,0,0,0,0,0,,"chromosome (5445132bp, 99.9995% cov)"
chopper-untrimmed,20x,AJ292__202310,hac,0.11,0.75,5445103.0,0.9999946741419676,5445074.0,0.999989348283935,1.0,0,0,0,0,0,0,,"chromosome (5445132bp, 99.9993% cov)"
chopper-untrimmed,100x,AJ292__202310,sup,0.0,0.04,5445130.0,0.999999632699446,5445128.0,0.999999265398892,1.0,0,0,0,0,0,0,,"chromosome (5445132bp, 100% cov)"
chopper-untrimmed,20x,AJ292__202310,sup,0.04,0.18,5445129.0,0.999999449049169,5445126.0,0.999998898098338,1.0,0,0,0,0,0,0,,"chromosome (5445132bp, 99.9999% cov)"
chopper-untrimmed,100x,AMtb_1__202402,hac,0.0,0.34,4405436.0,0.9999970491089556,4405423.0,0.9999940982179116,1.0,0,0,0,0,0,0,,"chromosome (4405449bp, 99.9997% cov)"
chopper-untrimmed,20x,AMtb_1__202402,hac,0.07,0.84,4405441.0,0.9999981840670495,4405433.0,0.9999963681340994,1.0,0,0,0,0,0,0,,"chromosome (4405449bp, 99.9995% cov)"
chopper-untrimmed,100x,AMtb_1__202402,sup,0.0,0.05,4405447.0,0.9999995460167624,4405445.0,0.9999990920335248,1.0,0,0,0,0,0,0,,"chromosome (4405449bp, 100% cov)"
chopper-untrimmed,20x,AMtb_1__202402,sup,0.09,0.2,4405450.0,1.0000002269916188,4405482.1,1.000007513422582,1.003,0,1,0,0,0,0,,"chromosome (4405449bp, 100% cov)"
chopper-untrimmed,100x,ATCC_10708__202309,hac,0.02,0.35,4752101.0,0.999996422647754,4703558.4,1.0000004837791825,1.004,0,3,1,0,0,0,,"chromosome (4752118bp, 99.9996% cov); plasmid (49586bp, 99.9939% cov)"
chopper-untrimmed,20x,ATCC_10708__202309,hac,1.78,2.98,4752129.0,1.0000023147573356,4703537.2,0.9999959765511536,1.005,1,4,1,0,0,0,,"chromosome (4752118bp, 99.9995% cov); plasmid (49586bp, 99.998% cov)"
chopper-untrimmed,100x,ATCC_10708__202309,sup,0.06,0.19,4752110.0,0.9999983165401196,4703576.2,1.0000042681498862,1.004,0,3,1,0,0,0,,"chromosome (4752118bp, 99.9998% cov); plasmid (49586bp, 99.9899% cov)"
chopper-untrimmed,20x,ATCC_10708__202309,sup,1.44,0.98,4744590.0,0.998415864252529,4688677.4,0.9968367073500184,1.0,2,2,0,0,0,0,,"chromosome (4752118bp, 99.9999% cov); plasmid (49586bp, 99.9919% cov)"
chopper-untrimmed,100x,ATCC_17802__202309,hac,0.17,0.25,3281436.0,0.99999786679214,2768252.9,0.9999957164056849,1.0,0,1,1,0,0,0,,"chromosome_1 (3281443bp, 99.9998% cov); chromosome_2 (1865648bp, 99.9997% cov)"
chopper-untrimmed,20x,ATCC_17802__202309,hac,1.9,2.02,3281487.0,1.0000134087351205,2768320.9,1.0000202805301244,1.0,0,1,1,0,0,0,,"chromosome_1 (3281443bp, 99.9889% cov); chromosome_2 (1865648bp, 99.9997% cov)"
chopper-untrimmed,100x,ATCC_17802__202309,sup,0.02,0.08,3281442.0,0.99999969525602,2768269.0,1.000001532323383,1.001,0,2,0,0,0,0,,"chromosome_1 (3281443bp, 99.9999% cov); chromosome_2 (1865648bp, 99.9999% cov)"
chopper-untrimmed,20x,ATCC_17802__202309,sup,0.04,0.08,3278475.0,0.9990955198673268,2764481.3,0.9986332744683908,1.0,0,1,0,0,0,0,,"chromosome_1 (3281443bp, 99.9095% cov); chromosome_2 (1865648bp, 99.9999% cov)"
chopper-untrimmed,100x,ATCC_19119__202309,hac,0.03,0.21,2919541.0,0.9999972598507508,2919545.5,0.9999988011847036,1.002,0,2,1,0,0,0,,"chromosome (2919549bp, 99.9997% cov)"
chopper-untrimmed,20x,ATCC_19119__202309,hac,0.14,0.65,2919545.0,0.9999986299253756,2919551.5,1.0000008562966405,1.002,0,2,1,0,0,0,,"chromosome (2919549bp, 99.9997% cov)"
chopper-untrimmed,100x,ATCC_19119__202309,sup,0.03,0.24,2919533.0,0.999994519701502,2919525.9,0.9999920878190433,1.002,0,2,0,0,0,0,,"chromosome (2919549bp, 99.9994% cov)"
chopper-untrimmed,20x,ATCC_19119__202309,sup,0.03,0.38,2919535.0,0.999995204738814,2919533.4,0.9999946567089644,1.002,0,2,1,0,0,0,,"chromosome (2919549bp, 99.9995% cov)"
chopper-untrimmed,100x,ATCC_25922__202309,hac,1.61,3.99,5132207.0,0.9999974669830988,5056659.7,1.0000944973097947,1.014,1,2,0,0,0,0,,"chromosome (5132220bp, 99.9996% cov); plasmid_1 (48488bp, 100.0% cov); plasmid_2 (24185bp, 100.0% cov); plasmid_3 (3173bp, 100.0% cov); plasmid_4 (1919bp, 100.0% cov)"
chopper-untrimmed,20x,ATCC_25922__202309,hac,0.96,2.01,5132233.0,1.0000025330169011,5056155.9,0.9999948569073084,1.001,1,0,0,1,0,1,"plasmid_4 (1919bp, 0.0% cov)","chromosome (5132220bp, 99.9993% cov); plasmid_1 (48488bp, 98.2367% cov); plasmid_2 (24185bp, 100.0% cov); plasmid_3 (3173bp, 100.0% cov); plasmid_4 (1919bp, 0.0% cov)"
chopper-untrimmed,100x,ATCC_25922__202309,sup,0.0,0.02,5132221.0,1.000000194847454,5056135.2,0.9999907629090322,1.001,2,1,0,0,0,0,,"chromosome (5132220bp, 100.0% cov); plasmid_1 (48488bp, 98.3295% cov); plasmid_2 (24185bp, 100.0% cov); plasmid_3 (3173bp, 100.0% cov); plasmid_4 (1919bp, 100.0% cov)"
chopper-untrimmed,20x,ATCC_25922__202309,sup,0.04,0.12,5132219.0,0.999999805152546,5056128.0,0.9999893389096318,1.0,1,2,0,0,0,0,,"chromosome (5132220bp, 99.9999% cov); plasmid_1 (48488bp, 98.3315% cov); plasmid_2 (24185bp, 100.0% cov); plasmid_3 (3173bp, 100.0% cov); plasmid_4 (1919bp, 100.0% cov)"
chopper-untrimmed,100x,ATCC_33560__202309,hac,0.45,0.34,1768446.0,0.9999988690648524,1768444.0,0.9999977381297048,1.0,0,0,0,0,0,0,,"chromosome (1768448bp, 99.9998% cov)"
chopper-untrimmed,20x,ATCC_33560__202309,hac,4.01,3.85,1768503.0,1.0000311007165603,1768558.0,1.000062201433121,1.0,0,0,0,0,0,0,,"chromosome (1768448bp, 99.9798% cov)"
chopper-untrimmed,100x,ATCC_33560__202309,sup,0.45,0.11,1768445.0,0.9999983035972784,1768442.0,0.9999966071945572,1.0,0,0,0,0,0,0,,"chromosome (1768448bp, 99.9998% cov)"
chopper-untrimmed,20x,ATCC_33560__202309,sup,1.98,0.68,1768455.0,1.0000039582730167,1768462.0,1.0000079165460336,1.0,0,0,0,0,0,0,,"chromosome (1768448bp, 99.9998% cov)"
chopper-untrimmed,100x,ATCC_35221__202309,hac,0.33,0.33,1512358.0,0.9993326144070708,1511354.8,0.9986697221032822,1.002,0,2,0,0,0,0,,"chromosome (1513368bp, 99.9995% cov)"
chopper-untrimmed,20x,ATCC_35221__202309,hac,1.92,1.98,1513376.0,1.0000052862225182,1513384.0,1.0000105724450363,1.0,0,0,0,0,0,0,,"chromosome (1513368bp, 99.9991% cov)"
chopper-untrimmed,100x,ATCC_35221__202309,sup,0.73,0.4,1513350.0,0.999988105999334,1513336.8,0.9999793837321788,1.002,0,1,0,0,0,0,,"chromosome (1513368bp, 99.9987% cov)"
chopper-untrimmed,20x,ATCC_35221__202309,sup,3.3,1.32,1513370.0,1.0000013215556296,1513372.0,1.0000026431112592,1.0,0,0,0,0,0,0,,"chromosome (1513368bp, 99.9991% cov)"
chopper-untrimmed,100x,ATCC_35897__202309,hac,0.07,0.04,2814136.0,0.9999996446512732,2814147.9,1.000003873301122,1.002,0,1,0,0,0,0,,"chromosome (2814137bp, 100% cov)"
chopper-untrimmed,20x,ATCC_35897__202309,hac,0.28,0.67,2814138.0,1.0000003553487269,2814151.9,1.0000052946960294,1.002,0,1,0,0,0,0,,"chromosome (2814137bp, 99.9997% cov)"
chopper-untrimmed,100x,ATCC_35897__202309,sup,0.14,0.07,2814137.0,1.0,2814149.9,1.0000045839985758,1.002,0,1,0,0,0,0,,"chromosome (2814137bp, 100% cov)"
chopper-untrimmed,20x,ATCC_35897__202309,sup,0.28,0.25,2814139.0,1.0000007106974536,2814153.8,1.00000596985861,1.002,0,1,0,0,0,0,,"chromosome (2814137bp, 100% cov)"
chopper-untrimmed,100x,ATCC_BAA-679__202309,hac,0.1,0.54,2944528.0,0.999999320774453,2944542.9,1.0000043810047785,1.003,0,2,0,0,0,0,,"chromosome (2944530bp, 99.9998% cov)"
chopper-untrimmed,20x,ATCC_BAA-679__202309,hac,0.24,1.49,2192816.0,0.7447083235694661,1728801.0,0.5871229024666076,1.004,1,3,1,0,0,0,,"chromosome (2944530bp, 99.8855% cov)"
chopper-untrimmed,100x,ATCC_BAA-679__202309,sup,0.44,0.44,2944528.0,0.999999320774453,2944537.8,1.0000026489796334,1.002,0,1,0,0,0,0,,"chromosome (2944530bp, 99.9999% cov)"
chopper-untrimmed,20x,ATCC_BAA-679__202309,sup,0.41,0.54,2945380.0,1.0002886708574883,2946242.1,1.000581451029536,1.002,0,1,1,0,0,0,,"chromosome (2944530bp, 100% cov)"
chopper-untrimmed,100x,BPH2947__202310,hac,0.0,0.16,3049602.0,0.9999996720884652,3019990.1,1.000057340791247,1.012,2,2,0,0,0,0,,"chromosome (3049603bp, 100.0% cov); plasmid_1 (27319bp, 99.9963% cov); plasmid_2 (3011bp, 100.0% cov)"
chopper-untrimmed,20x,BPH2947__202310,hac,0.19,0.32,3049609.0,1.0000019674692082,3019829.5,1.0000041587596464,1.001,1,0,1,0,0,0,,"chromosome (3049603bp, 99.9999% cov); plasmid_1 (27319bp, 99.9963% cov); plasmid_2 (3011bp, 100.0% cov)"
chopper-untrimmed,100x,BPH2947__202310,sup,0.58,0.13,3049602.0,0.9999996720884652,3020018.7,1.0000668115639977,1.008,0,1,0,0,1,1,"plasmid_2 (3011bp, 35.4035% cov)","chromosome (3049603bp, 100.0% cov); plasmid_1 (27319bp, 98.3894% cov); plasmid_2 (3011bp, 35.4035% cov)"
chopper-untrimmed,20x,BPH2947__202310,sup,0.29,0.29,3042220.0,0.9975790291392028,3005311.5,0.995196582577987,1.003,0,1,0,0,0,0,,"chromosome (3049603bp, 100.0% cov); plasmid_1 (27319bp, 99.9963% cov); plasmid_2 (3011bp, 100.0% cov)"
chopper-untrimmed,100x,MMC234__202311,hac,0.41,0.63,2204980.0,0.999997732410878,2204991.0,1.0000027211069462,1.003,0,1,0,0,0,0,,"chromosome (2204985bp, 99.9995% cov)"
chopper-untrimmed,20x,MMC234__202311,hac,1.85,2.76,2205013.0,1.0000126984990827,2205057.0,1.0000326532833557,1.003,0,1,0,0,0,0,,"chromosome (2204985bp, 99.9993% cov)"
chopper-untrimmed,100x,MMC234__202311,sup,0.18,0.41,2204970.0,0.9999931972326342,2204971.0,0.9999936507504588,1.003,0,1,0,0,0,0,,"chromosome (2204985bp, 99.9993% cov)"
chopper-untrimmed,20x,MMC234__202311,sup,0.27,0.73,2204916.0,0.9999687072701174,2204847.0,0.999937414540235,1.0,0,0,0,0,0,0,,"chromosome (2204985bp, 99.9965% cov)"
chopper-untrimmed,100x,RDH275__202311,hac,0.06,0.28,1793505.0,0.999998884866354,1793524.1,1.0000095343926731,1.003,0,2,2,0,0,0,,"chromosome (1793507bp, 99.9998% cov)"
chopper-untrimmed,20x,RDH275__202311,hac,0.0,0.5,1793504.0,0.999998327299531,1793522.1,1.0000084192590273,1.003,0,2,1,0,0,0,,"chromosome (1793507bp, 99.9997% cov)"
chopper-untrimmed,100x,RDH275__202311,sup,0.0,0.22,1793503.0,0.999997769732708,1793520.1,1.0000073041253812,1.003,0,2,2,0,0,0,,"chromosome (1793507bp, 99.9998% cov)"
chopper-untrimmed,20x,RDH275__202311,sup,0.28,0.56,1793505.0,0.999998884866354,1793524.1,1.0000095343926731,1.003,0,2,2,0,0,0,,"chromosome (1793507bp, 99.9997% cov)"
fastplong-all,100x,AJ292__202310,hac,0.0,0.53,5445103.0,0.9999946741419676,5445074.0,0.999989348283935,1.0,0,0,0,0,0,0,,"chromosome (5445132bp, 99.9995% cov)"
fastplong-all,20x,AJ292__202310,hac,0.09,1.1,5445093.0,0.9999928376391978,5445054.0,0.9999856752783954,1.0,0,1,0,0,0,0,,"chromosome (5445132bp, 99.9991% cov)"
fastplong-all,100x,AJ292__202310,sup,0.0,0.06,5445129.0,0.999999449049169,5445126.0,0.999998898098338,1.0,0,0,0,0,0,0,,"chromosome (5445132bp, 99.9999% cov)"
fastplong-all,20x,AJ292__202310,sup,0.09,0.44,5439253.0,0.9989203200216268,5433391.1,0.9978437804629896,1.001,2,1,0,0,0,0,,"chromosome (5445132bp, 99.9999% cov)"
fastplong-all,100x,AMtb_1__202402,hac,0.0,0.32,4405435.0,0.999996822117337,4405421.0,0.999993644234674,1.0,0,0,0,0,0,0,,"chromosome (4405449bp, 99.9997% cov)"
fastplong-all,20x,AMtb_1__202402,hac,0.5,1.15,4405434.0,0.999996595125718,4405443.5,0.9999987515460966,1.002,0,1,0,0,0,0,,"chromosome (4405449bp, 99.9994% cov)"
fastplong-all,100x,AMtb_1__202402,sup,0.0,0.05,4405449.0,1.0,4405449.0,1.0,1.0,0,0,0,0,0,0,,"chromosome (4405449bp, 100% cov)"
fastplong-all,20x,AMtb_1__202402,sup,0.05,0.05,4405447.0,0.9999995460167624,4405445.0,0.9999990920335248,1.0,0,0,0,0,0,0,,"chromosome (4405449bp, 100% cov)"
fastplong-all,100x,ATCC_10708__202309,hac,0.25,0.71,4752103.0,0.9999968435127242,4703559.6,1.0000007389052974,1.004,0,3,0,0,0,0,,"chromosome (4752118bp, 99.9997% cov); plasmid (49586bp, 99.9939% cov)"
fastplong-all,20x,ATCC_10708__202309,hac,0.71,1.62,4752122.0,1.0000008417299402,4703598.1,1.0000089242014818,1.004,0,3,0,0,0,0,,"chromosome (4752118bp, 99.9996% cov); plasmid (49586bp, 100.0% cov)"
fastplong-all,100x,ATCC_10708__202309,sup,0.02,0.19,4752111.0,0.9999985269726046,4703578.1,1.000004672099568,1.004,0,3,0,0,0,0,,"chromosome (4752118bp, 99.9999% cov); plasmid (49586bp, 99.9899% cov)"
fastplong-all,20x,ATCC_10708__202309,sup,0.4,1.44,3054615.0,0.6427902253268963,2435453.7,0.517789866970037,1.002,2,5,0,0,0,0,,"chromosome (4752118bp, 99.9595% cov); plasmid (49586bp, 99.9919% cov)"
fastplong-all,100x,ATCC_17802__202309,hac,0.19,0.27,3281435.0,0.99999756204816,2768250.2,0.9999947410654498,1.0,0,1,0,0,0,0,,"chromosome_1 (3281443bp, 99.9998% cov); chromosome_2 (1865648bp, 99.9997% cov)"
fastplong-all,20x,ATCC_17802__202309,hac,0.89,0.52,3281438.0,0.9999984762801,2768256.9,0.9999971613541812,1.0,0,1,0,0,0,0,,"chromosome_1 (3281443bp, 99.9997% cov); chromosome_2 (1865648bp, 99.9995% cov)"
fastplong-all,100x,ATCC_17802__202309,sup,0.04,0.02,3281442.0,0.99999969525602,2768263.5,0.9999995455192005,1.0,0,1,0,0,0,0,,"chromosome_1 (3281443bp, 100% cov); chromosome_2 (1865648bp, 100% cov)"
fastplong-all,20x,ATCC_17802__202309,sup,1.65,1.32,3281441.0,0.99999939051204,2768049.0,0.9999220601560788,1.001,0,2,0,0,0,0,,"chromosome_1 (3281443bp, 99.9999% cov); chromosome_2 (1865648bp, 99.9999% cov)"
fastplong-all,100x,ATCC_19119__202309,hac,0.03,0.17,2919542.0,0.999997602369407,2919547.4,0.9999994519701502,1.002,0,1,0,0,0,0,,"chromosome (2919549bp, 99.9998% cov)"
fastplong-all,20x,ATCC_19119__202309,hac,0.38,1.09,2919548.0,0.999999657481344,2919559.4,1.0000035621940238,1.002,0,1,0,0,0,0,,"chromosome (2919549bp, 99.9993% cov)"
fastplong-all,100x,ATCC_19119__202309,sup,0.0,0.24,2919534.0,0.999994862220158,2919531.4,0.999993971671652,1.002,0,1,0,0,0,0,,"chromosome (2919549bp, 99.9995% cov)"
fastplong-all,20x,ATCC_19119__202309,sup,0.0,0.27,2919535.0,0.999995204738814,2919533.3,0.9999946224570986,1.002,0,1,0,0,0,0,,"chromosome (2919549bp, 99.9995% cov)"
fastplong-all,100x,ATCC_25922__202309,hac,0.21,0.48,5132212.0,0.9999984412203686,5056247.2,1.0000129140108156,1.007,0,3,0,1,0,1,"plasmid_4 (1919bp, 0.0% cov)","chromosome (5132220bp, 99.9997% cov); plasmid_1 (48488bp, 98.2367% cov); plasmid_2 (24185bp, 99.9049% cov); plasmid_3 (3173bp, 99.7479% cov); plasmid_4 (1919bp, 0.0% cov)"
fastplong-all,20x,ATCC_25922__202309,hac,0.96,1.53,5132246.0,1.0000050660338022,5056290.9,1.000021556896065,1.005,3,0,0,0,1,1,"plasmid_3 (3173bp, 22.2502% cov)","chromosome (5132220bp, 99.9996% cov); plasmid_1 (48488bp, 98.2305% cov); plasmid_2 (24185bp, 100.0% cov); plasmid_3 (3173bp, 22.2502% cov); plasmid_4 (1919bp, 100.0% cov)"
fastplong-all,100x,ATCC_25922__202309,sup,0.0,0.02,5132219.0,0.999999805152546,5056239.6,1.0000114109003373,1.005,1,1,0,0,0,0,,"chromosome (5132220bp, 100.0% cov); plasmid_1 (48488bp, 98.3315% cov); plasmid_2 (24185bp, 100.0% cov); plasmid_3 (3173bp, 100.0% cov); plasmid_4 (1919bp, 100.0% cov)"
fastplong-all,20x,ATCC_25922__202309,sup,0.08,0.23,5132212.0,0.9999984412203686,5056119.3,0.9999876182436898,1.001,1,1,0,0,0,0,,"chromosome (5132220bp, 99.9997% cov); plasmid_1 (48488bp, 98.2367% cov); plasmid_2 (24185bp, 100.0% cov); plasmid_3 (3173bp, 100.0% cov); plasmid_4 (1919bp, 100.0% cov)"
fastplong-all,100x,ATCC_33560__202309,hac,0.57,0.28,1768443.0,0.9999971726621308,1768438.0,0.9999943453242616,1.0,0,0,0,0,0,0,,"chromosome (1768448bp, 99.9997% cov)"
fastplong-all,20x,ATCC_33560__202309,hac,2.83,2.37,1768466.0,1.0000101784163289,1768484.0,1.0000203568326578,1.0,0,0,0,0,0,0,,"chromosome (1768448bp, 99.9993% cov)"
fastplong-all,100x,ATCC_33560__202309,sup,0.62,0.11,1768445.0,0.9999983035972784,1768442.0,0.9999966071945572,1.0,0,0,0,0,0,0,,"chromosome (1768448bp, 99.9998% cov)"
fastplong-all,20x,ATCC_33560__202309,sup,2.21,0.96,1768456.0,1.0000045237405906,1768464.0,1.0000090474811811,1.0,0,0,0,0,0,0,,"chromosome (1768448bp, 99.9997% cov)"
fastplong-all,100x,ATCC_35221__202309,hac,0.53,0.33,1513363.0,0.999996696110926,1513358.0,0.9999933922218522,1.0,0,0,0,0,0,0,,"chromosome (1513368bp, 99.9996% cov)"
fastplong-all,20x,ATCC_35221__202309,hac,1.85,1.59,1513378.0,1.0000066077781478,1513388.0,1.0000132155562955,1.0,0,0,0,0,0,0,,"chromosome (1513368bp, 99.9995% cov)"
fastplong-all,100x,ATCC_35221__202309,sup,0.99,0.2,1513361.0,0.9999953745552964,1513354.0,0.999990749110593,1.0,0,0,0,0,0,0,,"chromosome (1513368bp, 99.9995% cov)"
fastplong-all,20x,ATCC_35221__202309,sup,3.96,1.45,1513378.0,1.0000066077781478,1513388.0,1.0000132155562955,1.0,0,0,0,0,0,0,,"chromosome (1513368bp, 99.9995% cov)"
fastplong-all,100x,ATCC_35897__202309,hac,0.07,0.21,2814134.0,0.9999989339538196,2814143.9,1.000002451906215,1.002,0,1,0,0,0,0,,"chromosome (2814137bp, 99.9999% cov)"
fastplong-all,20x,ATCC_35897__202309,hac,0.21,0.67,2814127.0,0.999996446512732,2814129.9,0.9999974770240396,1.002,0,1,0,0,0,0,,"chromosome (2814137bp, 99.9995% cov)"
fastplong-all,100x,ATCC_35897__202309,sup,0.04,0.11,2814134.0,0.9999989339538196,2814140.2,1.000001137115926,1.002,0,1,0,0,0,0,,"chromosome (2814137bp, 99.9999% cov)"
fastplong-all,20x,ATCC_35897__202309,sup,0.07,0.18,2814134.0,0.9999989339538196,2814143.9,1.000002451906215,1.002,0,1,0,0,0,0,,"chromosome (2814137bp, 99.9999% cov)"
fastplong-all,100x,ATCC_BAA-679__202309,hac,0.03,0.27,2944523.0,0.9999976227105852,2944528.3,0.999999422658285,1.002,0,1,0,0,0,0,,"chromosome (2944530bp, 99.9998% cov)"
fastplong-all,20x,ATCC_BAA-679__202309,hac,0.85,2.17,2944524.0,0.9999979623233588,2944530.3,1.000000101883832,1.002,0,1,0,0,0,0,,"chromosome (2944530bp, 99.9969% cov)"
fastplong-all,100x,ATCC_BAA-679__202309,sup,0.03,0.1,2944527.0,0.9999989811616794,2944536.3,1.000002139560473,1.002,0,1,0,0,0,0,,"chromosome (2944530bp, 99.9999% cov)"
fastplong-all,20x,ATCC_BAA-679__202309,sup,0.2,0.24,2944530.0,1.0,2944541.8,1.0000040074307277,1.002,0,1,0,0,0,0,,"chromosome (2944530bp, 99.9999% cov)"
fastplong-all,100x,BPH2947__202310,hac,0.03,0.13,3049605.0,1.0000006558230694,3019820.9,1.0000013109049033,1.0,0,0,0,0,0,0,,"chromosome (3049603bp, 100.0% cov); plasmid_1 (27319bp, 99.9927% cov); plasmid_2 (3011bp, 100.0% cov)"
fastplong-all,20x,BPH2947__202310,hac,0.06,0.52,3049608.0,1.0000016395576736,3019829.8,1.0000042581034163,1.001,1,0,0,0,0,0,,"chromosome (3049603bp, 99.9998% cov); plasmid_1 (27319bp, 99.9963% cov); plasmid_2 (3011bp, 100.0% cov)"
fastplong-all,100x,BPH2947__202310,sup,0.0,0.06,3049603.0,1.0,3019821.4,1.000001476477853,1.001,1,0,0,0,0,0,,"chromosome (3049603bp, 100.0% cov); plasmid_1 (27319bp, 99.9963% cov); plasmid_2 (3011bp, 100.0% cov)"
fastplong-all,20x,BPH2947__202310,sup,0.03,0.06,3049603.0,1.0,3019816.7,0.9999999200921216,1.0,0,0,0,0,0,0,,"chromosome (3049603bp, 100.0% cov); plasmid_1 (27319bp, 100.0% cov); plasmid_2 (3011bp, 94.9518% cov)"
fastplong-all,100x,MMC234__202311,hac,0.45,1.0,2204976.0,0.9999959183395806,2204983.0,0.9999990929643512,1.003,0,1,0,0,0,0,,"chromosome (2204985bp, 99.9993% cov)"
fastplong-all,20x,MMC234__202311,hac,1.45,3.48,2204939.0,0.9999791381800784,2204908.9,0.9999654872935644,1.003,0,1,0,0,0,0,,"chromosome (2204985bp, 99.9952% cov)"
fastplong-all,100x,MMC234__202311,sup,0.18,0.32,2204968.0,0.9999922901969854,2204967.0,0.999991836679161,1.003,0,1,0,0,0,0,,"chromosome (2204985bp, 99.9992% cov)"
fastplong-all,20x,MMC234__202311,sup,0.54,0.86,2204982.0,0.9999986394465268,2204994.9,1.0000044898264613,1.003,0,1,0,0,0,0,,"chromosome (2204985bp, 99.9994% cov)"
fastplong-all,100x,RDH275__202311,hac,0.0,0.33,1793501.0,0.999996654599062,1793516.1,1.0000050738580892,1.003,0,2,0,0,0,0,,"chromosome (1793507bp, 99.9997% cov)"
fastplong-all,20x,RDH275__202311,hac,0.17,0.94,1793502.0,0.999997212165885,1793518.1,1.000006188991735,1.003,0,2,0,0,0,0,,"chromosome (1793507bp, 99.9994% cov)"
fastplong-all,100x,RDH275__202311,sup,0.0,0.33,1793503.0,0.999997769732708,1793520.0,1.0000072483686988,1.003,0,2,0,0,0,0,,"chromosome (1793507bp, 99.9998% cov)"
fastplong-all,20x,RDH275__202311,sup,0.0,0.23,1776209.0,0.990355209095922,1759077.8,0.980803420337919,1.0,0,1,0,0,0,0,,"chromosome (1793507bp, 99.959% cov)"
filtlong-barbell,100x,AJ292__202310,hac,0.0,0.44,5445112.0,0.9999963269944604,5445092.0,0.9999926539889208,1.0,0,0,0,0,0,0,,"chromosome (5445132bp, 99.9996% cov)"
filtlong-barbell,20x,AJ292__202310,hac,0.17,0.95,5439224.0,0.9989149941635942,5433328.7,0.997832320685706,1.0,2,0,0,0,0,0,,"chromosome (5445132bp, 99.9993% cov)"
filtlong-barbell,100x,AJ292__202310,sup,0.0,0.04,5445130.0,0.999999632699446,5445128.0,0.999999265398892,1.0,0,0,0,0,0,0,,"chromosome (5445132bp, 100% cov)"
filtlong-barbell,20x,AJ292__202310,sup,0.04,0.22,5445132.0,1.0,5445132.0,1.0,1.0,0,0,0,0,0,0,,"chromosome (5445132bp, 99.9999% cov)"
filtlong-barbell,100x,AMtb_1__202402,hac,0.0,0.27,4405437.0,0.9999972761005744,4405425.0,0.9999945522011492,1.0,0,0,0,0,0,0,,"chromosome (4405449bp, 99.9997% cov)"
filtlong-barbell,20x,AMtb_1__202402,hac,3.64,4.68,3257722.0,0.7394755903427778,2618123.0,0.5942919779572979,1.004,2,1,0,0,0,0,,"chromosome (4405449bp, 99.9995% cov)"
filtlong-barbell,100x,AMtb_1__202402,sup,0.0,0.05,4405447.0,0.9999995460167624,4405445.0,0.9999990920335248,1.0,0,0,0,0,0,0,,"chromosome (4405449bp, 100% cov)"
filtlong-barbell,20x,AMtb_1__202402,sup,0.05,0.05,4405447.0,0.9999995460167624,4405445.0,0.9999990920335248,1.0,0,0,0,0,0,0,,"chromosome (4405449bp, 100% cov)"
filtlong-barbell,100x,ATCC_10708__202309,hac,0.08,0.33,4752106.0,0.9999974748101794,4703532.3,0.9999949347861846,1.0,0,0,0,0,0,0,,"chromosome (4752118bp, 99.9997% cov); plasmid (49586bp, 99.996% cov)"
filtlong-barbell,20x,ATCC_10708__202309,hac,0.27,0.77,4752115.0,0.9999993687025448,4703550.1,0.999998719156888,1.0,0,0,0,0,0,0,,"chromosome (4752118bp, 99.9996% cov); plasmid (49586bp, 99.996% cov)"
filtlong-barbell,100x,ATCC_10708__202309,sup,0.1,0.17,4752112.0,0.9999987374050896,4703544.1,0.999997443526314,1.0,0,0,0,0,0,0,,"chromosome (4752118bp, 99.9999% cov); plasmid (49586bp, 99.9899% cov)"
filtlong-barbell,20x,ATCC_10708__202309,sup,0.1,0.21,4752116.0,0.99999957913503,4703552.1,0.9999991443670796,1.0,0,0,0,0,0,0,,"chromosome (4752118bp, 99.9999% cov); plasmid (49586bp, 99.9899% cov)"
filtlong-barbell,100x,ATCC_17802__202309,hac,0.16,0.29,3281434.0,0.99999725730418,2768248.9,0.9999942714571884,1.0,0,0,0,0,0,0,,"chromosome_1 (3281443bp, 99.9997% cov); chromosome_2 (1865648bp, 99.9997% cov)"
filtlong-barbell,20x,ATCC_17802__202309,hac,0.84,0.51,3281442.0,0.99999969525602,2768264.2,0.9999997983851874,1.0,0,0,0,0,0,0,,"chromosome_1 (3281443bp, 99.9997% cov); chromosome_2 (1865648bp, 99.9998% cov)"
filtlong-barbell,100x,ATCC_17802__202309,sup,0.0,0.06,3281441.0,0.99999939051204,2768261.5,0.999998823044952,1.0,0,0,0,0,0,0,,"chromosome_1 (3281443bp, 99.9999% cov); chromosome_2 (1865648bp, 99.9999% cov)"
filtlong-barbell,20x,ATCC_17802__202309,sup,0.08,0.1,3281441.0,0.99999939051204,2768261.5,0.999998823044952,1.0,0,0,0,0,0,0,,"chromosome_1 (3281443bp, 99.9999% cov); chromosome_2 (1865648bp, 99.9999% cov)"
filtlong-barbell,100x,ATCC_19119__202309,hac,0.0,0.17,2919541.0,0.9999972598507508,2919533.0,0.999994519701502,1.0,0,0,0,0,0,0,,"chromosome (2919549bp, 99.9997% cov)"
filtlong-barbell,20x,ATCC_19119__202309,hac,0.07,0.55,2919532.0,0.9999941771828456,2919515.0,0.9999883543656914,1.0,0,0,0,0,0,0,,"chromosome (2919549bp, 99.9994% cov)"
filtlong-barbell,100x,ATCC_19119__202309,sup,0.0,0.24,2919532.0,0.9999941771828456,2919515.0,0.9999883543656914,1.0,0,0,0,0,0,0,,"chromosome (2919549bp, 99.9994% cov)"
filtlong-barbell,20x,ATCC_19119__202309,sup,0.0,0.21,2919533.0,0.999994519701502,2919517.0,0.9999890394030037,1.0,0,0,0,0,0,0,,"chromosome (2919549bp, 99.9995% cov)"
filtlong-barbell,100x,ATCC_25922__202309,hac,0.19,0.31,5132216.0,0.9999992206101844,5056232.9,1.0000100857897845,1.005,3,-1,0,2,0,2,"plasmid_3 (3173bp, 0.0% cov); plasmid_4 (1919bp, 0.0% cov)","chromosome (5132220bp, 99.9998% cov); plasmid_1 (48488bp, 99.9443% cov); plasmid_2 (24185bp, 100.0% cov); plasmid_3 (3173bp, 0.0% cov); plasmid_4 (1919bp, 0.0% cov)"
filtlong-barbell,20x,ATCC_25922__202309,hac,0.5,1.63,5132242.0,1.0000042866439864,5056171.9,0.9999980213504204,1.001,2,-1,0,2,0,2,"plasmid_3 (3173bp, 0.0% cov); plasmid_4 (1919bp, 0.0% cov)","chromosome (5132220bp, 99.9994% cov); plasmid_1 (48488bp, 99.9588% cov); plasmid_2 (24185bp, 100.0% cov); plasmid_3 (3173bp, 0.0% cov); plasmid_4 (1919bp, 0.0% cov)"
filtlong-barbell,100x,ATCC_25922__202309,sup,0.04,0.17,5132219.0,0.999999805152546,5056238.9,1.0000112724559511,1.005,3,-1,0,2,0,2,"plasmid_3 (3173bp, 0% cov); plasmid_4 (1919bp, 0% cov)","chromosome (5132220bp, 100% cov); plasmid_1 (48488bp, 100% cov); plasmid_2 (24185bp, 100% cov); plasmid_3 (3173bp, 0% cov); plasmid_4 (1919bp, 0% cov)"
filtlong-barbell,20x,ATCC_25922__202309,sup,0.06,0.17,5132224.0,1.0000007793898158,5056136.4,0.9999910002422656,1.001,2,-1,0,2,0,2,"plasmid_3 (3173bp, 0% cov); plasmid_4 (1919bp, 0% cov)","chromosome (5132220bp, 100% cov); plasmid_1 (48488bp, 100% cov); plasmid_2 (24185bp, 100% cov); plasmid_3 (3173bp, 0% cov); plasmid_4 (1919bp, 0% cov)"
filtlong-barbell,100x,ATCC_33560__202309,hac,0.28,0.23,1768446.0,0.9999988690648524,1768444.0,0.9999977381297048,1.0,0,0,0,0,0,0,,"chromosome (1768448bp, 99.9998% cov)"
filtlong-barbell,20x,ATCC_33560__202309,hac,3.56,4.36,1767798.0,0.9996324460770122,1767148.2,0.999265005247539,1.0,0,0,0,0,0,0,,"chromosome (1768448bp, 99.9584% cov)"
filtlong-barbell,100x,ATCC_33560__202309,sup,0.51,0.17,1768443.0,0.9999971726621308,1768438.0,0.9999943453242616,1.0,0,0,0,0,0,0,,"chromosome (1768448bp, 99.9997% cov)"
filtlong-barbell,20x,ATCC_33560__202309,sup,2.21,1.93,1762652.0,0.996722549942096,1756875.0,0.9934558437680948,1.0,0,0,0,0,0,0,,"chromosome (1768448bp, 99.6702% cov)"
filtlong-barbell,100x,ATCC_35221__202309,hac,0.33,0.26,1513364.0,0.9999973568887408,1513360.0,0.9999947137774816,1.0,0,0,0,0,0,0,,"chromosome (1513368bp, 99.9997% cov)"
filtlong-barbell,20x,ATCC_35221__202309,hac,3.78,7.36,1249951.0,0.8259398903637449,1057961.1,0.6990772237816579,1.0,1,1,0,0,0,0,,"chromosome (1513368bp, 99.6722% cov)"
filtlong-barbell,100x,ATCC_35221__202309,sup,1.85,0.73,1513366.0,0.9999986784443704,1513364.0,0.9999973568887408,1.0,0,0,0,0,0,0,,"chromosome (1513368bp, 99.9995% cov)"
filtlong-barbell,20x,ATCC_35221__202309,sup,5.66,3.93,1017737.0,0.6724980308821119,733658.1,0.4847849961146264,1.0,2,3,0,0,0,0,,"chromosome (1513368bp, 99.1551% cov)"
filtlong-barbell,100x,ATCC_35897__202309,hac,0.0,0.04,2814136.0,0.9999996446512732,2814135.0,0.9999992893025464,1.0,0,0,0,0,0,0,,"chromosome (2814137bp, 100% cov)"
filtlong-barbell,20x,ATCC_35897__202309,hac,0.18,0.32,2814134.0,0.9999989339538196,2814131.0,0.9999978679076392,1.0,0,0,0,0,0,0,,"chromosome (2814137bp, 99.9998% cov)"
filtlong-barbell,100x,ATCC_35897__202309,sup,0.0,0.0,2814137.0,1.0,2814137.0,1.0,1.0,0,0,0,0,0,0,,"chromosome (2814137bp, 100% cov)"
filtlong-barbell,20x,ATCC_35897__202309,sup,0.04,0.11,2814134.0,0.9999989339538196,2814131.0,0.9999978679076392,1.0,0,0,0,0,0,0,,"chromosome (2814137bp, 99.9999% cov)"
filtlong-barbell,100x,ATCC_BAA-679__202309,hac,0.0,0.14,2944526.0,0.999998641548906,2944522.0,0.999997283097812,1.0,0,0,0,0,0,0,,"chromosome (2944530bp, 99.9999% cov)"
filtlong-barbell,20x,ATCC_BAA-679__202309,hac,0.17,1.32,2944534.0,1.000001358451094,2944538.0,1.000002716902188,1.0,0,0,0,0,0,0,,"chromosome (2944530bp, 99.9994% cov)"
filtlong-barbell,100x,ATCC_BAA-679__202309,sup,0.0,0.03,2944529.0,0.9999996603872264,2944528.0,0.999999320774453,1.0,0,0,0,0,0,0,,"chromosome (2944530bp, 100% cov)"
filtlong-barbell,20x,ATCC_BAA-679__202309,sup,0.0,0.1,2944531.0,1.0000003396127737,2944532.0,1.0000006792255471,1.0,0,0,0,0,0,0,,"chromosome (2944530bp, 100% cov)"
filtlong-barbell,100x,BPH2947__202310,hac,0.0,0.19,3049603.0,1.0,3020056.3,1.0000792626498518,1.009,1,-1,0,1,0,1,"plasmid_2 (3011bp, 0.0% cov)","chromosome (3049603bp, 99.9999% cov); plasmid_1 (27319bp, 100.0% cov); plasmid_2 (3011bp, 0.0% cov)"
filtlong-barbell,20x,BPH2947__202310,hac,5.07,5.36,1451443.0,0.475944901680645,1392535.8,0.4611325212968783,1.0,1,0,0,1,0,1,"plasmid_2 (3011bp, 0.0% cov)","chromosome (3049603bp, 99.9348% cov); plasmid_1 (27319bp, 100.0% cov); plasmid_2 (3011bp, 0.0% cov)"
filtlong-barbell,100x,BPH2947__202310,sup,0.75,0.65,3049619.0,1.0000052465845557,3019845.7,1.000009523323233,1.0,0,-1,0,1,0,1,"plasmid_2 (3011bp, 0.0% cov)","chromosome (3049603bp, 99.9975% cov); plasmid_1 (27319bp, 100.0% cov); plasmid_2 (3011bp, 0.0% cov)"
filtlong-barbell,20x,BPH2947__202310,sup,7.94,8.4,462938.0,0.1518027100576698,519587.8,0.1720593698554092,1.0,5,4,0,1,0,1,"plasmid_2 (3011bp, 0.0% cov)","chromosome (3049603bp, 99.3812% cov); plasmid_1 (27319bp, 100.0% cov); plasmid_2 (3011bp, 0.0% cov)"
filtlong-barbell,100x,MMC234__202311,hac,0.54,0.77,2204975.0,0.9999954648217562,2204965.0,0.9999909296435124,1.0,0,0,0,0,0,0,,"chromosome (2204985bp, 99.9993% cov)"
filtlong-barbell,20x,MMC234__202311,hac,2.5,5.04,2201949.0,0.9986231198851692,2198917.2,0.997248144545201,1.0,0,0,0,0,0,0,,"chromosome (2204985bp, 99.8579% cov)"
filtlong-barbell,100x,MMC234__202311,sup,0.14,0.36,2204969.0,0.9999927437148098,2204953.0,0.9999854874296196,1.0,0,0,0,0,0,0,,"chromosome (2204985bp, 99.9992% cov)"
filtlong-barbell,20x,MMC234__202311,sup,2.0,2.18,2204697.0,0.9998693868665772,2204409.0,0.9997387737331548,1.0,0,0,0,0,0,0,,"chromosome (2204985bp, 99.9846% cov)"
filtlong-barbell,100x,RDH275__202311,hac,0.0,0.17,1793504.0,0.999998327299531,1793501.0,0.999996654599062,1.0,0,0,0,0,0,0,,"chromosome (1793507bp, 99.9998% cov)"
filtlong-barbell,20x,RDH275__202311,hac,1.45,2.12,1791458.0,0.998857545579694,1789411.3,0.9977163735630806,1.0,0,0,0,0,0,0,,"chromosome (1793507bp, 99.8848% cov)"
filtlong-barbell,100x,RDH275__202311,sup,0.45,0.22,1792828.0,0.99962141212719,1792149.3,0.9992429915244267,1.0,0,0,0,0,0,0,,"chromosome (1793507bp, 99.962% cov)"
filtlong-barbell,20x,RDH275__202311,sup,1.29,2.57,1788693.0,0.997315873314127,1783891.9,0.9946389392402706,1.0,0,0,0,0,0,0,,"chromosome (1793507bp, 99.7278% cov)"
filtlong-dorado,100x,AJ292__202310,hac,0.0,0.55,5445104.0,0.9999948577922444,5445076.0,0.999989715584489,1.0,0,0,0,0,0,0,,"chromosome (5445132bp, 99.9995% cov)"
filtlong-dorado,20x,AJ292__202310,hac,0.17,0.86,5445107.0,0.9999954087430756,5445082.0,0.9999908174861508,1.0,0,0,0,0,0,0,,"chromosome (5445132bp, 99.9993% cov)"
filtlong-dorado,100x,AJ292__202310,sup,0.0,0.04,5445130.0,0.999999632699446,5445128.0,0.999999265398892,1.0,0,0,0,0,0,0,,"chromosome (5445132bp, 100% cov)"
filtlong-dorado,20x,AJ292__202310,sup,0.04,0.04,5445130.0,0.999999632699446,5445128.0,0.999999265398892,1.0,0,0,0,0,0,0,,"chromosome (5445132bp, 100% cov)"
filtlong-dorado,100x,AMtb_1__202402,hac,0.0,0.3,4405436.0,0.9999970491089556,4405423.0,0.9999940982179116,1.0,0,0,0,0,0,0,,"chromosome (4405449bp, 99.9997% cov)"
filtlong-dorado,20x,AMtb_1__202402,hac,4.34,6.3,571087.0,0.1296319625990449,1250316.1,0.2838112755362734,1.005,4,3,0,0,0,0,,"chromosome (4405449bp, 99.9995% cov)"
filtlong-dorado,100x,AMtb_1__202402,sup,0.0,0.05,4405447.0,0.9999995460167624,4405445.0,0.9999990920335248,1.0,0,0,0,0,0,0,,"chromosome (4405449bp, 100% cov)"
filtlong-dorado,20x,AMtb_1__202402,sup,0.11,0.18,2771707.0,0.6291542587373047,2147419.7,0.487446273921228,1.002,1,1,0,0,0,0,,"chromosome (4405449bp, 100% cov)"
filtlong-dorado,100x,ATCC_10708__202309,hac,0.06,0.35,4752108.0,0.9999978956751496,4704048.3,1.0001046390155677,1.01,1,0,0,0,0,0,,"chromosome (4752118bp, 99.9997% cov); plasmid (49586bp, 99.996% cov)"
filtlong-dorado,20x,ATCC_10708__202309,hac,0.25,0.83,4752115.0,0.9999993687025448,4703550.2,0.9999987404173978,1.0,0,0,0,0,0,0,,"chromosome (4752118bp, 99.9995% cov); plasmid (49586bp, 100.0% cov)"
filtlong-dorado,100x,ATCC_10708__202309,sup,0.08,0.17,4752112.0,0.9999987374050896,4703544.1,0.999997443526314,1.0,0,0,0,0,0,0,,"chromosome (4752118bp, 99.9999% cov); plasmid (49586bp, 99.9899% cov)"
filtlong-dorado,20x,ATCC_10708__202309,sup,0.19,0.33,4752121.0,1.0000006312974552,4703562.0,1.000001249157527,1.0,0,0,0,0,0,0,,"chromosome (4752118bp, 99.9999% cov); plasmid (49586bp, 99.996% cov)"
filtlong-dorado,100x,ATCC_17802__202309,hac,0.17,0.31,3281434.0,0.99999725730418,2768248.2,0.9999940185912016,1.0,0,0,0,0,0,0,,"chromosome_1 (3281443bp, 99.9997% cov); chromosome_2 (1865648bp, 99.9996% cov)"
filtlong-dorado,20x,ATCC_17802__202309,hac,0.6,0.62,3281447.0,1.00000121897592,2768269.9,1.0000018574367946,1.0,0,0,0,0,0,0,,"chromosome_1 (3281443bp, 99.9997% cov); chromosome_2 (1865648bp, 99.9997% cov)"
filtlong-dorado,100x,ATCC_17802__202309,sup,0.0,0.08,3281440.0,0.99999908576806,2768260.2,0.9999983534366907,1.0,0,0,0,0,0,0,,"chromosome_1 (3281443bp, 99.9999% cov); chromosome_2 (1865648bp, 99.9999% cov)"
filtlong-dorado,20x,ATCC_17802__202309,sup,0.1,0.14,3281441.0,0.99999939051204,2768261.5,0.999998823044952,1.0,0,0,0,0,0,0,,"chromosome_1 (3281443bp, 99.9999% cov); chromosome_2 (1865648bp, 99.9999% cov)"
filtlong-dorado,100x,ATCC_19119__202309,hac,0.0,0.17,2919541.0,0.9999972598507508,2919533.0,0.999994519701502,1.0,0,0,0,0,0,0,,"chromosome (2919549bp, 99.9997% cov)"
filtlong-dorado,20x,ATCC_19119__202309,hac,0.0,0.65,2919540.0,0.9999969173320948,2919531.0,0.9999938346641896,1.0,0,0,0,0,0,0,,"chromosome (2919549bp, 99.9995% cov)"
filtlong-dorado,100x,ATCC_19119__202309,sup,0.0,0.21,2919533.0,0.999994519701502,2919517.0,0.9999890394030037,1.0,0,0,0,0,0,0,,"chromosome (2919549bp, 99.9995% cov)"
filtlong-dorado,20x,ATCC_19119__202309,sup,0.0,0.21,2919533.0,0.999994519701502,2919517.0,0.9999890394030037,1.0,0,0,0,0,0,0,,"chromosome (2919549bp, 99.9995% cov)"
filtlong-dorado,100x,ATCC_25922__202309,hac,0.23,0.36,5132218.0,0.999999610305092,5056237.0,1.000010896678332,1.005,3,-1,0,2,0,2,"plasmid_3 (3173bp, 0.0% cov); plasmid_4 (1919bp, 0.0% cov)","chromosome (5132220bp, 99.9999% cov); plasmid_1 (48488bp, 100.0% cov); plasmid_2 (24185bp, 100.0% cov); plasmid_3 (3173bp, 0.0% cov); plasmid_4 (1919bp, 0.0% cov)"
filtlong-dorado,20x,ATCC_25922__202309,hac,0.54,1.08,5132244.0,1.0000046763388943,5056226.5,1.0000088200125397,1.0,0,-2,0,2,0,2,"plasmid_3 (3173bp, 0.0% cov); plasmid_4 (1919bp, 0.0% cov)","chromosome (5132220bp, 99.9997% cov); plasmid_1 (48488bp, 100.0% cov); plasmid_2 (24185bp, 100.0% cov); plasmid_3 (3173bp, 0.0% cov); plasmid_4 (1919bp, 0.0% cov)"
filtlong-dorado,100x,ATCC_25922__202309,sup,0.04,0.02,5132219.0,0.999999805152546,5056125.0,0.9999887455765484,1.0,2,-2,0,2,0,2,"plasmid_3 (3173bp, 0% cov); plasmid_4 (1919bp, 0% cov)","chromosome (5132220bp, 100% cov); plasmid_1 (48488bp, 100% cov); plasmid_2 (24185bp, 100% cov); plasmid_3 (3173bp, 0% cov); plasmid_4 (1919bp, 0% cov)"
filtlong-dorado,20x,ATCC_25922__202309,sup,0.08,0.19,5132220.0,1.0,5056128.4,0.9999894180207096,1.001,2,-1,0,2,0,2,"plasmid_3 (3173bp, 0% cov); plasmid_4 (1919bp, 0% cov)","chromosome (5132220bp, 100% cov); plasmid_1 (48488bp, 100% cov); plasmid_2 (24185bp, 100% cov); plasmid_3 (3173bp, 0% cov); plasmid_4 (1919bp, 0% cov)"
filtlong-dorado,100x,ATCC_33560__202309,hac,0.34,0.06,1768447.0,0.999999434532426,1768446.0,0.9999988690648524,1.0,0,0,0,0,0,0,,"chromosome (1768448bp, 99.9999% cov)"
filtlong-dorado,20x,ATCC_33560__202309,hac,2.83,1.75,1768459.0,1.0000062201433122,1768470.0,1.0000124402866242,1.0,0,0,0,0,0,0,,"chromosome (1768448bp, 99.9994% cov)"
filtlong-dorado,100x,ATCC_33560__202309,sup,0.28,0.17,1753409.0,0.9914959331572092,1738777.2,0.9832221247104804,1.004,0,1,0,0,0,0,,"chromosome (1768448bp, 99.9998% cov)"
filtlong-dorado,20x,ATCC_33560__202309,sup,1.75,0.4,1768450.0,1.0000011309351478,1768452.0,1.0000022618702953,1.0,0,0,0,0,0,0,,"chromosome (1768448bp, 99.9998% cov)"
filtlong-dorado,100x,ATCC_35221__202309,hac,0.26,0.26,1513362.0,0.9999960353331112,1513356.0,0.9999920706662226,1.0,0,0,0,0,0,0,,"chromosome (1513368bp, 99.9996% cov)"
filtlong-dorado,20x,ATCC_35221__202309,hac,1.98,1.12,1513372.0,1.0000026431112592,1513376.0,1.0000052862225182,1.0,0,0,0,0,0,0,,"chromosome (1513368bp, 99.9995% cov)"
filtlong-dorado,100x,ATCC_35221__202309,sup,0.73,0.33,1513361.0,0.9999953745552964,1513354.0,0.999990749110593,1.0,0,0,0,0,0,0,,"chromosome (1513368bp, 99.9995% cov)"
filtlong-dorado,20x,ATCC_35221__202309,sup,3.11,0.86,1513370.0,1.0000013215556296,1513372.0,1.0000026431112592,1.0,0,0,0,0,0,0,,"chromosome (1513368bp, 99.9995% cov)"
filtlong-dorado,100x,ATCC_35897__202309,hac,0.0,0.04,2814136.0,0.9999996446512732,2814135.0,0.9999992893025464,1.0,0,0,0,0,0,0,,"chromosome (2814137bp, 100% cov)"
filtlong-dorado,20x,ATCC_35897__202309,hac,0.18,0.39,2814134.0,0.9999989339538196,2814131.0,0.9999978679076392,1.0,0,0,0,0,0,0,,"chromosome (2814137bp, 99.9998% cov)"
filtlong-dorado,100x,ATCC_35897__202309,sup,0.0,0.0,2814137.0,1.0,2814137.0,1.0,1.0,0,0,0,0,0,0,,"chromosome (2814137bp, 100% cov)"
filtlong-dorado,20x,ATCC_35897__202309,sup,0.04,0.11,2814132.0,0.999998223256366,2814127.0,0.999996446512732,1.0,0,0,0,0,0,0,,"chromosome (2814137bp, 99.9998% cov)"
filtlong-dorado,100x,ATCC_BAA-679__202309,hac,0.0,0.17,2944525.0,0.9999983019361324,2944520.0,0.9999966038722649,1.0,0,0,0,0,0,0,,"chromosome (2944530bp, 99.9998% cov)"
filtlong-dorado,20x,ATCC_BAA-679__202309,hac,0.0,0.48,2944526.0,0.999998641548906,2944522.0,0.999997283097812,1.0,0,0,0,0,0,0,,"chromosome (2944530bp, 99.9997% cov)"
filtlong-dorado,100x,ATCC_BAA-679__202309,sup,0.0,0.03,2944529.0,0.9999996603872264,2944528.0,0.999999320774453,1.0,0,0,0,0,0,0,,"chromosome (2944530bp, 100% cov)"
filtlong-dorado,20x,ATCC_BAA-679__202309,sup,0.0,0.1,2944527.0,0.9999989811616794,2944524.0,0.9999979623233588,1.0,0,0,0,0,0,0,,"chromosome (2944530bp, 99.9999% cov)"
filtlong-dorado,100x,BPH2947__202310,hac,0.0,0.03,3049602.0,0.9999996720884652,3019812.0,0.99999836370639,1.0,0,-1,0,1,0,1,"plasmid_2 (3011bp, 0% cov)","chromosome (3049603bp, 100% cov); plasmid_1 (27319bp, 100% cov); plasmid_2 (3011bp, 0% cov)"
filtlong-dorado,20x,BPH2947__202310,hac,0.07,0.1,3049602.0,0.9999996720884652,3019812.0,0.99999836370639,1.0,0,-1,0,1,0,1,"plasmid_2 (3011bp, 0.0% cov)","chromosome (3049603bp, 99.9999% cov); plasmid_1 (27319bp, 100.0% cov); plasmid_2 (3011bp, 0.0% cov)"
filtlong-dorado,100x,BPH2947__202310,sup,0.0,0.0,3049603.0,1.0,3019814.0,0.9999990259981908,1.0,0,-1,0,1,0,1,"plasmid_2 (3011bp, 0% cov)","chromosome (3049603bp, 100% cov); plasmid_1 (27319bp, 100% cov); plasmid_2 (3011bp, 0% cov)"
filtlong-dorado,20x,BPH2947__202310,sup,0.0,0.03,3049604.0,1.0000003279115348,3019816.0,0.9999996882899914,1.0,0,-1,0,1,0,1,"plasmid_2 (3011bp, 0% cov)","chromosome (3049603bp, 100% cov); plasmid_1 (27319bp, 100% cov); plasmid_2 (3011bp, 0% cov)"
filtlong-dorado,100x,MMC234__202311,hac,0.36,0.77,2204978.0,0.9999968253752292,2204971.0,0.9999936507504588,1.0,0,0,0,0,0,0,,"chromosome (2204985bp, 99.9994% cov)"
filtlong-dorado,20x,MMC234__202311,hac,1.45,2.45,2205001.0,1.00000725628519,2205017.0,1.0000145125703803,1.0,0,0,0,0,0,0,,"chromosome (2204985bp, 99.999% cov)"
filtlong-dorado,100x,MMC234__202311,sup,0.23,0.32,2204968.0,0.9999922901969854,2204951.0,0.999984580393971,1.0,0,0,0,0,0,0,,"chromosome (2204985bp, 99.9992% cov)"
filtlong-dorado,20x,MMC234__202311,sup,0.45,0.63,2204984.0,0.9999995464821756,2204983.0,0.9999990929643512,1.0,0,0,0,0,0,0,,"chromosome (2204985bp, 99.9995% cov)"
filtlong-dorado,100x,RDH275__202311,hac,0.0,0.17,1793504.0,0.999998327299531,1793501.0,0.999996654599062,1.0,0,0,0,0,0,0,,"chromosome (1793507bp, 99.9998% cov)"
filtlong-dorado,20x,RDH275__202311,hac,0.0,0.56,1793507.0,1.0,1793507.0,1.0,1.0,0,0,0,0,0,0,,"chromosome (1793507bp, 99.9997% cov)"
filtlong-dorado,100x,RDH275__202311,sup,0.0,0.11,1793505.0,0.999998884866354,1793503.0,0.999997769732708,1.0,0,0,0,0,0,0,,"chromosome (1793507bp, 99.9999% cov)"
filtlong-dorado,20x,RDH275__202311,sup,0.0,0.22,1793503.0,0.999997769732708,1793499.0,0.999995539465416,1.0,0,0,0,0,0,0,,"chromosome (1793507bp, 99.9998% cov)"
filtlong-porechop_abi,100x,AJ292__202310,hac,0.0,0.46,5445109.0,0.9999957760436294,5445086.0,0.9999915520872588,1.0,0,0,0,0,0,0,,"chromosome (5445132bp, 99.9996% cov)"
filtlong-porechop_abi,20x,AJ292__202310,hac,0.13,0.95,5445105.0,0.9999950414425216,5445078.0,0.999990082885043,1.0,0,0,0,0,0,0,,"chromosome (5445132bp, 99.9992% cov)"
filtlong-porechop_abi,100x,AJ292__202310,sup,0.0,0.06,5445129.0,0.999999449049169,5445126.0,0.999998898098338,1.0,0,0,0,0,0,0,,"chromosome (5445132bp, 99.9999% cov)"
filtlong-porechop_abi,20x,AJ292__202310,sup,0.02,0.06,5444785.0,0.9999362733538876,5444438.0,0.9998725467077748,1.0,0,0,0,0,0,0,,"chromosome (5445132bp, 99.9936% cov)"
filtlong-porechop_abi,100x,AMtb_1__202402,hac,0.0,0.3,4405436.0,0.9999970491089556,4405423.0,0.9999940982179116,1.0,0,0,0,0,0,0,,"chromosome (4405449bp, 99.9997% cov)"
filtlong-porechop_abi,20x,AMtb_1__202402,hac,0.29,0.93,4401103.0,0.9990134944247454,4396780.6,0.998032345851694,1.001,0,1,0,0,0,0,,"chromosome (4405449bp, 99.9996% cov)"
filtlong-porechop_abi,100x,AMtb_1__202402,sup,0.0,0.05,4404339.0,0.9997480393031448,4403229.3,0.9994961467037752,1.0,0,0,0,0,0,0,,"chromosome (4405449bp, 99.9748% cov)"
filtlong-porechop_abi,20x,AMtb_1__202402,sup,0.18,0.38,2213370.0,0.5024164392778125,2207078.5,0.5009883215082049,1.007,1,1,0,0,0,0,,"chromosome (4405449bp, 99.9999% cov)"
filtlong-porechop_abi,100x,ATCC_10708__202309,hac,0.06,0.29,4752108.0,0.9999978956751496,4703536.3,0.9999957852065674,1.0,0,0,0,0,0,0,,"chromosome (4752118bp, 99.9997% cov); plasmid (49586bp, 99.996% cov)"
filtlong-porechop_abi,20x,ATCC_10708__202309,hac,0.33,0.85,4752122.0,1.0000008417299402,4703564.0,1.0000016743677185,1.0,0,0,0,0,0,0,,"chromosome (4752118bp, 99.9996% cov); plasmid (49586bp, 99.998% cov)"
filtlong-porechop_abi,100x,ATCC_10708__202309,sup,0.08,0.17,4752112.0,0.9999987374050896,4703544.1,0.999997443526314,1.0,0,0,0,0,0,0,,"chromosome (4752118bp, 99.9999% cov); plasmid (49586bp, 99.9899% cov)"
filtlong-porechop_abi,20x,ATCC_10708__202309,sup,0.19,0.31,4752113.0,0.9999989478375748,4703546.1,0.9999978687365052,1.0,0,0,0,0,0,0,,"chromosome (4752118bp, 99.9998% cov); plasmid (49586bp, 99.9919% cov)"
filtlong-porechop_abi,100x,ATCC_17802__202309,hac,0.17,0.29,3281435.0,0.99999756204816,2766606.3,0.999400903357125,1.0,0,0,0,0,0,0,,"chromosome_1 (3281443bp, 99.9998% cov); chromosome_2 (1865648bp, 99.8781% cov)"
filtlong-porechop_abi,20x,ATCC_17802__202309,hac,0.76,0.62,3281443.0,1.0,2768269.1,1.0000015684470955,1.0,0,0,0,0,0,0,,"chromosome_1 (3281443bp, 99.9997% cov); chromosome_2 (1865648bp, 99.9998% cov)"
filtlong-porechop_abi,100x,ATCC_17802__202309,sup,0.0,0.08,3281440.0,0.99999908576806,2768260.2,0.9999983534366907,1.0,0,0,0,0,0,0,,"chromosome_1 (3281443bp, 99.9999% cov); chromosome_2 (1865648bp, 99.9999% cov)"
filtlong-porechop_abi,20x,ATCC_17802__202309,sup,0.12,0.12,3281440.0,0.99999908576806,2768260.2,0.9999983534366907,1.0,0,0,0,0,0,0,,"chromosome_1 (3281443bp, 99.9999% cov); chromosome_2 (1865648bp, 99.9999% cov)"
filtlong-porechop_abi,100x,ATCC_19119__202309,hac,0.0,0.17,2919541.0,0.9999972598507508,2919533.0,0.999994519701502,1.0,0,0,0,0,0,0,,"chromosome (2919549bp, 99.9997% cov)"
filtlong-porechop_abi,20x,ATCC_19119__202309,hac,0.0,0.48,2919539.0,0.9999965748134386,2919529.0,0.9999931496268774,1.0,0,0,0,0,0,0,,"chromosome (2919549bp, 99.9995% cov)"
filtlong-porechop_abi,100x,ATCC_19119__202309,sup,0.0,0.21,2919533.0,0.999994519701502,2919517.0,0.9999890394030037,1.0,0,0,0,0,0,0,,"chromosome (2919549bp, 99.9995% cov)"
filtlong-porechop_abi,20x,ATCC_19119__202309,sup,0.0,0.31,2919536.0,0.9999955472574702,2919523.0,0.9999910945149404,1.0,0,0,0,0,0,0,,"chromosome (2919549bp, 99.9995% cov)"
filtlong-porechop_abi,100x,ATCC_25922__202309,hac,0.06,0.21,5132217.0,0.9999994154576384,5056233.3,1.000010164900862,1.005,3,-2,0,2,0,2,"plasmid_3 (3173bp, 0.0% cov); plasmid_4 (1919bp, 0.0% cov)","chromosome (5132220bp, 99.9999% cov); plasmid_1 (48488bp, 99.9979% cov); plasmid_2 (24185bp, 100.0% cov); plasmid_3 (3173bp, 0.0% cov); plasmid_4 (1919bp, 0.0% cov)"
filtlong-porechop_abi,20x,ATCC_25922__202309,hac,1.97,2.1,5132165.0,0.999989283390034,5056137.9,0.9999912969088074,1.004,5,-1,0,2,0,2,"plasmid_3 (3173bp, 0.0% cov); plasmid_4 (1919bp, 0.0% cov)","chromosome (5132220bp, 99.9897% cov); plasmid_1 (48488bp, 99.9979% cov); plasmid_2 (24185bp, 100.0% cov); plasmid_3 (3173bp, 0.0% cov); plasmid_4 (1919bp, 0.0% cov)"
filtlong-porechop_abi,100x,ATCC_25922__202309,sup,0.02,0.13,5132219.0,0.999999805152546,5056236.9,1.0000108769005625,1.005,3,-2,0,2,0,2,"plasmid_3 (3173bp, 0.0% cov); plasmid_4 (1919bp, 0.0% cov)","chromosome (5132220bp, 100.0% cov); plasmid_1 (48488bp, 99.9588% cov); plasmid_2 (24185bp, 100.0% cov); plasmid_3 (3173bp, 0.0% cov); plasmid_4 (1919bp, 0.0% cov)"
filtlong-porechop_abi,20x,ATCC_25922__202309,sup,0.06,0.23,5131243.0,0.999809634037512,5054307.4,0.999629264839035,1.005,3,-2,0,2,0,2,"plasmid_3 (3173bp, 0.0% cov); plasmid_4 (1919bp, 0.0% cov)","chromosome (5132220bp, 99.9809% cov); plasmid_1 (48488bp, 99.9567% cov); plasmid_2 (24185bp, 100.0% cov); plasmid_3 (3173bp, 0.0% cov); plasmid_4 (1919bp, 0.0% cov)"
filtlong-porechop_abi,100x,ATCC_33560__202309,hac,0.17,0.23,1768506.0,1.000032797119282,1768564.0,1.000065594238564,1.0,0,0,0,0,0,0,,"chromosome (1768448bp, 99.9999% cov)"
filtlong-porechop_abi,20x,ATCC_33560__202309,hac,2.26,1.47,1768468.0,1.0000113093514766,1768488.0,1.000022618702953,1.0,0,0,0,0,0,0,,"chromosome (1768448bp, 99.9998% cov)"
filtlong-porechop_abi,100x,ATCC_33560__202309,sup,0.34,0.06,1768446.0,0.9999988690648524,1768444.0,0.9999977381297048,1.0,0,0,0,0,0,0,,"chromosome (1768448bp, 99.9999% cov)"
filtlong-porechop_abi,20x,ATCC_33560__202309,sup,2.32,0.45,1768453.0,1.0000028273378692,1768458.0,1.0000056546757383,1.0,0,0,0,0,0,0,,"chromosome (1768448bp, 99.9999% cov)"
filtlong-porechop_abi,100x,ATCC_35221__202309,hac,0.46,0.2,1513363.0,0.999996696110926,1513358.0,0.9999933922218522,1.0,0,0,0,0,0,0,,"chromosome (1513368bp, 99.9997% cov)"
filtlong-porechop_abi,20x,ATCC_35221__202309,hac,1.32,0.99,1513373.0,1.000003303889074,1513378.0,1.0000066077781478,1.0,0,0,0,0,0,0,,"chromosome (1513368bp, 99.9996% cov)"
filtlong-porechop_abi,100x,ATCC_35221__202309,sup,0.93,0.33,1513359.0,0.9999940529996668,1513350.0,0.999988105999334,1.0,0,0,0,0,0,0,,"chromosome (1513368bp, 99.9994% cov)"
filtlong-porechop_abi,20x,ATCC_35221__202309,sup,3.44,0.99,1513373.0,1.000003303889074,1513378.0,1.0000066077781478,1.0,0,0,0,0,0,0,,"chromosome (1513368bp, 99.9995% cov)"
filtlong-porechop_abi,100x,ATCC_35897__202309,hac,0.0,0.04,2814136.0,0.9999996446512732,2814135.0,0.9999992893025464,1.0,0,0,0,0,0,0,,"chromosome (2814137bp, 100% cov)"
filtlong-porechop_abi,20x,ATCC_35897__202309,hac,0.04,0.28,2814135.0,0.9999992893025464,2814133.0,0.9999985786050928,1.0,0,0,0,0,0,0,,"chromosome (2814137bp, 99.9998% cov)"
filtlong-porechop_abi,100x,ATCC_35897__202309,sup,0.0,0.0,2814137.0,1.0,2814137.0,1.0,1.0,0,0,0,0,0,0,,"chromosome (2814137bp, 100% cov)"
filtlong-porechop_abi,20x,ATCC_35897__202309,sup,0.0,0.04,2812318.0,0.9993536206659448,2810500.2,0.998707667750362,1.0,0,0,0,0,0,0,,"chromosome (2814137bp, 99.9353% cov)"
filtlong-porechop_abi,100x,ATCC_BAA-679__202309,hac,0.0,0.17,2944525.0,0.9999983019361324,2944520.0,0.9999966038722649,1.0,0,0,0,0,0,0,,"chromosome (2944530bp, 99.9998% cov)"
filtlong-porechop_abi,20x,ATCC_BAA-679__202309,hac,0.1,0.2,2944526.0,0.999998641548906,2944522.0,0.999997283097812,1.0,0,0,0,0,0,0,,"chromosome (2944530bp, 99.9998% cov)"
filtlong-porechop_abi,100x,ATCC_BAA-679__202309,sup,0.0,0.03,2944529.0,0.9999996603872264,2944528.0,0.999999320774453,1.0,0,0,0,0,0,0,,"chromosome (2944530bp, 100% cov)"
filtlong-porechop_abi,20x,ATCC_BAA-679__202309,sup,0.0,0.1,2944529.0,0.9999996603872264,2944528.0,0.999999320774453,1.0,0,0,0,0,0,0,,"chromosome (2944530bp, 99.9999% cov)"
filtlong-porechop_abi,100x,BPH2947__202310,hac,0.87,0.77,3049602.0,0.9999996720884652,3020053.9,1.0000784678996908,1.009,1,-1,0,1,0,1,"plasmid_2 (3011bp, 0% cov)","chromosome (3049603bp, 100% cov); plasmid_1 (27319bp, 100% cov); plasmid_2 (3011bp, 0% cov)"
filtlong-porechop_abi,20x,BPH2947__202310,hac,0.13,0.2,3049603.0,1.0,3019814.0,0.9999990259981908,1.0,0,-1,0,1,0,1,"plasmid_2 (3011bp, 0.0% cov)","chromosome (3049603bp, 99.9999% cov); plasmid_1 (27319bp, 100.0% cov); plasmid_2 (3011bp, 0.0% cov)"
filtlong-porechop_abi,100x,BPH2947__202310,sup,0.0,0.0,3049603.0,1.0,3019814.0,0.9999990259981908,1.0,0,-1,0,1,0,1,"plasmid_2 (3011bp, 0% cov)","chromosome (3049603bp, 100% cov); plasmid_1 (27319bp, 100% cov); plasmid_2 (3011bp, 0% cov)"
filtlong-porechop_abi,20x,BPH2947__202310,sup,0.0,0.03,3049604.0,1.0000003279115348,3019816.0,0.9999996882899914,1.0,0,-1,0,1,0,1,"plasmid_2 (3011bp, 0% cov)","chromosome (3049603bp, 100% cov); plasmid_1 (27319bp, 100% cov); plasmid_2 (3011bp, 0% cov)"
filtlong-porechop_abi,100x,MMC234__202311,hac,0.36,0.73,2204975.0,0.9999954648217562,2204965.0,0.9999909296435124,1.0,0,0,0,0,0,0,,"chromosome (2204985bp, 99.9993% cov)"
filtlong-porechop_abi,20x,MMC234__202311,hac,1.27,2.31,2205005.0,1.0000090703564877,2205025.0,1.0000181407129751,1.0,0,0,0,0,0,0,,"chromosome (2204985bp, 99.9992% cov)"
filtlong-porechop_abi,100x,MMC234__202311,sup,0.23,0.32,2204968.0,0.9999922901969854,2204951.0,0.999984580393971,1.0,0,0,0,0,0,0,,"chromosome (2204985bp, 99.9992% cov)"
filtlong-porechop_abi,20x,MMC234__202311,sup,0.45,0.95,2204990.0,1.000002267589122,2204995.0,1.0000045351782438,1.0,0,0,0,0,0,0,,"chromosome (2204985bp, 99.9995% cov)"
filtlong-porechop_abi,100x,RDH275__202311,hac,0.0,0.22,1793503.0,0.999997769732708,1793499.0,0.999995539465416,1.0,0,0,0,0,0,0,,"chromosome (1793507bp, 99.9998% cov)"
filtlong-porechop_abi,20x,RDH275__202311,hac,0.06,0.78,1793499.0,0.999995539465416,1793491.0,0.9999910789308322,1.0,0,0,0,0,0,0,,"chromosome (1793507bp, 99.9994% cov)"
filtlong-porechop_abi,100x,RDH275__202311,sup,0.0,0.17,1793504.0,0.999998327299531,1793501.0,0.999996654599062,1.0,0,0,0,0,0,0,,"chromosome (1793507bp, 99.9998% cov)"
filtlong-porechop_abi,20x,RDH275__202311,sup,0.0,0.22,1793505.0,0.999998884866354,1793503.0,0.999997769732708,1.0,0,0,0,0,0,0,,"chromosome (1793507bp, 99.9998% cov)"
filtlong-untrimmed,100x,AJ292__202310,hac,0.0,0.55,5445104.0,0.9999948577922444,5445076.0,0.999989715584489,1.0,0,0,0,0,0,0,,"chromosome (5445132bp, 99.9995% cov)"
filtlong-untrimmed,20x,AJ292__202310,hac,0.13,1.01,5445113.0,0.9999965106447374,5445094.0,0.9999930212894748,1.0,0,0,0,0,0,0,,"chromosome (5445132bp, 99.9993% cov)"
filtlong-untrimmed,100x,AJ292__202310,sup,0.0,0.07,5445128.0,0.999999265398892,5445124.0,0.999998530797784,1.0,0,0,0,0,0,0,,"chromosome (5445132bp, 99.9999% cov)"
filtlong-untrimmed,20x,AJ292__202310,sup,0.02,0.15,5445129.0,0.999999449049169,5445126.0,0.999998898098338,1.0,0,1,0,0,0,0,,"chromosome (5445132bp, 99.9999% cov)"
filtlong-untrimmed,100x,AMtb_1__202402,hac,0.0,0.3,4405436.0,0.9999970491089556,4405423.0,0.9999940982179116,1.0,0,0,0,0,0,0,,"chromosome (4405449bp, 99.9997% cov)"
filtlong-untrimmed,20x,AMtb_1__202402,hac,0.91,1.74,1103065.0,0.250386509978892,1145070.9,0.2599214972185582,1.003,2,3,1,0,0,0,,"chromosome (4405449bp, 99.9994% cov)"
filtlong-untrimmed,100x,AMtb_1__202402,sup,0.0,0.05,4405447.0,0.9999995460167624,4405445.0,0.9999990920335248,1.0,0,0,0,0,0,0,,"chromosome (4405449bp, 100% cov)"
filtlong-untrimmed,20x,AMtb_1__202402,sup,0.14,0.27,3531909.0,0.8017137413235291,2904026.9,0.6591897670362317,1.001,1,2,0,0,0,0,,"chromosome (4405449bp, 99.9768% cov)"
filtlong-untrimmed,100x,ATCC_10708__202309,hac,0.08,0.29,4752107.0,0.9999976852426644,4703534.3,0.999995359996376,1.0,0,0,0,0,0,0,,"chromosome (4752118bp, 99.9997% cov); plasmid (49586bp, 99.9939% cov)"
filtlong-untrimmed,20x,ATCC_10708__202309,hac,0.21,0.87,4752125.0,1.0000014730273954,4703569.9,1.0000029287377832,1.0,0,0,0,0,0,0,,"chromosome (4752118bp, 99.9996% cov); plasmid (49586bp, 99.996% cov)"
filtlong-untrimmed,100x,ATCC_10708__202309,sup,0.08,0.17,4752112.0,0.9999987374050896,4703544.1,0.999997443526314,1.0,0,0,0,0,0,0,,"chromosome (4752118bp, 99.9999% cov); plasmid (49586bp, 99.9899% cov)"
filtlong-untrimmed,20x,ATCC_10708__202309,sup,0.19,0.21,4752114.0,0.9999991582700598,4703548.1,0.9999982939466968,1.0,0,0,0,0,0,0,,"chromosome (4752118bp, 99.9999% cov); plasmid (49586bp, 99.9899% cov)"
filtlong-untrimmed,100x,ATCC_17802__202309,hac,0.17,0.29,3281437.0,0.99999817153612,2768252.0,0.9999953912922732,1.0,0,0,0,0,0,0,,"chromosome_1 (3281443bp, 99.9998% cov); chromosome_2 (1865648bp, 99.9996% cov)"
filtlong-untrimmed,20x,ATCC_17802__202309,hac,0.8,0.62,3281443.0,1.0,2768264.8,1.0000000151274615,1.0,0,0,0,0,0,0,,"chromosome_1 (3281443bp, 99.9997% cov); chromosome_2 (1865648bp, 99.9997% cov)"
filtlong-untrimmed,100x,ATCC_17802__202309,sup,0.0,0.08,3281440.0,0.99999908576806,2768260.2,0.9999983534366907,1.0,0,0,0,0,0,0,,"chromosome_1 (3281443bp, 99.9999% cov); chromosome_2 (1865648bp, 99.9999% cov)"
filtlong-untrimmed,20x,ATCC_17802__202309,sup,0.06,0.1,3281442.0,0.99999969525602,2768262.0,0.9999990036635142,1.0,0,0,0,0,0,0,,"chromosome_1 (3281443bp, 99.9999% cov); chromosome_2 (1865648bp, 99.9999% cov)"
filtlong-untrimmed,100x,ATCC_19119__202309,hac,0.0,0.17,2919541.0,0.9999972598507508,2919533.0,0.999994519701502,1.0,0,0,0,0,0,0,,"chromosome (2919549bp, 99.9997% cov)"
filtlong-untrimmed,20x,ATCC_19119__202309,hac,0.0,0.55,2919538.0,0.9999962322947824,2919527.0,0.999992464589565,1.0,0,0,0,0,0,0,,"chromosome (2919549bp, 99.9995% cov)"
filtlong-untrimmed,100x,ATCC_19119__202309,sup,0.0,0.21,2919534.0,0.999994862220158,2919519.0,0.999989724440316,1.0,0,0,0,0,0,0,,"chromosome (2919549bp, 99.9995% cov)"
filtlong-untrimmed,20x,ATCC_19119__202309,sup,0.0,0.24,2919533.0,0.999994519701502,2919517.0,0.9999890394030037,1.0,0,0,0,0,0,0,,"chromosome (2919549bp, 99.9994% cov)"
filtlong-untrimmed,100x,ATCC_25922__202309,hac,0.23,0.48,5132217.0,0.9999994154576384,5056235.1,1.0000105209007122,1.005,3,-1,0,2,0,2,"plasmid_3 (3173bp, 0.0% cov); plasmid_4 (1919bp, 0.0% cov)","chromosome (5132220bp, 99.9999% cov); plasmid_1 (48488bp, 99.9979% cov); plasmid_2 (24185bp, 100.0% cov); plasmid_3 (3173bp, 0.0% cov); plasmid_4 (1919bp, 0.0% cov)"
filtlong-untrimmed,20x,ATCC_25922__202309,hac,0.86,1.79,5132254.0,1.0000066248134336,5056195.6,1.0000027086817795,1.001,2,-1,0,2,0,2,"plasmid_3 (3173bp, 0.0% cov); plasmid_4 (1919bp, 0.0% cov)","chromosome (5132220bp, 99.9994% cov); plasmid_1 (48488bp, 99.9443% cov); plasmid_2 (24185bp, 100.0% cov); plasmid_3 (3173bp, 0.0% cov); plasmid_4 (1919bp, 0.0% cov)"
filtlong-untrimmed,100x,ATCC_25922__202309,sup,0.04,0.02,5132219.0,0.999999805152546,5056126.6,0.9999890620208596,1.001,2,-1,0,2,0,2,"plasmid_3 (3173bp, 0% cov); plasmid_4 (1919bp, 0% cov)","chromosome (5132220bp, 100% cov); plasmid_1 (48488bp, 100% cov); plasmid_2 (24185bp, 100% cov); plasmid_3 (3173bp, 0% cov); plasmid_4 (1919bp, 0% cov)"
filtlong-untrimmed,20x,ATCC_25922__202309,sup,0.04,0.06,5132219.0,0.999999805152546,5056125.0,0.9999887455765484,1.0,2,-2,0,2,0,2,"plasmid_3 (3173bp, 0% cov); plasmid_4 (1919bp, 0% cov)","chromosome (5132220bp, 100% cov); plasmid_1 (48488bp, 100% cov); plasmid_2 (24185bp, 100% cov); plasmid_3 (3173bp, 0% cov); plasmid_4 (1919bp, 0% cov)"
filtlong-untrimmed,100x,ATCC_33560__202309,hac,0.4,0.11,1768447.0,0.999999434532426,1768446.0,0.9999988690648524,1.0,0,0,0,0,0,0,,"chromosome (1768448bp, 99.9999% cov)"
filtlong-untrimmed,20x,ATCC_33560__202309,hac,1.92,1.75,1768469.0,1.0000118748190503,1768490.0,1.0000237496381008,1.0,0,0,0,0,0,0,,"chromosome (1768448bp, 99.9997% cov)"
filtlong-untrimmed,100x,ATCC_33560__202309,sup,0.34,0.06,1768446.0,0.9999988690648524,1768444.0,0.9999977381297048,1.0,0,0,0,0,0,0,,"chromosome (1768448bp, 99.9999% cov)"
filtlong-untrimmed,20x,ATCC_33560__202309,sup,2.54,0.74,1768458.0,1.0000056546757383,1768468.0,1.0000113093514766,1.0,0,0,0,0,0,0,,"chromosome (1768448bp, 99.9999% cov)"
filtlong-untrimmed,100x,ATCC_35221__202309,hac,0.4,0.2,1513363.0,0.999996696110926,1513358.0,0.9999933922218522,1.0,0,0,0,0,0,0,,"chromosome (1513368bp, 99.9997% cov)"
filtlong-untrimmed,20x,ATCC_35221__202309,hac,1.26,1.65,1513373.0,1.000003303889074,1513378.0,1.0000066077781478,1.0,0,0,0,0,0,0,,"chromosome (1513368bp, 99.9993% cov)"
filtlong-untrimmed,100x,ATCC_35221__202309,sup,1.12,0.33,1513359.0,0.9999940529996668,1513350.0,0.999988105999334,1.0,0,0,0,0,0,0,,"chromosome (1513368bp, 99.9994% cov)"
filtlong-untrimmed,20x,ATCC_35221__202309,sup,2.91,1.39,1513379.0,1.000007268555963,1513390.0,1.0000145371119251,1.0,0,0,0,0,0,0,,"chromosome (1513368bp, 99.9995% cov)"
filtlong-untrimmed,100x,ATCC_35897__202309,hac,0.0,0.04,2814136.0,0.9999996446512732,2814135.0,0.9999992893025464,1.0,0,0,0,0,0,0,,"chromosome (2814137bp, 100% cov)"
filtlong-untrimmed,20x,ATCC_35897__202309,hac,0.25,0.28,2814135.0,0.9999992893025464,2814133.0,0.9999985786050928,1.0,0,0,0,0,0,0,,"chromosome (2814137bp, 99.9998% cov)"
filtlong-untrimmed,100x,ATCC_35897__202309,sup,0.0,0.0,2814137.0,1.0,2814137.0,1.0,1.0,0,0,0,0,0,0,,"chromosome (2814137bp, 100% cov)"
filtlong-untrimmed,20x,ATCC_35897__202309,sup,0.0,0.07,2814139.0,1.0000007106974536,2814141.0,1.000001421394907,1.0,0,0,0,0,0,0,,"chromosome (2814137bp, 100% cov)"
filtlong-untrimmed,100x,ATCC_BAA-679__202309,hac,0.0,0.14,2944526.0,0.999998641548906,2944522.0,0.999997283097812,1.0,0,0,0,0,0,0,,"chromosome (2944530bp, 99.9999% cov)"
filtlong-untrimmed,20x,ATCC_BAA-679__202309,hac,0.03,0.41,2944526.0,0.999998641548906,2944522.0,0.999997283097812,1.0,0,0,0,0,0,0,,"chromosome (2944530bp, 99.9997% cov)"
filtlong-untrimmed,100x,ATCC_BAA-679__202309,sup,0.0,0.03,2944529.0,0.9999996603872264,2944528.0,0.999999320774453,1.0,0,0,0,0,0,0,,"chromosome (2944530bp, 100% cov)"
filtlong-untrimmed,20x,ATCC_BAA-679__202309,sup,0.0,0.24,2944529.0,0.9999996603872264,2944528.0,0.999999320774453,1.0,0,0,0,0,0,0,,"chromosome (2944530bp, 99.9999% cov)"
filtlong-untrimmed,100x,BPH2947__202310,hac,0.45,0.68,3049603.0,1.0,3020056.4,1.0000792957644418,1.009,1,-1,0,1,0,1,"plasmid_2 (3011bp, 0% cov)","chromosome (3049603bp, 100% cov); plasmid_1 (27319bp, 100% cov); plasmid_2 (3011bp, 0% cov)"
filtlong-untrimmed,20x,BPH2947__202310,hac,0.03,0.26,3049606.0,1.0000009837346042,3019820.0,1.000001012873593,1.0,0,-1,0,1,0,1,"plasmid_2 (3011bp, 0.0% cov)","chromosome (3049603bp, 99.9999% cov); plasmid_1 (27319bp, 100.0% cov); plasmid_2 (3011bp, 0.0% cov)"
filtlong-untrimmed,100x,BPH2947__202310,sup,0.0,0.0,3049603.0,1.0,3019814.0,0.9999990259981908,1.0,0,-1,0,1,0,1,"plasmid_2 (3011bp, 0% cov)","chromosome (3049603bp, 100% cov); plasmid_1 (27319bp, 100% cov); plasmid_2 (3011bp, 0% cov)"
filtlong-untrimmed,20x,BPH2947__202310,sup,0.0,0.06,3049605.0,1.0000006558230694,3019818.0,1.0000003505817925,1.0,0,-1,0,1,0,1,"plasmid_2 (3011bp, 0% cov)","chromosome (3049603bp, 100% cov); plasmid_1 (27319bp, 100% cov); plasmid_2 (3011bp, 0% cov)"
filtlong-untrimmed,100x,MMC234__202311,hac,0.41,0.77,2204974.0,0.9999950113039318,2204963.0,0.9999900226078636,1.0,0,0,0,0,0,0,,"chromosome (2204985bp, 99.9993% cov)"
filtlong-untrimmed,20x,MMC234__202311,hac,1.18,1.9,2205007.0,1.0000099773921365,2205029.0,1.000019954784273,1.0,0,0,0,0,0,0,,"chromosome (2204985bp, 99.9994% cov)"
filtlong-untrimmed,100x,MMC234__202311,sup,0.18,0.27,2204969.0,0.9999927437148098,2204953.0,0.9999854874296196,1.0,0,0,0,0,0,0,,"chromosome (2204985bp, 99.9993% cov)"
filtlong-untrimmed,20x,MMC234__202311,sup,0.27,0.63,2204978.0,0.9999968253752292,2204971.0,0.9999936507504588,1.0,0,0,0,0,0,0,,"chromosome (2204985bp, 99.9993% cov)"
filtlong-untrimmed,100x,RDH275__202311,hac,0.0,0.11,1793505.0,0.999998884866354,1793503.0,0.999997769732708,1.0,0,0,0,0,0,0,,"chromosome (1793507bp, 99.9999% cov)"
filtlong-untrimmed,20x,RDH275__202311,hac,0.11,0.39,1793508.0,1.000000557566823,1793509.0,1.000001115133646,1.0,0,0,0,0,0,0,,"chromosome (1793507bp, 99.9998% cov)"
filtlong-untrimmed,100x,RDH275__202311,sup,0.0,0.11,1793505.0,0.999998884866354,1793503.0,0.999997769732708,1.0,0,0,0,0,0,0,,"chromosome (1793507bp, 99.9999% cov)"
filtlong-untrimmed,20x,RDH275__202311,sup,0.0,0.17,1793506.0,0.999999442433177,1793505.0,0.999998884866354,1.0,0,0,0,0,0,0,,"chromosome (1793507bp, 99.9999% cov)"
seqkit-barbell,100x,AJ292__202310,hac,0.0,0.55,5445103.0,0.9999946741419676,5445074.0,0.999989348283935,1.0,0,0,0,0,0,0,,"chromosome (5445132bp, 99.9994% cov)"
seqkit-barbell,20x,AJ292__202310,hac,0.15,0.97,5445097.0,0.9999935722403056,5445062.0,0.9999871444806112,1.0,0,0,0,0,0,0,,"chromosome (5445132bp, 99.9992% cov)"
seqkit-barbell,100x,AJ292__202310,sup,0.0,0.0,5445132.0,1.0,5445132.0,1.0,1.0,0,0,0,0,0,0,,"chromosome (5445132bp, 100% cov)"
seqkit-barbell,20x,AJ292__202310,sup,0.04,0.07,5445135.0,1.000000550950831,5445138.0,1.000001101901662,1.0,0,0,0,0,0,0,,"chromosome (5445132bp, 100% cov)"
seqkit-barbell,100x,AMtb_1__202402,hac,0.0,0.36,4405433.0,0.9999963681340994,4405417.0,0.9999927362681988,1.0,0,0,0,0,0,0,,"chromosome (4405449bp, 99.9996% cov)"
seqkit-barbell,20x,AMtb_1__202402,hac,4.65,3.6,2782621.0,0.6316316452647619,2360415.4,0.5357945126592091,1.002,1,0,0,0,0,0,,"chromosome (4405449bp, 99.9996% cov)"
seqkit-barbell,100x,AMtb_1__202402,sup,0.05,0.07,4405446.0,0.9999993190251436,4405443.0,0.9999986380502872,1.0,0,0,0,0,0,0,,"chromosome (4405449bp, 99.9999% cov)"
seqkit-barbell,20x,AMtb_1__202402,sup,0.0,0.09,4405448.0,0.9999997730083812,4405447.0,0.9999995460167624,1.0,0,0,0,0,0,0,,"chromosome (4405449bp, 99.9999% cov)"
seqkit-barbell,100x,ATCC_10708__202309,hac,0.06,0.33,4752100.0,0.999996212215269,4703556.4,1.0000000585689912,1.004,0,2,0,0,0,0,,"chromosome (4752118bp, 99.9996% cov); plasmid (49586bp, 99.996% cov)"
seqkit-barbell,20x,ATCC_10708__202309,hac,0.44,1.18,4752118.0,1.0,4703592.1,1.0000076485709075,1.004,0,3,0,0,0,0,,"chromosome (4752118bp, 99.9994% cov); plasmid (49586bp, 99.996% cov)"
seqkit-barbell,100x,ATCC_10708__202309,sup,0.04,0.21,4752109.0,0.9999981061076344,4703574.2,1.000003842939695,1.004,0,3,0,0,0,0,,"chromosome (4752118bp, 99.9998% cov); plasmid (49586bp, 99.9899% cov)"
seqkit-barbell,20x,ATCC_10708__202309,sup,0.33,0.46,4752118.0,1.0,4703584.5,1.0000060327721805,1.004,1,3,0,0,0,0,,"chromosome (4752118bp, 99.9999% cov); plasmid (49586bp, 99.9879% cov)"
seqkit-barbell,100x,ATCC_17802__202309,hac,0.29,0.31,3281438.0,0.9999984762801,2768251.9,0.9999953551685606,1.0,0,1,0,0,0,0,,"chromosome_1 (3281443bp, 99.9998% cov); chromosome_2 (1865648bp, 99.9995% cov)"
seqkit-barbell,20x,ATCC_17802__202309,hac,0.97,0.45,3281447.0,1.00000121897592,2768260.4,0.9999984256841156,1.0,0,1,0,0,0,0,,"chromosome_1 (3281443bp, 99.9999% cov); chromosome_2 (1865648bp, 99.9992% cov)"
seqkit-barbell,100x,ATCC_17802__202309,sup,0.0,0.06,3281441.0,0.99999939051204,2768261.5,0.999998823044952,1.0,0,1,0,0,0,0,,"chromosome_1 (3281443bp, 99.9999% cov); chromosome_2 (1865648bp, 99.9999% cov)"
seqkit-barbell,20x,ATCC_17802__202309,sup,0.64,0.47,3270576.0,0.996688347169218,2754431.5,0.9950029136185082,1.0,0,1,0,0,0,0,,"chromosome_1 (3281443bp, 99.6685% cov); chromosome_2 (1865648bp, 100.0% cov)"
seqkit-barbell,100x,ATCC_19119__202309,hac,0.03,0.17,2919541.0,0.9999972598507508,2919545.5,0.9999988011847036,1.002,0,1,0,0,0,0,,"chromosome (2919549bp, 99.9997% cov)"
seqkit-barbell,20x,ATCC_19119__202309,hac,0.55,1.09,2919534.0,0.999994862220158,2919531.0,0.9999938346641896,1.002,0,1,0,0,0,0,,"chromosome (2919549bp, 99.9985% cov)"
seqkit-barbell,100x,ATCC_19119__202309,sup,0.0,0.21,2919534.0,0.999994862220158,2919531.4,0.999993971671652,1.002,0,1,0,0,0,0,,"chromosome (2919549bp, 99.9995% cov)"
seqkit-barbell,20x,ATCC_19119__202309,sup,0.07,0.31,2919533.0,0.999994519701502,2919529.4,0.9999932866343396,1.002,0,1,0,0,0,0,,"chromosome (2919549bp, 99.9995% cov)"
seqkit-barbell,100x,ATCC_25922__202309,hac,0.06,0.36,5132206.0,0.999997272135645,5056156.7,0.999995015129464,1.001,3,0,0,0,0,0,,"chromosome (5132220bp, 99.9997% cov); plasmid_1 (48488bp, 99.9979% cov); plasmid_2 (24185bp, 99.2475% cov); plasmid_3 (3173bp, 100.0% cov); plasmid_4 (1919bp, 100.0% cov)"
seqkit-barbell,20x,ATCC_25922__202309,hac,3.78,3.93,4156973.0,0.8099756050987682,3500726.4,0.6923655964484078,1.002,1,3,0,0,0,0,,"chromosome (5132220bp, 99.9957% cov); plasmid_1 (48488bp, 98.2944% cov); plasmid_2 (24185bp, 100.0% cov); plasmid_3 (3173bp, 96.7539% cov); plasmid_4 (1919bp, 94.5805% cov)"
seqkit-barbell,100x,ATCC_25922__202309,sup,0.1,0.15,5132219.0,0.999999805152546,5056122.4,0.9999882313545428,1.0,0,0,0,1,0,1,"plasmid_4 (1919bp, 0.0% cov)","chromosome (5132220bp, 100.0% cov); plasmid_1 (48488bp, 98.2367% cov); plasmid_2 (24185bp, 98.1021% cov); plasmid_3 (3173bp, 100.0% cov); plasmid_4 (1919bp, 0.0% cov)"
seqkit-barbell,20x,ATCC_25922__202309,sup,0.92,0.32,4325734.0,0.8428582562711653,3684945.0,0.7287999264394321,1.005,4,3,0,0,0,0,,"chromosome (5132220bp, 99.9999% cov); plasmid_1 (48488bp, 98.2367% cov); plasmid_2 (24185bp, 100.0% cov); plasmid_3 (3173bp, 100.0% cov); plasmid_4 (1919bp, 98.8536% cov)"
seqkit-barbell,100x,ATCC_33560__202309,hac,0.51,0.28,1768442.0,0.9999966071945572,1768436.0,0.999993214389114,1.0,0,0,0,0,0,0,,"chromosome (1768448bp, 99.9997% cov)"
seqkit-barbell,20x,ATCC_33560__202309,hac,3.68,3.68,1768495.0,1.00002657697597,1768542.0,1.0000531539519395,1.0,0,0,0,0,0,0,,"chromosome (1768448bp, 99.9989% cov)"
seqkit-barbell,100x,ATCC_33560__202309,sup,0.17,0.23,1768445.0,0.9999983035972784,1768442.0,0.9999966071945572,1.0,0,0,0,0,0,0,,"chromosome (1768448bp, 99.9998% cov)"
seqkit-barbell,20x,ATCC_33560__202309,sup,2.55,0.96,1766302.0,0.9987865065865664,1764158.6,0.9975744833888246,1.0,0,0,0,0,0,0,,"chromosome (1768448bp, 99.8779% cov)"
seqkit-barbell,100x,ATCC_35221__202309,hac,0.53,0.26,1513365.0,0.9999980176665556,1513362.0,0.9999960353331112,1.0,0,0,0,0,0,0,,"chromosome (1513368bp, 99.9997% cov)"
seqkit-barbell,20x,ATCC_35221__202309,hac,2.85,3.64,872471.0,0.5765094808400865,577741.3,0.3817586337229279,1.0,3,3,0,0,0,0,,"chromosome (1513368bp, 99.9521% cov)"
seqkit-barbell,100x,ATCC_35221__202309,sup,0.53,0.26,1513361.0,0.9999953745552964,1513354.0,0.999990749110593,1.0,0,0,0,0,0,0,,"chromosome (1513368bp, 99.9995% cov)"
seqkit-barbell,20x,ATCC_35221__202309,sup,2.98,2.58,872466.0,0.5765061769510126,584911.7,0.386496674966036,1.0,2,3,0,0,0,0,,"chromosome (1513368bp, 99.853% cov)"
seqkit-barbell,100x,ATCC_35897__202309,hac,0.04,0.18,2814136.0,0.9999996446512732,2814147.9,1.000003873301122,1.002,0,1,0,0,0,0,,"chromosome (2814137bp, 99.9999% cov)"
seqkit-barbell,20x,ATCC_35897__202309,hac,0.5,0.5,2814139.0,1.0000007106974536,2814153.9,1.000006005393483,1.002,0,1,0,0,0,0,,"chromosome (2814137bp, 99.9998% cov)"
seqkit-barbell,100x,ATCC_35897__202309,sup,0.0,0.07,2814135.0,0.9999992893025464,2814145.9,1.0000031626036685,1.002,0,1,0,0,0,0,,"chromosome (2814137bp, 99.9999% cov)"
seqkit-barbell,20x,ATCC_35897__202309,sup,0.11,0.11,2814136.0,0.9999996446512732,2814144.2,1.000002558510833,1.002,0,1,0,0,0,0,,"chromosome (2814137bp, 99.9999% cov)"
seqkit-barbell,100x,ATCC_BAA-679__202309,hac,0.03,0.34,2944521.0,0.9999969434850384,2944524.3,0.999998064207191,1.002,0,1,0,0,0,0,,"chromosome (2944530bp, 99.9997% cov)"
seqkit-barbell,20x,ATCC_BAA-679__202309,hac,0.07,0.64,2944522.0,0.999997283097812,2944522.9,0.999997588749308,1.002,0,1,0,0,0,0,,"chromosome (2944530bp, 99.9991% cov)"
seqkit-barbell,100x,ATCC_BAA-679__202309,sup,0.44,0.34,2944529.0,0.9999996603872264,2944539.0,1.0000030565149616,1.002,0,1,0,0,0,0,,"chromosome (2944530bp, 100% cov)"
seqkit-barbell,20x,ATCC_BAA-679__202309,sup,0.2,0.24,2944896.0,1.0001242982751066,2945270.9,1.0002516191038977,1.002,0,2,0,0,0,0,,"chromosome (2944530bp, 99.9998% cov)"
seqkit-barbell,100x,BPH2947__202310,hac,0.0,0.03,3049603.0,1.0,3019819.9,1.0000009797590028,1.001,1,0,0,0,0,0,,"chromosome (3049603bp, 100.0% cov); plasmid_1 (27319bp, 99.9963% cov); plasmid_2 (3011bp, 100.0% cov)"
seqkit-barbell,20x,BPH2947__202310,hac,2.97,1.4,534396.0,0.1752346125052998,888147.6,0.2941064366688248,1.0,5,5,0,0,0,0,,"chromosome (3049603bp, 99.5849% cov); plasmid_1 (27319bp, 99.9963% cov); plasmid_2 (3011bp, 100.0% cov)"
seqkit-barbell,100x,BPH2947__202310,sup,1.95,2.64,1647542.0,0.5402480257266273,1419720.4,0.4701345901402409,1.0,2,2,0,0,0,0,,"chromosome (3049603bp, 99.7286% cov); plasmid_1 (27319bp, 100.0% cov); plasmid_2 (3011bp, 100.0% cov)"
seqkit-barbell,20x,BPH2947__202310,sup,2.36,1.11,460810.0,0.1511049143117973,367838.8,0.1218083106192445,1.0,8,9,0,0,0,0,,"chromosome (3049603bp, 99.173% cov); plasmid_1 (27319bp, 98.5285% cov); plasmid_2 (3011bp, 100.0% cov)"
seqkit-barbell,100x,MMC234__202311,hac,0.41,0.81,2204983.0,0.9999990929643512,2204997.0,1.0000054422138926,1.003,0,1,0,0,0,0,,"chromosome (2204985bp, 99.9995% cov)"
seqkit-barbell,20x,MMC234__202311,hac,1.27,2.89,2205013.0,1.0000126984990827,2205055.8,1.0000321090619664,1.003,0,1,0,0,0,0,,"chromosome (2204985bp, 99.9992% cov)"
seqkit-barbell,100x,MMC234__202311,sup,0.18,0.54,2204968.0,0.9999922901969854,2204967.0,0.999991836679161,1.003,0,1,0,0,0,0,,"chromosome (2204985bp, 99.9991% cov)"
seqkit-barbell,20x,MMC234__202311,sup,0.91,1.18,1498013.0,0.6793755966593877,1108451.3,0.5027024220119412,1.0,2,3,0,0,0,0,,"chromosome (2204985bp, 99.6387% cov)"
seqkit-barbell,100x,RDH275__202311,hac,0.0,0.22,1793503.0,0.999997769732708,1793499.0,0.999995539465416,1.0,0,1,0,0,0,0,,"chromosome (1793507bp, 99.9998% cov)"
seqkit-barbell,20x,RDH275__202311,hac,0.28,0.73,1786992.0,0.9963674521482212,1780500.7,0.9927481186301474,1.0,1,1,0,0,0,0,,"chromosome (1793507bp, 99.6366% cov)"
seqkit-barbell,100x,RDH275__202311,sup,0.0,0.28,1793505.0,0.999998884866354,1793524.0,1.0000094786359908,1.003,0,2,0,0,0,0,,"chromosome (1793507bp, 99.9998% cov)"
seqkit-barbell,20x,RDH275__202311,sup,0.33,0.78,968449.0,0.5399750321576665,619197.8,0.3452441501482849,1.003,3,8,0,0,0,0,,"chromosome (1793507bp, 99.8752% cov)"
seqkit-dorado,100x,AJ292__202310,hac,0.0,0.51,5445106.0,0.9999952250927984,5445080.0,0.999990450185597,1.0,0,0,0,0,0,0,,"chromosome (5445132bp, 99.9995% cov)"
seqkit-dorado,20x,AJ292__202310,hac,0.13,0.97,5445100.0,0.9999941231911366,5445068.0,0.9999882463822732,1.0,0,0,0,0,0,0,,"chromosome (5445132bp, 99.9992% cov)"
seqkit-dorado,100x,AJ292__202310,sup,0.0,0.04,5445130.0,0.999999632699446,5445128.0,0.999999265398892,1.0,0,0,0,0,0,0,,"chromosome (5445132bp, 100% cov)"
seqkit-dorado,20x,AJ292__202310,sup,0.0,0.04,5438898.0,0.9988551241732982,5432683.9,0.9977139029871086,1.001,2,2,0,0,0,0,,"chromosome (5445132bp, 99.9936% cov)"
seqkit-dorado,100x,AMtb_1__202402,hac,0.0,0.32,4405435.0,0.999996822117337,4405421.0,0.999993644234674,1.0,0,0,0,0,0,0,,"chromosome (4405449bp, 99.9997% cov)"
seqkit-dorado,20x,AMtb_1__202402,hac,0.16,0.89,4405437.0,0.9999972761005744,4405425.0,0.9999945522011492,1.0,0,0,0,0,0,0,,"chromosome (4405449bp, 99.9994% cov)"
seqkit-dorado,100x,AMtb_1__202402,sup,0.0,0.02,4405448.0,0.9999997730083812,4405447.0,0.9999995460167624,1.0,0,0,0,0,0,0,,"chromosome (4405449bp, 100% cov)"
seqkit-dorado,20x,AMtb_1__202402,sup,0.66,0.68,3608435.0,0.8190845019429348,3099825.5,0.7036344082067458,1.002,0,2,0,0,0,0,,"chromosome (4405449bp, 100% cov)"
seqkit-dorado,100x,ATCC_10708__202309,hac,0.04,0.35,4752106.0,0.9999974748101794,4703568.3,1.00000258856963,1.004,0,3,0,0,0,0,,"chromosome (4752118bp, 99.9997% cov); plasmid (49586bp, 99.996% cov)"
seqkit-dorado,20x,ATCC_10708__202309,hac,0.25,1.77,4752173.0,1.000011573786678,4703674.1,1.0000250821887553,1.002,0,2,0,0,0,0,,"chromosome (4752118bp, 99.9993% cov); plasmid (49586bp, 100.0% cov)"
seqkit-dorado,100x,ATCC_10708__202309,sup,0.06,0.15,4752113.0,0.9999989478375748,4703582.1,1.000005522519951,1.004,0,3,0,0,0,0,,"chromosome (4752118bp, 99.9999% cov); plasmid (49586bp, 99.9899% cov)"
seqkit-dorado,20x,ATCC_10708__202309,sup,1.15,1.44,4752114.0,0.9999991582700598,4704067.3,1.000108678512386,1.011,1,2,0,0,0,0,,"chromosome (4752118bp, 99.9998% cov); plasmid (49586bp, 99.9919% cov)"
seqkit-dorado,100x,ATCC_17802__202309,hac,0.16,0.21,3281437.0,0.99999817153612,2768253.5,0.9999959331479592,1.0,0,1,0,0,0,0,,"chromosome_1 (3281443bp, 99.9998% cov); chromosome_2 (1865648bp, 99.9997% cov)"
seqkit-dorado,20x,ATCC_17802__202309,hac,0.93,0.7,3281450.0,1.00000213320786,2768273.0,1.0000029772718797,1.0,0,1,0,0,0,0,,"chromosome_1 (3281443bp, 99.9997% cov); chromosome_2 (1865648bp, 99.9996% cov)"
seqkit-dorado,100x,ATCC_17802__202309,sup,0.0,0.06,3281441.0,0.99999939051204,2768261.5,0.999998823044952,1.0,0,1,0,0,0,0,,"chromosome_1 (3281443bp, 99.9999% cov); chromosome_2 (1865648bp, 99.9999% cov)"
seqkit-dorado,20x,ATCC_17802__202309,sup,0.14,0.1,3274932.0,0.9980158119461467,2759969.6,0.9970034809355428,1.0,0,1,0,0,0,0,,"chromosome_1 (3281443bp, 99.8016% cov); chromosome_2 (1865648bp, 99.9999% cov)"
seqkit-dorado,100x,ATCC_19119__202309,hac,0.0,0.17,2919543.0,0.9999979448880632,2919549.4,1.0000001370074625,1.002,0,2,0,0,0,0,,"chromosome (2919549bp, 99.9998% cov)"
seqkit-dorado,20x,ATCC_19119__202309,hac,0.03,0.44,2919544.0,0.9999982874067194,2919551.3,1.0000007877929091,1.002,0,2,0,0,0,0,,"chromosome (2919549bp, 99.9997% cov)"
seqkit-dorado,100x,ATCC_19119__202309,sup,0.03,0.31,2919531.0,0.9999938346641896,2919521.9,0.9999907177444188,1.002,0,2,0,0,0,0,,"chromosome (2919549bp, 99.9994% cov)"
seqkit-dorado,20x,ATCC_19119__202309,sup,0.0,0.27,2919531.0,0.9999938346641896,2919525.4,0.9999919165597152,1.002,0,2,0,0,0,0,,"chromosome (2919549bp, 99.9993% cov)"
seqkit-dorado,100x,ATCC_25922__202309,hac,0.04,0.36,5132214.0,0.9999988309152764,5056119.5,0.9999876577992288,1.0,1,1,0,0,0,0,,"chromosome (5132220bp, 99.9997% cov); plasmid_1 (48488bp, 98.3295% cov); plasmid_2 (24185bp, 100.0% cov); plasmid_3 (3173bp, 100.0% cov); plasmid_4 (1919bp, 100.0% cov)"
seqkit-dorado,20x,ATCC_25922__202309,hac,0.58,1.59,5132244.0,1.0000046763388943,5056176.5,0.9999989311278148,1.0,0,1,0,0,0,0,,"chromosome (5132220bp, 99.9994% cov); plasmid_1 (48488bp, 98.3295% cov); plasmid_2 (24185bp, 100.0% cov); plasmid_3 (3173bp, 100.0% cov); plasmid_4 (1919bp, 100.0% cov)"
seqkit-dorado,100x,ATCC_25922__202309,sup,0.0,0.04,5132218.0,0.999999610305092,5056126.5,0.9999890422430902,1.001,2,0,0,1,0,1,"plasmid_4 (1919bp, 0.0% cov)","chromosome (5132220bp, 100.0% cov); plasmid_1 (48488bp, 98.2367% cov); plasmid_2 (24185bp, 100.0% cov); plasmid_3 (3173bp, 100.0% cov); plasmid_4 (1919bp, 0.0% cov)"
seqkit-dorado,20x,ATCC_25922__202309,sup,0.15,0.59,5132654.0,1.0000845637950049,5057097.6,1.0001811041622135,1.005,3,0,0,1,0,1,"plasmid_4 (1919bp, 0.0% cov)","chromosome (5132220bp, 99.9999% cov); plasmid_1 (48488bp, 98.2346% cov); plasmid_2 (24185bp, 100.0% cov); plasmid_3 (3173bp, 100.0% cov); plasmid_4 (1919bp, 0.0% cov)"
seqkit-dorado,100x,ATCC_33560__202309,hac,0.45,0.28,1768444.0,0.9999977381297048,1768440.0,0.9999954762594094,1.0,0,0,0,0,0,0,,"chromosome (1768448bp, 99.9997% cov)"
seqkit-dorado,20x,ATCC_33560__202309,hac,2.83,1.98,1768464.0,1.0000090474811811,1768480.0,1.0000180949623625,1.0,0,0,0,0,0,0,,"chromosome (1768448bp, 99.9994% cov)"
seqkit-dorado,100x,ATCC_33560__202309,sup,0.28,0.11,1768447.0,0.999999434532426,1768446.0,0.9999988690648524,1.0,0,0,0,0,0,0,,"chromosome (1768448bp, 99.9999% cov)"
seqkit-dorado,20x,ATCC_33560__202309,sup,2.54,0.68,1768453.0,1.0000028273378692,1768458.0,1.0000056546757383,1.0,0,0,0,0,0,0,,"chromosome (1768448bp, 99.9998% cov)"
seqkit-dorado,100x,ATCC_35221__202309,hac,0.66,0.33,1513361.0,0.9999953745552964,1513354.0,0.999990749110593,1.0,0,0,0,0,0,0,,"chromosome (1513368bp, 99.9995% cov)"
seqkit-dorado,20x,ATCC_35221__202309,hac,1.78,1.59,1513365.0,0.9999980176665556,1513362.0,0.9999960353331112,1.0,0,0,0,0,0,0,,"chromosome (1513368bp, 99.9987% cov)"
seqkit-dorado,100x,ATCC_35221__202309,sup,0.86,0.2,1513362.0,0.9999960353331112,1513356.0,0.9999920706662226,1.0,0,0,0,0,0,0,,"chromosome (1513368bp, 99.9996% cov)"
seqkit-dorado,20x,ATCC_35221__202309,sup,3.04,1.32,1513379.0,1.000007268555963,1513390.0,1.0000145371119251,1.0,0,0,0,0,0,0,,"chromosome (1513368bp, 99.9996% cov)"
seqkit-dorado,100x,ATCC_35897__202309,hac,0.07,0.11,2814134.0,0.9999989339538196,2814143.9,1.000002451906215,1.002,0,1,0,0,0,0,,"chromosome (2814137bp, 99.9999% cov)"
seqkit-dorado,20x,ATCC_35897__202309,hac,0.21,0.39,2814134.0,0.9999989339538196,2814143.9,1.000002451906215,1.002,0,1,0,0,0,0,,"chromosome (2814137bp, 99.9998% cov)"
seqkit-dorado,100x,ATCC_35897__202309,sup,0.0,0.0,2814137.0,1.0,2814137.0,1.0,1.0,0,0,0,0,0,0,,"chromosome (2814137bp, 100% cov)"
seqkit-dorado,20x,ATCC_35897__202309,sup,0.32,0.32,2814135.0,0.9999992893025464,2814145.5,1.000003020464178,1.002,0,1,0,0,0,0,,"chromosome (2814137bp, 99.9999% cov)"
seqkit-dorado,100x,ATCC_BAA-679__202309,hac,0.1,0.51,2944520.0,0.9999966038722649,2944522.3,0.9999973849816438,1.002,0,1,0,0,0,0,,"chromosome (2944530bp, 99.9997% cov)"
seqkit-dorado,20x,ATCC_BAA-679__202309,hac,0.37,1.22,2929425.0,0.9948701490560464,2914461.6,0.9897883872808224,1.002,0,2,0,0,0,0,,"chromosome (2944530bp, 99.9055% cov)"
seqkit-dorado,100x,ATCC_BAA-679__202309,sup,0.0,0.1,2944527.0,0.9999989811616794,2944534.0,1.000001358451094,1.002,1,1,0,0,0,0,,"chromosome (2944530bp, 99.9999% cov)"
seqkit-dorado,20x,ATCC_BAA-679__202309,sup,0.17,0.17,2944523.0,0.9999976227105852,2944527.2,0.9999990490842342,1.002,0,1,0,0,0,0,,"chromosome (2944530bp, 99.9998% cov)"
seqkit-dorado,100x,BPH2947__202310,hac,0.06,0.13,3049600.0,0.999999016265396,3019795.4,0.9999928666844436,1.001,0,3,0,0,0,0,,"chromosome (3049603bp, 99.9999% cov); plasmid_1 (27319bp, 96.4786% cov); plasmid_2 (3011bp, 96.3799% cov)"
seqkit-dorado,20x,BPH2947__202310,hac,0.16,0.75,3049612.0,1.0000029512038124,3019838.4,1.00000710595816,1.0,0,0,0,0,0,0,,"chromosome (3049603bp, 99.9998% cov); plasmid_1 (27319bp, 99.9963% cov); plasmid_2 (3011bp, 100.0% cov)"
seqkit-dorado,100x,BPH2947__202310,sup,0.55,0.13,3049603.0,1.0,3020024.7,1.0000687984394,1.008,0,1,0,0,1,1,"plasmid_2 (3011bp, 35.5696% cov)","chromosome (3049603bp, 100.0% cov); plasmid_1 (27319bp, 98.7847% cov); plasmid_2 (3011bp, 35.5696% cov)"
seqkit-dorado,20x,BPH2947__202310,sup,0.03,0.1,3049601.0,0.9999993441769306,3019813.0,0.9999986948522904,1.0,0,0,0,0,0,0,,"chromosome (3049603bp, 99.9999% cov); plasmid_1 (27319bp, 99.9963% cov); plasmid_2 (3011bp, 100.0% cov)"
seqkit-dorado,100x,MMC234__202311,hac,0.5,0.59,2204975.0,0.9999954648217562,2204980.6,0.9999980045215728,1.003,0,1,0,0,0,0,,"chromosome (2204985bp, 99.9994% cov)"
seqkit-dorado,20x,MMC234__202311,hac,1.4,3.03,2205019.0,1.0000154196060291,2205069.0,1.0000380954972483,1.003,0,1,0,0,0,0,,"chromosome (2204985bp, 99.9992% cov)"
seqkit-dorado,100x,MMC234__202311,sup,0.27,0.45,2204970.0,0.9999931972326342,2204971.6,0.9999939228611532,1.003,0,1,0,0,0,0,,"chromosome (2204985bp, 99.9992% cov)"
seqkit-dorado,20x,MMC234__202311,sup,0.54,0.86,2204990.0,1.000002267589122,2205010.6,1.0000116100563043,1.003,0,1,0,0,0,0,,"chromosome (2204985bp, 99.9996% cov)"
seqkit-dorado,100x,RDH275__202311,hac,0.0,0.33,1793504.0,0.999998327299531,1793522.1,1.0000084192590273,1.003,0,2,0,0,0,0,,"chromosome (1793507bp, 99.9997% cov)"
seqkit-dorado,20x,RDH275__202311,hac,0.11,0.61,1793506.0,0.999999442433177,1793526.1,1.0000106495263192,1.003,0,2,0,0,0,0,,"chromosome (1793507bp, 99.9997% cov)"
seqkit-dorado,100x,RDH275__202311,sup,0.0,0.11,1793505.0,0.999998884866354,1793524.1,1.0000095343926731,1.003,0,2,0,0,0,0,,"chromosome (1793507bp, 99.9999% cov)"
seqkit-dorado,20x,RDH275__202311,sup,0.11,0.44,1793503.0,0.999997769732708,1793520.0,1.0000072483686988,1.003,0,2,0,0,0,0,,"chromosome (1793507bp, 99.9998% cov)"
seqkit-porechop_abi,100x,AJ292__202310,hac,0.0,0.48,5445108.0,0.9999955923933525,5445084.0,0.9999911847867048,1.0,0,0,0,0,0,0,,"chromosome (5445132bp, 99.9995% cov)"
seqkit-porechop_abi,20x,AJ292__202310,hac,0.15,0.81,5445106.0,0.9999952250927984,5445080.0,0.999990450185597,1.0,0,0,0,0,0,0,,"chromosome (5445132bp, 99.9993% cov)"
seqkit-porechop_abi,100x,AJ292__202310,sup,0.0,0.04,5445130.0,0.999999632699446,5445128.0,0.999999265398892,1.0,0,0,0,0,0,0,,"chromosome (5445132bp, 100% cov)"
seqkit-porechop_abi,20x,AJ292__202310,sup,0.06,0.22,5445132.0,1.0,5445133.7,1.0000003122054708,1.001,0,1,0,0,0,0,,"chromosome (5445132bp, 99.9999% cov)"
seqkit-porechop_abi,100x,AMtb_1__202402,hac,0.0,0.43,4405430.0,0.999995687159243,4405411.0,0.999991374318486,1.0,0,0,0,0,0,0,,"chromosome (4405449bp, 99.9996% cov)"
seqkit-porechop_abi,20x,AMtb_1__202402,hac,0.68,0.84,4403697.0,0.9996023106838826,4401945.7,0.9992047802618984,1.0,0,0,0,0,0,0,,"chromosome (4405449bp, 99.9601% cov)"
seqkit-porechop_abi,100x,AMtb_1__202402,sup,0.0,0.02,4405448.0,0.9999997730083812,4405447.0,0.9999995460167624,1.0,0,0,0,0,0,0,,"chromosome (4405449bp, 100% cov)"
seqkit-porechop_abi,20x,AMtb_1__202402,sup,0.0,0.11,4405446.0,0.9999993190251436,4405443.0,0.9999986380502872,1.0,0,0,0,0,0,0,,"chromosome (4405449bp, 99.9999% cov)"
seqkit-porechop_abi,100x,ATCC_10708__202309,hac,0.21,0.46,4752100.0,0.999996212215269,4703554.4,0.9999996333587998,1.004,0,3,0,0,0,0,,"chromosome (4752118bp, 99.9996% cov); plasmid (49586bp, 99.996% cov)"
seqkit-porechop_abi,20x,ATCC_10708__202309,hac,0.58,1.31,4752115.0,0.9999993687025448,4703586.2,1.000006394200843,1.004,0,3,0,0,0,0,,"chromosome (4752118bp, 99.9994% cov); plasmid (49586bp, 99.998% cov)"
seqkit-porechop_abi,100x,ATCC_10708__202309,sup,0.08,0.19,4752111.0,0.9999985269726046,4703555.5,0.9999998672244048,1.002,0,2,0,0,0,0,,"chromosome (4752118bp, 99.9999% cov); plasmid (49586bp, 99.9899% cov)"
seqkit-porechop_abi,20x,ATCC_10708__202309,sup,0.5,1.31,3054638.0,0.6427950652740525,2435479.0,0.5177952458789583,1.001,3,4,0,0,0,0,,"chromosome (4752118bp, 99.9389% cov); plasmid (49586bp, 99.9899% cov)"
seqkit-porechop_abi,100x,ATCC_17802__202309,hac,0.23,0.37,3281433.0,0.9999969525602,2768247.7,0.9999938379726396,1.0,0,1,0,0,0,0,,"chromosome_1 (3281443bp, 99.9994% cov); chromosome_2 (1865648bp, 99.9997% cov)"
seqkit-porechop_abi,20x,ATCC_17802__202309,hac,1.53,1.65,3281445.0,1.00000060948796,2768297.3,1.0000117553339951,1.001,0,2,0,0,0,0,,"chromosome_1 (3281443bp, 99.9996% cov); chromosome_2 (1865648bp, 99.9995% cov)"
seqkit-porechop_abi,100x,ATCC_17802__202309,sup,0.0,0.06,3281441.0,0.99999939051204,2768262.9,0.999999328776926,1.0,0,1,0,0,0,0,,"chromosome_1 (3281443bp, 99.9999% cov); chromosome_2 (1865648bp, 100.0% cov)"
seqkit-porechop_abi,20x,ATCC_17802__202309,sup,0.19,0.1,3275597.0,0.9982184666928544,2760816.6,0.9973094487796642,1.0,0,1,0,0,0,0,,"chromosome_1 (3281443bp, 99.8218% cov); chromosome_2 (1865648bp, 99.9999% cov)"
seqkit-porechop_abi,100x,ATCC_19119__202309,hac,0.07,0.24,2919541.0,0.9999972598507508,2919545.4,0.9999987669328378,1.002,0,1,0,0,0,0,,"chromosome (2919549bp, 99.9997% cov)"
seqkit-porechop_abi,20x,ATCC_19119__202309,hac,0.2,0.65,2919522.0,0.9999907519962844,2919509.6,0.9999865047649484,1.003,1,2,0,0,0,0,,"chromosome (2919549bp, 99.9995% cov)"
seqkit-porechop_abi,100x,ATCC_19119__202309,sup,0.1,0.27,2919531.0,0.9999938346641896,2919525.4,0.9999919165597152,1.002,0,2,0,0,0,0,,"chromosome (2919549bp, 99.9993% cov)"
seqkit-porechop_abi,20x,ATCC_19119__202309,sup,0.03,0.34,2919532.0,0.9999941771828456,2919527.4,0.9999926015970274,1.002,0,2,0,0,0,0,,"chromosome (2919549bp, 99.9994% cov)"
seqkit-porechop_abi,100x,ATCC_25922__202309,hac,0.02,0.36,5132218.0,0.999999610305092,5056119.6,0.999987677576998,1.0,1,2,0,0,0,0,,"chromosome (5132220bp, 99.9998% cov); plasmid_1 (48488bp, 98.2264% cov); plasmid_2 (24185bp, 100.0% cov); plasmid_3 (3173bp, 100.0% cov); plasmid_4 (1919bp, 100.0% cov)"
seqkit-porechop_abi,20x,ATCC_25922__202309,hac,0.98,1.96,5132246.0,1.0000050660338022,5056175.5,0.9999987333501204,1.0,0,1,0,0,0,0,,"chromosome (5132220bp, 99.9993% cov); plasmid_1 (48488bp, 98.3295% cov); plasmid_2 (24185bp, 97.7796% cov); plasmid_3 (3173bp, 100.0% cov); plasmid_4 (1919bp, 100.0% cov)"
seqkit-porechop_abi,100x,ATCC_25922__202309,sup,0.0,0.04,5132218.0,0.999999610305092,5056135.3,0.9999907826868016,1.002,3,1,0,0,0,0,,"chromosome (5132220bp, 100.0% cov); plasmid_1 (48488bp, 98.2367% cov); plasmid_2 (24185bp, 100.0% cov); plasmid_3 (3173bp, 100.0% cov); plasmid_4 (1919bp, 100.0% cov)"
seqkit-porechop_abi,20x,ATCC_25922__202309,sup,0.06,0.17,5132217.0,0.9999994154576384,5056124.6,0.9999886664654704,1.001,1,0,0,1,0,1,"plasmid_4 (1919bp, 0.0% cov)","chromosome (5132220bp, 99.9999% cov); plasmid_1 (48488bp, 98.3006% cov); plasmid_2 (24185bp, 100.0% cov); plasmid_3 (3173bp, 100.0% cov); plasmid_4 (1919bp, 0.0% cov)"
seqkit-porechop_abi,100x,ATCC_33560__202309,hac,0.57,0.11,1768448.0,1.0,1768448.0,1.0,1.0,0,0,0,0,0,0,,"chromosome (1768448bp, 99.9999% cov)"
seqkit-porechop_abi,20x,ATCC_33560__202309,hac,2.83,2.77,1766759.0,0.9990449252678054,1765071.6,0.998090755283729,1.0,0,0,0,0,0,0,,"chromosome (1768448bp, 99.902% cov)"
seqkit-porechop_abi,100x,ATCC_33560__202309,sup,0.34,0.11,1768445.0,0.9999983035972784,1768442.0,0.9999966071945572,1.0,0,0,0,0,0,0,,"chromosome (1768448bp, 99.9998% cov)"
seqkit-porechop_abi,20x,ATCC_33560__202309,sup,2.15,0.79,1768459.0,1.0000062201433122,1768470.0,1.0000124402866242,1.0,0,0,0,0,0,0,,"chromosome (1768448bp, 99.9999% cov)"
seqkit-porechop_abi,100x,ATCC_35221__202309,hac,0.33,0.66,1513360.0,0.9999947137774816,1513355.3,0.9999916081217524,1.001,0,1,0,0,0,0,,"chromosome (1513368bp, 99.9992% cov)"
seqkit-porechop_abi,20x,ATCC_35221__202309,hac,1.78,1.72,1513378.0,1.0000066077781478,1513388.0,1.0000132155562955,1.0,0,0,0,0,0,0,,"chromosome (1513368bp, 99.9994% cov)"
seqkit-porechop_abi,100x,ATCC_35221__202309,sup,0.93,0.2,1513362.0,0.9999960353331112,1513356.0,0.9999920706662226,1.0,0,0,0,0,0,0,,"chromosome (1513368bp, 99.9996% cov)"
seqkit-porechop_abi,20x,ATCC_35221__202309,sup,3.04,1.19,1513370.0,1.0000013215556296,1513372.0,1.0000026431112592,1.0,0,0,0,0,0,0,,"chromosome (1513368bp, 99.9993% cov)"
seqkit-porechop_abi,100x,ATCC_35897__202309,hac,0.07,0.11,2814137.0,1.0,2814149.9,1.0000045839985758,1.002,0,1,0,0,0,0,,"chromosome (2814137bp, 99.9999% cov)"
seqkit-porechop_abi,20x,ATCC_35897__202309,hac,0.39,0.46,2814128.0,0.9999968018614588,2814131.9,0.9999981877214932,1.002,0,1,0,0,0,0,,"chromosome (2814137bp, 99.9996% cov)"
seqkit-porechop_abi,100x,ATCC_35897__202309,sup,0.11,0.04,2814136.0,0.9999996446512732,2814147.8,1.0000038377662497,1.002,0,1,0,0,0,0,,"chromosome (2814137bp, 100% cov)"
seqkit-porechop_abi,20x,ATCC_35897__202309,sup,0.11,0.14,2814137.0,1.0,2814147.1,1.0000035890221408,1.002,0,1,0,0,0,0,,"chromosome (2814137bp, 100% cov)"
seqkit-porechop_abi,100x,ATCC_BAA-679__202309,hac,0.27,0.44,2944524.0,0.9999979623233588,2944530.3,1.000000101883832,1.002,0,1,0,0,0,0,,"chromosome (2944530bp, 99.9998% cov)"
seqkit-porechop_abi,20x,ATCC_BAA-679__202309,hac,0.2,0.95,2944541.0,1.0000037357405087,2944579.4,1.0000167768710115,1.004,0,3,0,0,0,0,,"chromosome (2944530bp, 99.9996% cov)"
seqkit-porechop_abi,100x,ATCC_BAA-679__202309,sup,0.47,0.58,2944527.0,0.9999989811616794,2944534.9,1.0000016641025902,1.002,0,1,0,0,0,0,,"chromosome (2944530bp, 99.9999% cov)"
seqkit-porechop_abi,20x,ATCC_BAA-679__202309,sup,1.32,1.9,1809576.0,0.6145551242473332,1550521.3,0.5265768390880718,1.002,1,1,0,0,0,0,,"chromosome (2944530bp, 99.9965% cov)"
seqkit-porechop_abi,100x,BPH2947__202310,hac,0.0,0.1,3049603.0,1.0,3019816.9,0.9999999863213016,1.0,0,0,0,0,0,0,,"chromosome (3049603bp, 100.0% cov); plasmid_1 (27319bp, 99.9963% cov); plasmid_2 (3011bp, 100.0% cov)"
seqkit-porechop_abi,20x,BPH2947__202310,hac,1.33,0.94,3049605.0,1.0000006558230694,3019811.8,0.9999982974772098,1.0,0,-1,0,1,0,1,"plasmid_2 (3011bp, 0.0% cov)","chromosome (3049603bp, 99.9998% cov); plasmid_1 (27319bp, 97.9172% cov); plasmid_2 (3011bp, 0.0% cov)"
seqkit-porechop_abi,100x,BPH2947__202310,sup,0.0,0.06,3049604.0,1.0000003279115348,3019818.9,1.0000006486131026,1.0,0,0,0,0,0,0,,"chromosome (3049603bp, 100.0% cov); plasmid_1 (27319bp, 99.9963% cov); plasmid_2 (3011bp, 100.0% cov)"
seqkit-porechop_abi,20x,BPH2947__202310,sup,0.1,0.1,3049604.0,1.0000003279115348,3019819.6,1.0000008804152327,1.0,1,0,0,0,0,0,,"chromosome (3049603bp, 100% cov); plasmid_1 (27319bp, 100% cov); plasmid_2 (3011bp, 100% cov)"
seqkit-porechop_abi,100x,MMC234__202311,hac,0.68,0.86,2204975.0,0.9999954648217562,2204981.0,0.9999981859287024,1.003,0,1,0,0,0,0,,"chromosome (2204985bp, 99.9993% cov)"
seqkit-porechop_abi,20x,MMC234__202311,hac,1.58,3.08,2205017.0,1.0000145125703803,2205064.6,1.000036100018821,1.003,0,1,0,0,0,0,,"chromosome (2204985bp, 99.999% cov)"
seqkit-porechop_abi,100x,MMC234__202311,sup,0.09,0.41,2204969.0,0.9999927437148098,2204969.0,0.9999927437148098,1.003,0,1,0,0,0,0,,"chromosome (2204985bp, 99.9993% cov)"
seqkit-porechop_abi,20x,MMC234__202311,sup,0.45,0.68,2204983.0,0.9999990929643512,2204996.7,1.0000053061585454,1.003,0,1,0,0,0,0,,"chromosome (2204985bp, 99.9995% cov)"
seqkit-porechop_abi,100x,RDH275__202311,hac,0.0,0.28,1793504.0,0.999998327299531,1793501.0,0.999996654599062,1.0,0,1,0,0,0,0,,"chromosome (1793507bp, 99.9998% cov)"
seqkit-porechop_abi,20x,RDH275__202311,hac,0.11,0.67,1793504.0,0.999998327299531,1793501.0,0.999996654599062,1.0,0,1,0,0,0,0,,"chromosome (1793507bp, 99.9996% cov)"
seqkit-porechop_abi,100x,RDH275__202311,sup,0.0,0.17,1793504.0,0.999998327299531,1793522.1,1.0000084192590273,1.003,0,2,0,0,0,0,,"chromosome (1793507bp, 99.9998% cov)"
seqkit-porechop_abi,20x,RDH275__202311,sup,0.06,0.17,1793504.0,0.999998327299531,1793528.0,1.0000117089032827,1.005,0,3,0,0,0,0,,"chromosome (1793507bp, 99.9999% cov)"
seqkit-untrimmed,100x,AJ292__202310,hac,0.0,0.7,5445125.0,0.9999987144480612,5445128.3,0.9999993204939752,1.001,0,1,0,0,0,0,,"chromosome (5445132bp, 99.9994% cov)"
seqkit-untrimmed,20x,AJ292__202310,hac,0.2,1.01,5445108.0,0.9999955923933525,5445084.0,0.9999911847867048,1.0,0,0,0,0,0,0,,"chromosome (5445132bp, 99.9992% cov)"
seqkit-untrimmed,100x,AJ292__202310,sup,0.0,0.37,5445165.0,1.0000060604591403,5445206.8,1.0000137370407185,1.001,0,1,0,0,0,0,,"chromosome (5445132bp, 100% cov)"
seqkit-untrimmed,20x,AJ292__202310,sup,0.0,0.06,5445133.0,1.000000183650277,5445134.0,1.000000367300554,1.0,0,0,0,0,0,0,,"chromosome (5445132bp, 100% cov)"
seqkit-untrimmed,100x,AMtb_1__202402,hac,0.0,0.5,4405429.0,0.9999954601676242,4405409.0,0.9999909203352484,1.0,0,0,0,0,0,0,,"chromosome (4405449bp, 99.9995% cov)"
seqkit-untrimmed,20x,AMtb_1__202402,hac,0.23,0.7,4404637.0,0.9998156828055438,4403825.1,0.9996313883102492,1.0,0,0,1,0,0,0,,"chromosome (4405449bp, 99.9813% cov)"
seqkit-untrimmed,100x,AMtb_1__202402,sup,0.0,0.05,4405447.0,0.9999995460167624,4405445.0,0.9999990920335248,1.0,0,0,0,0,0,0,,"chromosome (4405449bp, 100% cov)"
seqkit-untrimmed,20x,AMtb_1__202402,sup,0.02,0.09,4405447.0,0.9999995460167624,4405445.0,0.9999990920335248,1.0,0,0,0,0,0,0,,"chromosome (4405449bp, 99.9999% cov)"
seqkit-untrimmed,100x,ATCC_10708__202309,hac,0.02,0.44,4752097.0,0.999995580917814,4703550.5,0.9999988041989264,1.004,0,3,3,0,0,0,,"chromosome (4752118bp, 99.9996% cov); plasmid (49586bp, 99.996% cov)"
seqkit-untrimmed,20x,ATCC_10708__202309,hac,1.83,1.52,4496105.0,0.9461265482044008,4214259.3,0.8959730017960272,1.001,5,5,2,0,0,0,,"chromosome (4752118bp, 99.9421% cov); plasmid (49586bp, 99.996% cov)"
seqkit-untrimmed,100x,ATCC_10708__202309,sup,0.08,0.17,4752112.0,0.9999987374050896,4703544.1,0.999997443526314,1.0,0,1,0,0,0,0,,"chromosome (4752118bp, 99.9999% cov); plasmid (49586bp, 99.9899% cov)"
seqkit-untrimmed,20x,ATCC_10708__202309,sup,0.1,0.31,4752117.0,0.9999997895675148,4703554.1,0.9999995695772708,1.0,0,0,0,0,0,0,,"chromosome (4752118bp, 99.9999% cov); plasmid (49586bp, 99.9939% cov)"
seqkit-untrimmed,100x,ATCC_17802__202309,hac,0.23,0.41,3281451.0,1.0000024379518402,2768279.0,1.000005144694624,1.001,0,3,0,0,0,0,,"chromosome_1 (3281443bp, 99.9998% cov); chromosome_2 (1865648bp, 99.9997% cov)"
seqkit-untrimmed,20x,ATCC_17802__202309,hac,0.72,0.97,3281444.0,1.00000030474398,2768265.3,1.0000001957460236,1.0,0,0,0,0,0,0,,"chromosome_1 (3281443bp, 99.9996% cov); chromosome_2 (1865648bp, 99.9993% cov)"
seqkit-untrimmed,100x,ATCC_17802__202309,sup,0.23,0.25,3281439.0,0.99999878102408,2768265.3,1.0000001957460236,1.001,0,2,0,0,0,0,,"chromosome_1 (3281443bp, 99.9999% cov); chromosome_2 (1865648bp, 100.0% cov)"
seqkit-untrimmed,20x,ATCC_17802__202309,sup,0.08,0.08,3280363.0,0.999670876501588,2766887.2,0.9995023748652876,1.0,0,1,1,0,0,0,,"chromosome_1 (3281443bp, 99.9671% cov); chromosome_2 (1865648bp, 99.9999% cov)"
seqkit-untrimmed,100x,ATCC_19119__202309,hac,0.0,0.27,2919539.0,0.9999965748134386,2919541.5,0.999997431110079,1.002,0,1,0,0,0,0,,"chromosome (2919549bp, 99.9997% cov)"
seqkit-untrimmed,20x,ATCC_19119__202309,hac,0.45,1.23,2919539.0,0.9999965748134386,2919529.0,0.9999931496268774,1.0,0,1,2,0,0,0,,"chromosome (2919549bp, 99.9991% cov)"
seqkit-untrimmed,100x,ATCC_19119__202309,sup,0.0,0.24,2919532.0,0.9999941771828456,2919527.4,0.9999926015970274,1.002,0,2,1,0,0,0,,"chromosome (2919549bp, 99.9994% cov)"
seqkit-untrimmed,20x,ATCC_19119__202309,sup,0.0,0.24,2919535.0,0.999995204738814,2919533.4,0.9999946567089644,1.002,0,2,2,0,0,0,,"chromosome (2919549bp, 99.9995% cov)"
seqkit-untrimmed,100x,ATCC_25922__202309,hac,0.06,0.29,5132216.0,0.9999992206101844,5056123.7,0.9999884884655456,1.001,2,1,0,0,0,0,,"chromosome (5132220bp, 99.9998% cov); plasmid_1 (48488bp, 98.2367% cov); plasmid_2 (24185bp, 100.0% cov); plasmid_3 (3173bp, 100.0% cov); plasmid_4 (1919bp, 100.0% cov)"
seqkit-untrimmed,20x,ATCC_25922__202309,hac,0.79,1.99,5130729.0,0.9997094824461928,5053195.1,0.9994092767094486,1.001,4,2,0,0,0,0,,"chromosome (5132220bp, 99.9697% cov); plasmid_1 (48488bp, 98.3233% cov); plasmid_2 (24185bp, 100.0% cov); plasmid_3 (3173bp, 100.0% cov); plasmid_4 (1919bp, 100.0% cov)"
seqkit-untrimmed,100x,ATCC_25922__202309,sup,0.0,0.1,5132220.0,1.0,5056135.8,0.9999908815756487,1.002,3,2,0,0,0,0,,"chromosome (5132220bp, 100.0% cov); plasmid_1 (48488bp, 98.3315% cov); plasmid_2 (24185bp, 100.0% cov); plasmid_3 (3173bp, 100.0% cov); plasmid_4 (1919bp, 100.0% cov)"
seqkit-untrimmed,20x,ATCC_25922__202309,sup,0.08,0.17,5132208.0,0.9999976618305528,5056092.5,0.9999823178014772,1.0,2,1,0,0,0,0,,"chromosome (5132220bp, 99.9997% cov); plasmid_1 (48488bp, 98.3295% cov); plasmid_2 (24185bp, 93.6448% cov); plasmid_3 (3173bp, 100.0% cov); plasmid_4 (1919bp, 100.0% cov)"
seqkit-untrimmed,100x,ATCC_33560__202309,hac,0.51,0.34,1768447.0,0.999999434532426,1768446.0,0.9999988690648524,1.0,0,0,0,0,0,0,,"chromosome (1768448bp, 99.9998% cov)"
seqkit-untrimmed,20x,ATCC_33560__202309,hac,2.77,2.54,1768466.0,1.0000101784163289,1768484.0,1.0000203568326578,1.0,0,0,0,0,0,0,,"chromosome (1768448bp, 99.9992% cov)"
seqkit-untrimmed,100x,ATCC_33560__202309,sup,0.68,0.06,1768445.0,0.9999983035972784,1768442.0,0.9999966071945572,1.0,0,0,0,0,0,0,,"chromosome (1768448bp, 99.9998% cov)"
seqkit-untrimmed,20x,ATCC_33560__202309,sup,2.09,0.74,1768458.0,1.0000056546757383,1768468.0,1.0000113093514766,1.0,0,0,0,0,0,0,,"chromosome (1768448bp, 99.9998% cov)"
seqkit-untrimmed,100x,ATCC_35221__202309,hac,0.2,0.26,1513364.0,0.9999973568887408,1513360.0,0.9999947137774816,1.0,0,0,0,0,0,0,,"chromosome (1513368bp, 99.9997% cov)"
seqkit-untrimmed,20x,ATCC_35221__202309,hac,2.18,1.39,1513379.0,1.000007268555963,1513390.0,1.0000145371119251,1.0,0,0,0,0,0,0,,"chromosome (1513368bp, 99.9996% cov)"
seqkit-untrimmed,100x,ATCC_35221__202309,sup,0.46,0.26,1513362.0,0.9999960353331112,1513356.0,0.9999920706662226,1.0,0,0,0,0,0,0,,"chromosome (1513368bp, 99.9995% cov)"
seqkit-untrimmed,20x,ATCC_35221__202309,sup,2.91,0.86,1513371.0,1.0000019823334445,1513374.0,1.0000039646668888,1.0,0,0,0,0,0,0,,"chromosome (1513368bp, 99.9995% cov)"
seqkit-untrimmed,100x,ATCC_35897__202309,hac,0.07,0.07,2814136.0,0.9999996446512732,2814147.9,1.000003873301122,1.002,0,1,0,0,0,0,,"chromosome (2814137bp, 100% cov)"
seqkit-untrimmed,20x,ATCC_35897__202309,hac,0.53,0.99,2814135.0,0.9999992893025464,2814145.5,1.000003020464178,1.002,0,1,0,0,0,0,,"chromosome (2814137bp, 99.9996% cov)"
seqkit-untrimmed,100x,ATCC_35897__202309,sup,0.0,0.07,2814135.0,0.9999992893025464,2814145.9,1.0000031626036685,1.002,0,1,0,0,0,0,,"chromosome (2814137bp, 99.9999% cov)"
seqkit-untrimmed,20x,ATCC_35897__202309,sup,0.04,0.14,2814135.0,0.9999992893025464,2814145.9,1.0000031626036685,1.002,0,1,0,0,0,0,,"chromosome (2814137bp, 99.9999% cov)"
seqkit-untrimmed,100x,ATCC_BAA-679__202309,hac,0.14,0.34,2944523.0,0.9999976227105852,2944528.4,0.9999994566195624,1.002,0,1,0,0,0,0,,"chromosome (2944530bp, 99.9998% cov)"
seqkit-untrimmed,20x,ATCC_BAA-679__202309,hac,0.54,1.56,2944525.0,0.9999983019361324,2944532.3,1.000000781109379,1.002,0,1,0,0,0,0,,"chromosome (2944530bp, 99.9993% cov)"
seqkit-untrimmed,100x,ATCC_BAA-679__202309,sup,0.0,0.0,2944530.0,1.0,2944530.0,1.0,1.0,0,0,0,0,0,0,,"chromosome (2944530bp, 100% cov)"
seqkit-untrimmed,20x,ATCC_BAA-679__202309,sup,0.2,0.17,2945411.0,1.0002991988534673,2946301.3,1.0006015561057282,1.002,0,1,1,0,0,0,,"chromosome (2944530bp, 99.9998% cov)"
seqkit-untrimmed,100x,BPH2947__202310,hac,0.78,0.39,3049604.0,1.0000003279115348,3019817.5,1.000000185008842,1.0,0,0,1,0,0,0,,"chromosome (3049603bp, 100.0% cov); plasmid_1 (27319bp, 99.3594% cov); plasmid_2 (3011bp, 68.7147% cov)"
seqkit-untrimmed,20x,BPH2947__202310,hac,0.93,0.58,3049607.0,1.0000013116461388,3020034.1,1.0000719112108634,1.008,0,1,0,0,1,1,"plasmid_2 (3011bp, 36.8316% cov)","chromosome (3049603bp, 99.9998% cov); plasmid_1 (27319bp, 99.0959% cov); plasmid_2 (3011bp, 36.8316% cov)"
seqkit-untrimmed,100x,BPH2947__202310,sup,0.0,0.1,3049602.0,0.9999996720884652,3020029.4,1.0000703548251315,1.009,0,1,0,0,0,0,,"chromosome (3049603bp, 100.0% cov); plasmid_1 (27319bp, 99.9963% cov); plasmid_2 (3011bp, 100.0% cov)"
seqkit-untrimmed,20x,BPH2947__202310,sup,0.1,0.13,3049604.0,1.0000003279115348,3019818.9,1.0000006486131026,1.0,0,0,2,0,0,0,,"chromosome (3049603bp, 100.0% cov); plasmid_1 (27319bp, 99.9963% cov); plasmid_2 (3011bp, 100.0% cov)"
seqkit-untrimmed,100x,MMC234__202311,hac,0.45,0.63,2204983.0,0.9999990929643512,2204997.0,1.0000054422138926,1.003,0,1,0,0,0,0,,"chromosome (2204985bp, 99.9995% cov)"
seqkit-untrimmed,20x,MMC234__202311,hac,1.58,2.4,2205006.0,1.000009523874312,2205042.0,1.0000258505159898,1.003,0,1,0,0,0,0,,"chromosome (2204985bp, 99.9992% cov)"
seqkit-untrimmed,100x,MMC234__202311,sup,0.14,0.27,2204976.0,0.9999959183395806,2204967.0,0.999991836679161,1.0,0,0,0,0,0,0,,"chromosome (2204985bp, 99.9995% cov)"
seqkit-untrimmed,20x,MMC234__202311,sup,0.72,1.0,2204983.0,0.9999990929643512,2204997.6,1.0000057143245873,1.003,0,1,0,0,0,0,,"chromosome (2204985bp, 99.9994% cov)"
seqkit-untrimmed,100x,RDH275__202311,hac,0.0,0.22,1793504.0,0.999998327299531,1793521.5,1.0000080847189334,1.003,0,2,2,0,0,0,,"chromosome (1793507bp, 99.9998% cov)"
seqkit-untrimmed,20x,RDH275__202311,hac,0.06,1.0,1446973.0,0.8067841385620463,1223996.5,0.6824598398556571,1.006,3,4,3,0,0,0,,"chromosome (1793507bp, 99.6524% cov)"
seqkit-untrimmed,100x,RDH275__202311,sup,0.0,0.22,1793507.0,1.0,1793528.0,1.0000117089032827,1.003,0,2,1,0,0,0,,"chromosome (1793507bp, 99.9999% cov)"
seqkit-untrimmed,20x,RDH275__202311,sup,0.11,0.33,1793505.0,0.999998884866354,1793524.1,1.0000095343926731,1.003,0,2,2,0,0,0,,"chromosome (1793507bp, 99.9997% cov)"
unprocessed-barbell,100x,AJ292__202310,hac,0.0,0.44,5445110.0,0.9999959596939064,5445088.0,0.9999919193878128,1.0,0,0,0,0,0,0,,"chromosome (5445132bp, 99.9996% cov)"
unprocessed-barbell,20x,AJ292__202310,hac,0.31,1.3,5445115.0,0.9999968779452914,5445098.0,0.9999937558905826,1.0,0,0,0,0,0,0,,"chromosome (5445132bp, 99.9992% cov)"
unprocessed-barbell,100x,AJ292__202310,sup,0.0,0.18,5445139.0,1.000001285551939,5445168.3,1.0000066665050544,1.002,0,1,0,0,0,0,,"chromosome (5445132bp, 100% cov)"
unprocessed-barbell,20x,AJ292__202310,sup,0.02,0.06,5445130.0,0.999999632699446,5445128.0,0.999999265398892,1.0,0,1,0,0,0,0,,"chromosome (5445132bp, 99.9999% cov)"
unprocessed-barbell,100x,AMtb_1__202402,hac,0.02,0.36,4405433.0,0.9999963681340994,4405417.0,0.9999927362681988,1.0,0,0,0,0,0,0,,"chromosome (4405449bp, 99.9996% cov)"
unprocessed-barbell,20x,AMtb_1__202402,hac,0.27,0.93,4405439.0,0.999997730083812,4405429.0,0.9999954601676242,1.0,0,0,0,0,0,0,,"chromosome (4405449bp, 99.9994% cov)"
unprocessed-barbell,100x,AMtb_1__202402,sup,0.0,0.09,4405445.0,0.9999990920335248,4405441.0,0.9999981840670495,1.0,0,0,0,0,0,0,,"chromosome (4405449bp, 99.9999% cov)"
unprocessed-barbell,20x,AMtb_1__202402,sup,0.0,0.2,4405445.0,0.9999990920335248,4405441.0,0.9999981840670495,1.0,0,0,0,0,0,0,,"chromosome (4405449bp, 99.9998% cov)"
unprocessed-barbell,100x,ATCC_10708__202309,hac,0.06,0.33,4752106.0,0.9999974748101794,4703568.3,1.00000258856963,1.004,0,3,0,0,0,0,,"chromosome (4752118bp, 99.9997% cov); plasmid (49586bp, 99.996% cov)"
unprocessed-barbell,20x,ATCC_10708__202309,hac,1.27,1.69,4744144.0,0.998322011364196,4687802.0,0.9966505928492392,1.001,2,2,0,0,0,0,,"chromosome (4752118bp, 99.9994% cov); plasmid (49586bp, 99.996% cov)"
unprocessed-barbell,100x,ATCC_10708__202309,sup,0.1,0.19,4752114.0,0.9999991582700598,4703567.5,1.0000024184855534,1.004,2,3,0,0,0,0,,"chromosome (4752118bp, 99.9999% cov); plasmid (49586bp, 99.9899% cov)"
unprocessed-barbell,20x,ATCC_10708__202309,sup,0.4,0.56,4711676.0,0.99148968943953,4624051.5,0.9830969116955908,1.001,1,2,0,0,0,0,,"chromosome (4752118bp, 99.9999% cov); plasmid (49586bp, 99.9899% cov)"
unprocessed-barbell,100x,ATCC_17802__202309,hac,0.17,0.29,3281435.0,0.99999756204816,2768250.2,0.9999947410654498,1.0,0,1,0,0,0,0,,"chromosome_1 (3281443bp, 99.9998% cov); chromosome_2 (1865648bp, 99.9996% cov)"
unprocessed-barbell,20x,ATCC_17802__202309,hac,1.03,0.95,3281446.0,1.00000091423194,2768263.5,0.9999995455192005,1.0,0,1,0,0,0,0,,"chromosome_1 (3281443bp, 99.9997% cov); chromosome_2 (1865648bp, 99.9991% cov)"
unprocessed-barbell,100x,ATCC_17802__202309,sup,0.02,0.1,3281440.0,0.99999908576806,2768259.5,0.999998100570704,1.0,0,1,0,0,0,0,,"chromosome_1 (3281443bp, 99.9999% cov); chromosome_2 (1865648bp, 99.9999% cov)"
unprocessed-barbell,20x,ATCC_17802__202309,sup,0.06,0.19,3281437.0,0.99999817153612,2768258.6,0.9999977754572924,1.0,0,4,0,0,0,0,,"chromosome_1 (3281443bp, 99.9998% cov); chromosome_2 (1865648bp, 99.9999% cov)"
unprocessed-barbell,100x,ATCC_19119__202309,hac,0.27,0.55,2919543.0,0.9999979448880632,2919549.4,1.0000001370074625,1.002,0,1,0,0,0,0,,"chromosome (2919549bp, 99.997% cov)"
unprocessed-barbell,20x,ATCC_19119__202309,hac,0.07,0.68,2919532.0,0.9999941771828456,2919527.4,0.9999926015970274,1.002,0,1,0,0,0,0,,"chromosome (2919549bp, 99.9993% cov)"
unprocessed-barbell,100x,ATCC_19119__202309,sup,0.03,0.21,2919531.0,0.9999938346641896,2919525.3,0.9999918823078496,1.002,0,1,0,0,0,0,,"chromosome (2919549bp, 99.9994% cov)"
unprocessed-barbell,20x,ATCC_19119__202309,sup,0.0,0.27,2919535.0,0.999995204738814,2919521.0,0.9999904094776282,1.0,0,0,0,0,0,0,,"chromosome (2919549bp, 99.9995% cov)"
unprocessed-barbell,100x,ATCC_25922__202309,hac,0.17,0.48,5132205.0,0.9999970772881912,5056211.8,1.0000059126804304,1.005,1,1,0,0,0,0,,"chromosome (5132220bp, 99.9996% cov); plasmid_1 (48488bp, 98.2346% cov); plasmid_2 (24185bp, 100.0% cov); plasmid_3 (3173bp, 98.046% cov); plasmid_4 (1919bp, 100.0% cov)"
unprocessed-barbell,20x,ATCC_25922__202309,hac,2.01,2.42,5132263.0,1.000008378440519,5056214.4,1.0000064269024362,1.001,2,0,0,1,0,1,"plasmid_4 (1919bp, 0.0% cov)","chromosome (5132220bp, 99.9994% cov); plasmid_1 (48488bp, 98.2284% cov); plasmid_2 (24185bp, 100.0% cov); plasmid_3 (3173bp, 100.0% cov); plasmid_4 (1919bp, 0.0% cov)"
unprocessed-barbell,100x,ATCC_25922__202309,sup,0.08,0.11,5132221.0,1.000000194847454,5056242.8,1.00001204378896,1.005,1,0,0,1,0,1,"plasmid_4 (1919bp, 0.0% cov)","chromosome (5132220bp, 100.0% cov); plasmid_1 (48488bp, 98.2367% cov); plasmid_2 (24185bp, 100.0% cov); plasmid_3 (3173bp, 100.0% cov); plasmid_4 (1919bp, 0.0% cov)"
unprocessed-barbell,20x,ATCC_25922__202309,sup,0.17,0.54,5132219.0,0.999999805152546,5056130.3,0.9999897937983292,1.001,5,1,0,0,0,0,,"chromosome (5132220bp, 99.9998% cov); plasmid_1 (48488bp, 98.3295% cov); plasmid_2 (24185bp, 100.0% cov); plasmid_3 (3173bp, 100.0% cov); plasmid_4 (1919bp, 100.0% cov)"
unprocessed-barbell,100x,ATCC_33560__202309,hac,0.57,0.68,1768445.0,0.9999983035972784,1768442.0,0.9999966071945572,1.0,0,0,0,0,0,0,,"chromosome (1768448bp, 99.9995% cov)"
unprocessed-barbell,20x,ATCC_33560__202309,hac,2.66,3.91,1677330.0,0.9484757256079908,1593282.0,0.9009493069629416,1.0,0,2,0,0,0,0,,"chromosome (1768448bp, 99.7506% cov)"
unprocessed-barbell,100x,ATCC_33560__202309,sup,0.57,0.17,1768445.0,0.9999983035972784,1768442.0,0.9999966071945572,1.0,0,0,0,0,0,0,,"chromosome (1768448bp, 99.9998% cov)"
unprocessed-barbell,20x,ATCC_33560__202309,sup,4.18,2.66,1769287.0,1.0004744272944412,1770126.4,1.0009490807759118,1.0,0,0,0,0,0,0,,"chromosome (1768448bp, 99.9832% cov)"
unprocessed-barbell,100x,ATCC_35221__202309,hac,0.26,0.53,1513361.0,0.9999953745552964,1513354.0,0.999990749110593,1.0,0,0,0,0,0,0,,"chromosome (1513368bp, 99.9994% cov)"
unprocessed-barbell,20x,ATCC_35221__202309,hac,3.44,2.98,1511244.0,0.9985965079214044,1509123.0,0.9971949981762532,1.0,0,0,0,0,0,0,,"chromosome (1513368bp, 99.8576% cov)"
unprocessed-barbell,100x,ATCC_35221__202309,sup,0.86,0.33,1513352.0,0.9999894275549636,1513336.0,0.999978855109927,1.0,0,0,0,0,0,0,,"chromosome (1513368bp, 99.9989% cov)"
unprocessed-barbell,20x,ATCC_35221__202309,sup,8.26,4.89,1513311.0,0.9999623356645576,1513254.0,0.9999246713291148,1.0,0,0,1,0,0,0,,"chromosome (1513368bp, 99.9646% cov)"
unprocessed-barbell,100x,ATCC_35897__202309,hac,0.04,0.18,2814133.0,0.9999985786050928,2814141.9,1.0000017412087614,1.002,0,1,0,0,0,0,,"chromosome (2814137bp, 99.9998% cov)"
unprocessed-barbell,20x,ATCC_35897__202309,hac,2.98,3.19,2813738.0,0.9998582158580056,2813355.3,0.9997222239002578,1.003,2,1,0,0,0,0,,"chromosome (2814137bp, 99.9857% cov)"
unprocessed-barbell,100x,ATCC_35897__202309,sup,0.04,0.04,2814136.0,0.9999996446512732,2814147.9,1.000003873301122,1.002,0,1,0,0,0,0,,"chromosome (2814137bp, 100% cov)"
unprocessed-barbell,20x,ATCC_35897__202309,sup,0.39,0.28,2814136.0,0.9999996446512732,2814146.7,1.00000344688265,1.002,0,1,0,0,0,0,,"chromosome (2814137bp, 99.9999% cov)"
unprocessed-barbell,100x,ATCC_BAA-679__202309,hac,0.03,0.17,2944528.0,0.999999320774453,2944538.3,1.0000028187860202,1.002,0,1,0,0,0,0,,"chromosome (2944530bp, 99.9999% cov)"
unprocessed-barbell,20x,ATCC_BAA-679__202309,hac,0.14,1.25,2944528.0,0.999999320774453,2944538.3,1.0000028187860202,1.002,0,1,0,0,0,0,,"chromosome (2944530bp, 99.9993% cov)"
unprocessed-barbell,100x,ATCC_BAA-679__202309,sup,0.0,0.14,2944527.0,0.9999989811616794,2944534.0,1.000001358451094,1.002,1,1,0,0,0,0,,"chromosome (2944530bp, 99.9999% cov)"
unprocessed-barbell,20x,ATCC_BAA-679__202309,sup,0.07,0.34,2944537.0,1.0000023772894149,2944544.0,1.000004754578829,1.0,0,0,0,0,0,0,,"chromosome (2944530bp, 99.9999% cov)"
unprocessed-barbell,100x,BPH2947__202310,hac,0.45,0.36,3049600.0,0.999999016265396,3019809.7,0.9999976020708192,1.0,0,0,0,0,0,0,,"chromosome (3049603bp, 99.9999% cov); plasmid_1 (27319bp, 99.6449% cov); plasmid_2 (3011bp, 69.3125% cov)"
unprocessed-barbell,20x,BPH2947__202310,hac,1.99,2.93,534394.0,0.1752339566822304,887904.6,0.2940259682150334,1.0,5,5,0,0,0,0,,"chromosome (3049603bp, 99.5644% cov); plasmid_1 (27319bp, 99.9963% cov); plasmid_2 (3011bp, 100.0% cov)"
unprocessed-barbell,100x,BPH2947__202310,sup,0.13,0.23,3049610.0,1.000002295380743,3019829.9,1.0000042912180065,1.0,0,1,0,0,0,0,,"chromosome (3049603bp, 100.0% cov); plasmid_1 (27319bp, 99.9963% cov); plasmid_2 (3011bp, 96.3135% cov)"
unprocessed-barbell,20x,BPH2947__202310,sup,4.72,2.7,533366.0,0.1748968636245439,857721.6,0.2840309915039832,1.0,6,7,0,0,0,0,,"chromosome (3049603bp, 99.6251% cov); plasmid_1 (27319bp, 100.0% cov); plasmid_2 (3011bp, 90.734% cov)"
unprocessed-barbell,100x,MMC234__202311,hac,0.68,1.09,2204977.0,0.999996371857405,2204985.5,1.000000226758912,1.003,0,1,0,0,0,0,,"chromosome (2204985bp, 99.9992% cov)"
unprocessed-barbell,20x,MMC234__202311,hac,4.12,5.56,2205070.0,1.0000385490150727,2205171.0,1.0000843543153357,1.003,0,1,0,0,0,0,,"chromosome (2204985bp, 99.9778% cov)"
unprocessed-barbell,100x,MMC234__202311,sup,0.23,0.36,2204968.0,0.9999922901969854,2204967.0,0.999991836679161,1.003,0,1,0,0,0,0,,"chromosome (2204985bp, 99.9992% cov)"
unprocessed-barbell,20x,MMC234__202311,sup,1.95,2.04,2203659.0,0.9993986353648664,2202349.9,0.9988049351809648,1.003,0,1,0,0,0,0,,"chromosome (2204985bp, 99.9353% cov)"
unprocessed-barbell,100x,RDH275__202311,hac,0.0,0.33,1793502.0,0.999997212165885,1793517.5,1.0000058544516417,1.003,0,2,0,0,0,0,,"chromosome (1793507bp, 99.9997% cov)"
unprocessed-barbell,20x,RDH275__202311,hac,1.12,2.18,1792521.0,0.999450239112532,1791535.5,0.9989007570084756,1.0,0,1,0,0,0,0,,"chromosome (1793507bp, 99.879% cov)"
unprocessed-barbell,100x,RDH275__202311,sup,0.0,0.28,1793504.0,0.999998327299531,1793522.0,1.000008363502345,1.003,0,2,0,0,0,0,,"chromosome (1793507bp, 99.9998% cov)"
unprocessed-barbell,20x,RDH275__202311,sup,1.89,2.67,1792978.0,0.9997050471506383,1792469.1,0.9994213013944188,1.003,0,2,0,0,0,0,,"chromosome (1793507bp, 99.9436% cov)"
unprocessed-dorado,100x,AJ292__202310,hac,0.0,0.46,5445111.0,0.9999961433441834,5445090.0,0.9999922866883668,1.0,0,0,0,0,0,0,,"chromosome (5445132bp, 99.9996% cov)"
unprocessed-dorado,20x,AJ292__202310,hac,0.24,1.14,5445098.0,0.9999937558905826,5445064.0,0.9999875117811652,1.0,0,1,0,0,0,0,,"chromosome (5445132bp, 99.9991% cov)"
unprocessed-dorado,100x,AJ292__202310,sup,0.0,0.07,5445130.0,0.999999632699446,5445128.0,0.999999265398892,1.0,0,0,0,0,0,0,,"chromosome (5445132bp, 99.9999% cov)"
unprocessed-dorado,20x,AJ292__202310,sup,0.0,0.09,5445130.0,0.999999632699446,5445128.0,0.999999265398892,1.0,0,0,0,0,0,0,,"chromosome (5445132bp, 99.9999% cov)"
unprocessed-dorado,100x,AMtb_1__202402,hac,0.0,0.36,4405433.0,0.9999963681340994,4405417.0,0.9999927362681988,1.0,0,0,0,0,0,0,,"chromosome (4405449bp, 99.9996% cov)"
unprocessed-dorado,20x,AMtb_1__202402,hac,0.54,1.72,4405504.0,1.0000124845390337,4405590.6,1.0000321420132203,1.003,0,1,0,0,0,0,,"chromosome (4405449bp, 99.9993% cov)"
unprocessed-dorado,100x,AMtb_1__202402,sup,0.0,0.07,4405446.0,0.9999993190251436,4405443.0,0.9999986380502872,1.0,0,0,0,0,0,0,,"chromosome (4405449bp, 99.9999% cov)"
unprocessed-dorado,20x,AMtb_1__202402,sup,0.02,0.18,4405443.0,0.9999986380502872,4405437.0,0.9999972761005744,1.0,0,0,0,0,0,0,,"chromosome (4405449bp, 99.9998% cov)"
unprocessed-dorado,100x,ATCC_10708__202309,hac,0.0,0.37,4752100.0,0.999996212215269,4703556.4,1.0000000585689912,1.004,0,4,1,0,0,0,,"chromosome (4752118bp, 99.9996% cov); plasmid (49586bp, 99.996% cov)"
unprocessed-dorado,20x,ATCC_10708__202309,hac,1.77,2.2,3054643.0,0.6427961174364778,2435517.2,0.5178033673936142,1.002,1,5,0,0,0,0,,"chromosome (4752118bp, 99.9607% cov); plasmid (49586bp, 99.996% cov)"
unprocessed-dorado,100x,ATCC_10708__202309,sup,0.04,0.17,4752114.0,0.9999991582700598,4703584.1,1.000005947730142,1.004,0,2,0,0,0,0,,"chromosome (4752118bp, 99.9999% cov); plasmid (49586bp, 99.9899% cov)"
unprocessed-dorado,20x,ATCC_10708__202309,sup,0.19,0.46,4752115.0,0.9999993687025448,4703556.1,0.9999999947874624,1.001,0,1,0,0,0,0,,"chromosome (4752118bp, 99.9998% cov); plasmid (49586bp, 99.9899% cov)"
unprocessed-dorado,100x,ATCC_17802__202309,hac,0.25,0.39,3281432.0,0.99999664781622,2768244.2,0.9999925736427052,1.0,0,1,0,0,0,0,,"chromosome_1 (3281443bp, 99.9997% cov); chromosome_2 (1865648bp, 99.9995% cov)"
unprocessed-dorado,20x,ATCC_17802__202309,hac,1.42,1.38,1785794.0,0.5442099710401795,1542144.2,0.5570797357712048,1.0,1,4,0,0,0,0,,"chromosome_1 (3281443bp, 99.9851% cov); chromosome_2 (1865648bp, 99.8698% cov)"
unprocessed-dorado,100x,ATCC_17802__202309,sup,0.0,0.04,3281441.0,0.99999939051204,2768262.2,0.9999990759109392,1.0,0,1,0,0,0,0,,"chromosome_1 (3281443bp, 99.9999% cov); chromosome_2 (1865648bp, 100.0% cov)"
unprocessed-dorado,20x,ATCC_17802__202309,sup,0.1,0.14,3281447.0,1.00000121897592,2767529.9,0.9997345419649531,1.0,1,6,0,0,0,0,,"chromosome_1 (3281443bp, 100.0% cov); chromosome_2 (1865648bp, 99.9451% cov)"
unprocessed-dorado,100x,ATCC_19119__202309,hac,0.03,0.31,2919537.0,0.9999958897761264,2919537.4,0.9999960267835888,1.002,0,2,0,0,0,0,,"chromosome (2919549bp, 99.9996% cov)"
unprocessed-dorado,20x,ATCC_19119__202309,hac,0.31,1.47,2919543.0,0.9999979448880632,2919547.8,0.9999995889776124,1.002,0,2,0,0,0,0,,"chromosome (2919549bp, 99.9993% cov)"
unprocessed-dorado,100x,ATCC_19119__202309,sup,0.03,0.27,2919529.0,0.9999931496268774,2919517.8,0.9999893134179284,1.002,0,2,0,0,0,0,,"chromosome (2919549bp, 99.9993% cov)"
unprocessed-dorado,20x,ATCC_19119__202309,sup,0.07,0.31,2919534.0,0.999994862220158,2919531.4,0.999993971671652,1.002,0,2,0,0,0,0,,"chromosome (2919549bp, 99.9994% cov)"
unprocessed-dorado,100x,ATCC_25922__202309,hac,0.04,0.27,5132211.0,0.9999982463729148,5056112.0,0.99998617446652,1.0,1,2,0,0,0,0,,"chromosome (5132220bp, 99.9998% cov); plasmid_1 (48488bp, 98.2284% cov); plasmid_2 (24185bp, 100.0% cov); plasmid_3 (3173bp, 100.0% cov); plasmid_4 (1919bp, 100.0% cov)"
unprocessed-dorado,20x,ATCC_25922__202309,hac,0.67,1.88,5132250.0,1.0000058454236178,5056188.3,1.00000126490461,1.0,0,1,0,0,0,0,,"chromosome (5132220bp, 99.9993% cov); plasmid_1 (48488bp, 98.3295% cov); plasmid_2 (24185bp, 100.0% cov); plasmid_3 (3173bp, 100.0% cov); plasmid_4 (1919bp, 100.0% cov)"
unprocessed-dorado,100x,ATCC_25922__202309,sup,0.0,0.06,5132219.0,0.999999805152546,5056245.3,1.000012538233196,1.005,2,1,0,0,0,0,,"chromosome (5132220bp, 100.0% cov); plasmid_1 (48488bp, 98.3295% cov); plasmid_2 (24185bp, 100.0% cov); plasmid_3 (3173bp, 100.0% cov); plasmid_4 (1919bp, 100.0% cov)"
unprocessed-dorado,20x,ATCC_25922__202309,sup,0.08,0.31,5132215.0,0.9999990257627304,5056119.3,0.9999876182436898,1.0,0,1,0,0,0,0,,"chromosome (5132220bp, 99.9997% cov); plasmid_1 (48488bp, 98.2367% cov); plasmid_2 (24185bp, 100.0% cov); plasmid_3 (3173bp, 97.2581% cov); plasmid_4 (1919bp, 98.6972% cov)"
unprocessed-dorado,100x,ATCC_33560__202309,hac,0.45,0.34,1768448.0,1.0,1768448.0,1.0,1.0,0,0,0,0,0,0,,"chromosome (1768448bp, 99.9998% cov)"
unprocessed-dorado,20x,ATCC_33560__202309,hac,2.66,3.05,1768467.0,1.0000107438839028,1768486.0,1.0000214877678055,1.0,0,0,0,0,0,0,,"chromosome (1768448bp, 99.9989% cov)"
unprocessed-dorado,100x,ATCC_33560__202309,sup,0.28,0.11,1768446.0,0.9999988690648524,1768444.0,0.9999977381297048,1.0,0,0,0,0,0,0,,"chromosome (1768448bp, 99.9998% cov)"
unprocessed-dorado,20x,ATCC_33560__202309,sup,1.92,0.9,1768456.0,1.0000045237405906,1768464.0,1.0000090474811811,1.0,0,0,0,0,0,0,,"chromosome (1768448bp, 99.9997% cov)"
unprocessed-dorado,100x,ATCC_35221__202309,hac,0.26,0.33,1513362.0,0.9999960353331112,1513356.0,0.9999920706662226,1.0,0,0,0,0,0,0,,"chromosome (1513368bp, 99.9996% cov)"
unprocessed-dorado,20x,ATCC_35221__202309,hac,2.78,2.25,1513372.0,1.0000026431112592,1513376.0,1.0000052862225182,1.0,0,0,0,0,0,0,,"chromosome (1513368bp, 99.9989% cov)"
unprocessed-dorado,100x,ATCC_35221__202309,sup,0.79,0.33,1513361.0,0.9999953745552964,1513354.0,0.999990749110593,1.0,0,0,0,0,0,0,,"chromosome (1513368bp, 99.9995% cov)"
unprocessed-dorado,20x,ATCC_35221__202309,sup,3.5,1.26,1513376.0,1.0000052862225182,1513384.0,1.0000105724450363,1.0,0,0,0,0,0,0,,"chromosome (1513368bp, 99.9995% cov)"
unprocessed-dorado,100x,ATCC_35897__202309,hac,0.07,0.25,2814132.0,0.999998223256366,2814139.9,1.0000010305113076,1.002,0,1,0,0,0,0,,"chromosome (2814137bp, 99.9998% cov)"
unprocessed-dorado,20x,ATCC_35897__202309,hac,0.81,1.56,2813401.0,0.9997384633370728,2812679.8,0.9994821858353022,1.003,1,2,0,0,0,0,,"chromosome (2814137bp, 99.9734% cov)"
unprocessed-dorado,100x,ATCC_35897__202309,sup,0.07,0.04,2814136.0,0.9999996446512732,2814147.9,1.000003873301122,1.002,0,1,0,0,0,0,,"chromosome (2814137bp, 100% cov)"
unprocessed-dorado,20x,ATCC_35897__202309,sup,0.14,0.21,2814132.0,0.999998223256366,2814139.7,1.0000009594415624,1.002,0,1,0,0,0,0,,"chromosome (2814137bp, 99.9998% cov)"
unprocessed-dorado,100x,ATCC_BAA-679__202309,hac,0.07,0.31,2944522.0,0.999997283097812,2944526.3,0.999998743432738,1.002,0,1,0,0,0,0,,"chromosome (2944530bp, 99.9997% cov)"
unprocessed-dorado,20x,ATCC_BAA-679__202309,hac,0.27,1.49,2944538.0,1.000002716902188,2944558.3,1.0000096110414904,1.002,0,1,0,0,0,0,,"chromosome (2944530bp, 99.9993% cov)"
unprocessed-dorado,100x,ATCC_BAA-679__202309,sup,0.44,0.47,2944527.0,0.9999989811616794,2944535.5,1.0000018678702542,1.002,0,1,0,0,0,0,,"chromosome (2944530bp, 99.9999% cov)"
unprocessed-dorado,20x,ATCC_BAA-679__202309,sup,0.85,1.12,2944545.0,1.0000050941916028,2944572.3,1.0000143656203198,1.002,0,1,0,0,0,0,,"chromosome (2944530bp, 99.9946% cov)"
unprocessed-dorado,100x,BPH2947__202310,hac,0.0,0.03,3049602.0,0.9999996720884652,3019788.0,0.9999904162047808,1.0,0,2,0,0,0,0,,"chromosome (3049603bp, 100.0% cov); plasmid_1 (27319bp, 94.5789% cov); plasmid_2 (3011bp, 96.4132% cov)"
unprocessed-dorado,20x,BPH2947__202310,hac,0.03,0.36,3049609.0,1.0000019674692082,3019828.9,1.0000039600721062,1.0,0,0,0,0,0,0,,"chromosome (3049603bp, 99.9999% cov); plasmid_1 (27319bp, 100.0% cov); plasmid_2 (3011bp, 100.0% cov)"
unprocessed-dorado,100x,BPH2947__202310,sup,0.19,0.06,3049605.0,1.0000006558230694,3019823.7,1.0000022381134244,1.001,0,1,0,0,0,0,,"chromosome (3049603bp, 100% cov); plasmid_1 (27319bp, 100% cov); plasmid_2 (3011bp, 100% cov)"
unprocessed-dorado,20x,BPH2947__202310,sup,0.0,0.03,3049603.0,1.0,3019817.5,1.000000185008842,1.0,1,0,0,0,0,0,,"chromosome (3049603bp, 100% cov); plasmid_1 (27319bp, 100% cov); plasmid_2 (3011bp, 100% cov)"
unprocessed-dorado,100x,MMC234__202311,hac,0.86,1.0,2204974.0,0.9999950113039318,2204979.0,0.9999972788930536,1.003,0,1,0,0,0,0,,"chromosome (2204985bp, 99.9992% cov)"
unprocessed-dorado,20x,MMC234__202311,hac,1.59,2.77,2204998.0,1.000005895731717,2205011.0,1.000011791463434,1.0,0,0,0,0,0,0,,"chromosome (2204985bp, 99.9988% cov)"
unprocessed-dorado,100x,MMC234__202311,sup,0.14,0.41,2204970.0,0.9999931972326342,2204971.0,0.9999936507504588,1.003,0,1,0,0,0,0,,"chromosome (2204985bp, 99.9992% cov)"
unprocessed-dorado,20x,MMC234__202311,sup,0.68,0.95,2204983.0,0.9999990929643512,2204996.6,1.0000052608067629,1.003,0,1,0,0,0,0,,"chromosome (2204985bp, 99.9994% cov)"
unprocessed-dorado,100x,RDH275__202311,hac,0.06,0.56,1793491.0,0.9999910789308322,1793496.1,0.9999939225216294,1.003,0,2,0,0,0,0,,"chromosome (1793507bp, 99.9991% cov)"
unprocessed-dorado,20x,RDH275__202311,hac,2.44,3.67,1793547.0,1.0000223026729196,1793608.0,1.000056314249122,1.003,0,2,0,0,0,0,,"chromosome (1793507bp, 99.9386% cov)"
unprocessed-dorado,100x,RDH275__202311,sup,0.0,0.11,1793506.0,0.999999442433177,1793526.1,1.0000106495263192,1.003,0,2,0,0,0,0,,"chromosome (1793507bp, 99.9999% cov)"
unprocessed-dorado,20x,RDH275__202311,sup,0.39,0.72,1793486.0,0.9999882910967172,1793465.0,0.9999765821934344,1.0,0,1,0,0,0,0,,"chromosome (1793507bp, 99.9936% cov)"
unprocessed-porechop_abi,100x,AJ292__202310,hac,0.0,0.46,5445109.0,0.9999957760436294,5445086.0,0.9999915520872588,1.0,0,0,0,0,0,0,,"chromosome (5445132bp, 99.9996% cov)"
unprocessed-porechop_abi,20x,AJ292__202310,hac,0.15,0.84,5445115.0,0.9999968779452914,5445098.0,0.9999937558905826,1.0,0,1,0,0,0,0,,"chromosome (5445132bp, 99.9994% cov)"
unprocessed-porechop_abi,100x,AJ292__202310,sup,0.0,0.04,5445130.0,0.999999632699446,5445128.0,0.999999265398892,1.0,0,0,0,0,0,0,,"chromosome (5445132bp, 100% cov)"
unprocessed-porechop_abi,20x,AJ292__202310,sup,0.06,0.07,5445131.0,0.999999816349723,5445130.0,0.999999632699446,1.0,0,0,0,0,0,0,,"chromosome (5445132bp, 99.9999% cov)"
unprocessed-porechop_abi,100x,AMtb_1__202402,hac,0.02,0.36,4405434.0,0.999996595125718,4405419.0,0.9999931902514364,1.0,0,0,0,0,0,0,,"chromosome (4405449bp, 99.9996% cov)"
unprocessed-porechop_abi,20x,AMtb_1__202402,hac,0.2,1.02,4405433.0,0.9999963681340994,4405417.0,0.9999927362681988,1.0,0,0,0,0,0,0,,"chromosome (4405449bp, 99.9993% cov)"
unprocessed-porechop_abi,100x,AMtb_1__202402,sup,0.0,0.07,4405446.0,0.9999993190251436,4405443.0,0.9999986380502872,1.0,0,0,0,0,0,0,,"chromosome (4405449bp, 99.9999% cov)"
unprocessed-porechop_abi,20x,AMtb_1__202402,sup,0.02,0.16,4405445.0,0.9999990920335248,4405441.0,0.9999981840670495,1.0,0,0,0,0,0,0,,"chromosome (4405449bp, 99.9999% cov)"
unprocessed-porechop_abi,100x,ATCC_10708__202309,hac,0.02,0.37,4752102.0,0.9999966330802392,4703560.4,1.000000908989374,1.004,0,3,0,0,0,0,,"chromosome (4752118bp, 99.9996% cov); plasmid (49586bp, 99.9939% cov)"
unprocessed-porechop_abi,20x,ATCC_10708__202309,hac,2.66,4.27,4745434.0,0.9985934692699128,4690346.6,0.9971915877757664,1.001,2,2,0,0,0,0,,"chromosome (4752118bp, 99.9933% cov); plasmid (49586bp, 99.996% cov)"
unprocessed-porechop_abi,100x,ATCC_10708__202309,sup,0.02,0.15,4752113.0,0.9999989478375748,4703582.1,1.000005522519951,1.004,0,3,0,0,0,0,,"chromosome (4752118bp, 99.9999% cov); plasmid (49586bp, 99.9879% cov)"
unprocessed-porechop_abi,20x,ATCC_10708__202309,sup,0.54,0.73,4752117.0,0.9999997895675148,4703584.1,1.000005947730142,1.004,1,2,0,0,0,0,,"chromosome (4752118bp, 99.9998% cov); plasmid (49586bp, 99.9899% cov)"
unprocessed-porechop_abi,100x,ATCC_17802__202309,hac,0.16,0.33,3281432.0,0.99999664781622,2768246.4,0.999993368364378,1.0,0,1,0,0,0,0,,"chromosome_1 (3281443bp, 99.9997% cov); chromosome_2 (1865648bp, 99.9997% cov)"
unprocessed-porechop_abi,20x,ATCC_17802__202309,hac,0.89,0.97,1807100.0,0.5507028462782989,1592778.0,0.5753705440659753,1.0,1,3,0,0,0,0,,"chromosome_1 (3281443bp, 99.9516% cov); chromosome_2 (1865648bp, 99.9251% cov)"
unprocessed-porechop_abi,100x,ATCC_17802__202309,sup,0.02,0.1,3281442.0,0.99999969525602,2768263.5,0.9999995455192005,1.0,0,1,0,0,0,0,,"chromosome_1 (3281443bp, 99.9999% cov); chromosome_2 (1865648bp, 99.9999% cov)"
unprocessed-porechop_abi,20x,ATCC_17802__202309,sup,0.16,0.21,3281440.0,0.99999908576806,2768258.0,0.9999975587150176,1.0,0,12,0,0,0,0,,"chromosome_1 (3281443bp, 99.9999% cov); chromosome_2 (1865648bp, 99.9997% cov)"
unprocessed-porechop_abi,100x,ATCC_19119__202309,hac,0.0,0.24,2919539.0,0.9999965748134386,2919541.4,0.9999973968582132,1.002,0,2,0,0,0,0,,"chromosome (2919549bp, 99.9997% cov)"
unprocessed-porechop_abi,20x,ATCC_19119__202309,hac,0.07,0.82,2919531.0,0.9999938346641896,2919525.4,0.9999919165597152,1.002,0,2,0,0,0,0,,"chromosome (2919549bp, 99.9993% cov)"
unprocessed-porechop_abi,100x,ATCC_19119__202309,sup,0.0,0.31,2919532.0,0.9999941771828456,2919527.4,0.9999926015970274,1.002,0,2,0,0,0,0,,"chromosome (2919549bp, 99.9994% cov)"
unprocessed-porechop_abi,20x,ATCC_19119__202309,sup,0.03,0.34,2919530.0,0.9999934921455336,2919523.4,0.9999912315224028,1.002,0,2,0,0,0,0,,"chromosome (2919549bp, 99.9993% cov)"
unprocessed-porechop_abi,100x,ATCC_25922__202309,hac,0.13,0.33,5132207.0,0.9999974669830988,5056104.4,0.999984671356042,1.0,0,1,0,0,0,0,,"chromosome (5132220bp, 99.9997% cov); plasmid_1 (48488bp, 98.2346% cov); plasmid_2 (24185bp, 100.0% cov); plasmid_3 (3173bp, 100.0% cov); plasmid_4 (1919bp, 100.0% cov)"
unprocessed-porechop_abi,20x,ATCC_25922__202309,hac,1.13,2.07,5132257.0,1.0000072093557957,5056208.0,1.0000051611251914,1.001,1,1,0,0,0,0,,"chromosome (5132220bp, 99.9993% cov); plasmid_1 (48488bp, 97.2612% cov); plasmid_2 (24185bp, 100.0% cov); plasmid_3 (3173bp, 100.0% cov); plasmid_4 (1919bp, 100.0% cov)"
unprocessed-porechop_abi,100x,ATCC_25922__202309,sup,0.08,0.17,5132216.0,0.9999992206101844,5056207.7,1.0000051017918832,1.006,0,4,0,0,0,0,,"chromosome (5132220bp, 99.9999% cov); plasmid_1 (48488bp, 98.2305% cov); plasmid_2 (24185bp, 99.9917% cov); plasmid_3 (3173bp, 99.6533% cov); plasmid_4 (1919bp, 100.0% cov)"
unprocessed-porechop_abi,20x,ATCC_25922__202309,sup,0.1,0.1,5132218.0,0.999999610305092,5056131.2,0.9999899717982544,1.001,2,3,0,0,0,0,,"chromosome (5132220bp, 99.9999% cov); plasmid_1 (48488bp, 98.3295% cov); plasmid_2 (24185bp, 100.0% cov); plasmid_3 (3173bp, 100.0% cov); plasmid_4 (1919bp, 100.0% cov)"
unprocessed-porechop_abi,100x,ATCC_33560__202309,hac,0.34,0.17,1768444.0,0.9999977381297048,1768440.0,0.9999954762594094,1.0,0,0,0,0,0,0,,"chromosome (1768448bp, 99.9998% cov)"
unprocessed-porechop_abi,20x,ATCC_33560__202309,hac,2.83,2.83,1768493.0,1.0000254460408222,1768538.0,1.0000508920816444,1.0,0,0,0,0,0,0,,"chromosome (1768448bp, 99.9998% cov)"
unprocessed-porechop_abi,100x,ATCC_33560__202309,sup,0.62,0.11,1768447.0,0.999999434532426,1768446.0,0.9999988690648524,1.0,0,0,0,0,0,0,,"chromosome (1768448bp, 99.9999% cov)"
unprocessed-porechop_abi,20x,ATCC_33560__202309,sup,2.83,0.57,1768455.0,1.0000039582730167,1768462.0,1.0000079165460336,1.0,0,0,0,0,0,0,,"chromosome (1768448bp, 99.9999% cov)"
unprocessed-porechop_abi,100x,ATCC_35221__202309,hac,0.33,0.33,1513365.0,0.9999980176665556,1513362.0,0.9999960353331112,1.0,0,0,0,0,0,0,,"chromosome (1513368bp, 99.9997% cov)"
unprocessed-porechop_abi,20x,ATCC_35221__202309,hac,2.11,1.72,1513362.0,0.9999960353331112,1513356.0,0.9999920706662226,1.0,0,0,0,0,0,0,,"chromosome (1513368bp, 99.9985% cov)"
unprocessed-porechop_abi,100x,ATCC_35221__202309,sup,0.59,0.4,1513360.0,0.9999947137774816,1513352.0,0.9999894275549636,1.0,0,0,0,0,0,0,,"chromosome (1513368bp, 99.9994% cov)"
unprocessed-porechop_abi,20x,ATCC_35221__202309,sup,3.3,1.72,1513386.0,1.000011894000666,1513404.0,1.000023788001332,1.0,0,0,0,0,0,0,,"chromosome (1513368bp, 99.9996% cov)"
unprocessed-porechop_abi,100x,ATCC_35897__202309,hac,0.07,0.14,2814133.0,0.9999985786050928,2814141.9,1.0000017412087614,1.002,0,1,0,0,0,0,,"chromosome (2814137bp, 99.9999% cov)"
unprocessed-porechop_abi,20x,ATCC_35897__202309,hac,0.53,0.71,2814125.0,0.9999957358152785,2814125.9,0.9999960556291324,1.002,0,1,0,0,0,0,,"chromosome (2814137bp, 99.9994% cov)"
unprocessed-porechop_abi,100x,ATCC_35897__202309,sup,0.18,0.11,2814135.0,0.9999992893025464,2814145.9,1.0000031626036685,1.002,0,1,0,0,0,0,,"chromosome (2814137bp, 99.9999% cov)"
unprocessed-porechop_abi,20x,ATCC_35897__202309,sup,0.14,0.14,2814134.0,0.9999989339538196,2814140.2,1.000001137115926,1.002,0,1,0,0,0,0,,"chromosome (2814137bp, 99.9999% cov)"
unprocessed-porechop_abi,100x,ATCC_BAA-679__202309,hac,0.03,0.31,2944525.0,0.9999983019361324,2944532.3,1.000000781109379,1.002,0,1,0,0,0,0,,"chromosome (2944530bp, 99.9998% cov)"
unprocessed-porechop_abi,20x,ATCC_BAA-679__202309,hac,0.54,2.03,2944550.0,1.0000067922554703,2944582.3,1.0000177617480548,1.002,0,1,0,0,0,0,,"chromosome (2944530bp, 99.9993% cov)"
unprocessed-porechop_abi,100x,ATCC_BAA-679__202309,sup,0.0,0.1,2944527.0,0.9999989811616794,2944536.3,1.000002139560473,1.002,0,1,0,0,0,0,,"chromosome (2944530bp, 99.9999% cov)"
unprocessed-porechop_abi,20x,ATCC_BAA-679__202309,sup,0.47,0.95,2944544.0,1.000004754578829,2944575.0,1.000015282574808,1.003,0,3,0,0,0,0,,"chromosome (2944530bp, 99.9999% cov)"
unprocessed-porechop_abi,100x,BPH2947__202310,hac,1.33,0.75,3049602.0,0.9999996720884652,3019805.9,0.9999963437163976,1.0,0,-1,0,1,0,1,"plasmid_2 (3011bp, 0.0% cov)","chromosome (3049603bp, 99.9999% cov); plasmid_1 (27319bp, 97.8989% cov); plasmid_2 (3011bp, 0.0% cov)"
unprocessed-porechop_abi,20x,BPH2947__202310,hac,0.03,0.49,3049609.0,1.0000019674692082,3019828.8,1.000003926957516,1.0,0,0,0,0,0,0,,"chromosome (3049603bp, 99.9999% cov); plasmid_1 (27319bp, 99.9963% cov); plasmid_2 (3011bp, 99.9336% cov)"
unprocessed-porechop_abi,100x,BPH2947__202310,sup,0.84,0.16,3049603.0,1.0,3020020.7,1.0000674738557984,1.008,0,1,0,0,1,1,"plasmid_2 (3011bp, 35.4367% cov)","chromosome (3049603bp, 100.0% cov); plasmid_1 (27319bp, 98.3857% cov); plasmid_2 (3011bp, 35.4367% cov)"
unprocessed-porechop_abi,20x,BPH2947__202310,sup,0.03,0.03,3049603.0,1.0,3019817.2,1.000000085665072,1.0,1,0,0,0,0,0,,"chromosome (3049603bp, 100.0% cov); plasmid_1 (27319bp, 99.9963% cov); plasmid_2 (3011bp, 91.0993% cov)"
unprocessed-porechop_abi,100x,MMC234__202311,hac,0.41,0.9,2204980.0,0.999997732410878,2204991.0,1.0000027211069462,1.003,0,1,0,0,0,0,,"chromosome (2204985bp, 99.9993% cov)"
unprocessed-porechop_abi,20x,MMC234__202311,hac,2.09,3.17,2204895.0,0.9999591833958054,2204805.0,0.9999183667916108,1.0,0,0,0,0,0,0,,"chromosome (2204985bp, 99.9941% cov)"
unprocessed-porechop_abi,100x,MMC234__202311,sup,0.18,0.32,2204967.0,0.999991836679161,2204965.0,0.9999909296435124,1.003,0,1,0,0,0,0,,"chromosome (2204985bp, 99.9992% cov)"
unprocessed-porechop_abi,20x,MMC234__202311,sup,0.68,1.49,2204984.0,0.9999995464821756,2204999.0,1.0000063492495417,1.003,0,1,0,0,0,0,,"chromosome (2204985bp, 99.9993% cov)"
unprocessed-porechop_abi,100x,RDH275__202311,hac,0.0,0.44,1793501.0,0.999996654599062,1793516.1,1.0000050738580892,1.003,0,2,0,0,0,0,,"chromosome (1793507bp, 99.9996% cov)"
unprocessed-porechop_abi,20x,RDH275__202311,hac,0.22,1.95,1793500.0,0.999996097032239,1793493.0,0.999992194064478,1.0,0,1,0,0,0,0,,"chromosome (1793507bp, 99.9988% cov)"
unprocessed-porechop_abi,100x,RDH275__202311,sup,0.0,0.17,1793503.0,0.999997769732708,1793520.1,1.0000073041253812,1.003,0,2,0,0,0,0,,"chromosome (1793507bp, 99.9998% cov)"
unprocessed-porechop_abi,20x,RDH275__202311,sup,0.11,0.5,1793502.0,0.999997212165885,1793518.1,1.000006188991735,1.003,0,2,0,0,0,0,,"chromosome (1793507bp, 99.9996% cov)"
unprocessed-untrimmed,100x,AJ292__202310,hac,0.0,0.44,5445110.0,0.9999959596939064,5445088.0,0.9999919193878128,1.0,0,0,0,0,0,0,,"chromosome (5445132bp, 99.9996% cov)"
unprocessed-untrimmed,20x,AJ292__202310,hac,0.09,0.88,5439226.0,0.9989153614641482,5433332.7,0.997833055286814,1.0,2,0,0,0,0,0,,"chromosome (5445132bp, 99.9994% cov)"
unprocessed-untrimmed,100x,AJ292__202310,sup,0.0,0.07,5445130.0,0.999999632699446,5445134.5,1.0000004591256924,1.001,0,1,0,0,0,0,,"chromosome (5445132bp, 99.9999% cov)"
unprocessed-untrimmed,20x,AJ292__202310,sup,0.06,0.18,5445128.0,0.999999265398892,5445130.5,0.9999997245245844,1.001,0,3,1,0,0,0,,"chromosome (5445132bp, 99.9999% cov)"
unprocessed-untrimmed,100x,AMtb_1__202402,hac,0.02,0.36,4405435.0,0.999996822117337,4405421.7,0.9999938031288071,1.0,0,1,0,0,0,0,,"chromosome (4405449bp, 99.9997% cov)"
unprocessed-untrimmed,20x,AMtb_1__202402,hac,0.3,0.91,4405433.0,0.9999963681340994,4405417.0,0.9999927362681988,1.0,0,0,0,0,0,0,,"chromosome (4405449bp, 99.9993% cov)"
unprocessed-untrimmed,100x,AMtb_1__202402,sup,0.0,0.07,4405448.0,0.9999997730083812,4405447.0,0.9999995460167624,1.0,0,0,0,0,0,0,,"chromosome (4405449bp, 100% cov)"
unprocessed-untrimmed,20x,AMtb_1__202402,sup,0.02,0.09,4405445.0,0.9999990920335248,4405441.0,0.9999981840670495,1.0,0,0,0,0,0,0,,"chromosome (4405449bp, 99.9999% cov)"
unprocessed-untrimmed,100x,ATCC_10708__202309,hac,0.06,0.41,4752098.0,0.9999957913502988,4703552.4,0.9999992081486084,1.004,0,3,0,0,0,0,,"chromosome (4752118bp, 99.9996% cov); plasmid (49586bp, 99.9939% cov)"
unprocessed-untrimmed,20x,ATCC_10708__202309,hac,1.06,2.34,4752126.0,1.0000016834598804,4703608.0,1.0000110289919295,1.004,0,3,0,0,0,0,,"chromosome (4752118bp, 99.9992% cov); plasmid (49586bp, 99.998% cov)"
unprocessed-untrimmed,100x,ATCC_10708__202309,sup,0.06,0.23,4752111.0,0.9999985269726046,4703578.1,1.000004672099568,1.004,0,3,0,0,0,0,,"chromosome (4752118bp, 99.9998% cov); plasmid (49586bp, 99.9899% cov)"
unprocessed-untrimmed,20x,ATCC_10708__202309,sup,0.89,0.5,3054622.0,0.6427916983542917,2435482.7,0.5177960325178125,1.003,1,6,3,0,0,0,,"chromosome (4752118bp, 99.9664% cov); plasmid (49586bp, 99.996% cov)"
unprocessed-untrimmed,100x,ATCC_17802__202309,hac,0.25,0.23,3281438.0,0.9999984762801,2768253.3,0.9999958609005344,1.0,0,1,0,0,0,0,,"chromosome_1 (3281443bp, 99.9998% cov); chromosome_2 (1865648bp, 99.9996% cov)"
unprocessed-untrimmed,20x,ATCC_17802__202309,hac,1.07,1.09,3281444.0,1.00000030474398,2768263.9,0.99999969001405,1.0,0,1,0,0,0,0,,"chromosome_1 (3281443bp, 99.9996% cov); chromosome_2 (1865648bp, 99.9991% cov)"
unprocessed-untrimmed,100x,ATCC_17802__202309,sup,0.04,0.1,3281444.0,1.00000030474398,2768270.4,1.0000020380553567,1.001,0,3,3,0,0,0,,"chromosome_1 (3281443bp, 100% cov); chromosome_2 (1865648bp, 100% cov)"
unprocessed-untrimmed,20x,ATCC_17802__202309,sup,1.34,1.77,3277916.0,0.9989251679825004,2763768.6,0.9983758207700376,1.0,0,1,1,0,0,0,,"chromosome_1 (3281443bp, 99.8755% cov); chromosome_2 (1865648bp, 99.9998% cov)"
unprocessed-untrimmed,100x,ATCC_19119__202309,hac,0.03,0.31,2919538.0,0.9999962322947824,2919539.4,0.9999967118209012,1.002,0,2,2,0,0,0,,"chromosome (2919549bp, 99.9996% cov)"
unprocessed-untrimmed,20x,ATCC_19119__202309,hac,0.0,0.51,2919539.0,0.9999965748134386,2919541.4,0.9999973968582132,1.002,0,1,0,0,0,0,,"chromosome (2919549bp, 99.9996% cov)"
unprocessed-untrimmed,100x,ATCC_19119__202309,sup,0.0,0.24,2919532.0,0.9999941771828456,2919527.4,0.9999926015970274,1.002,0,1,0,0,0,0,,"chromosome (2919549bp, 99.9994% cov)"
unprocessed-untrimmed,20x,ATCC_19119__202309,sup,0.24,0.58,2919533.0,0.999994519701502,2919525.9,0.9999920878190433,1.002,0,2,2,0,0,0,,"chromosome (2919549bp, 99.9992% cov)"
unprocessed-untrimmed,100x,ATCC_25922__202309,hac,0.28,0.47,5132209.0,0.9999978566780068,5056615.3,1.000085715980159,1.01,3,0,0,0,0,0,,"chromosome (5132220bp, 99.9997% cov); plasmid_1 (48488bp, 100.0% cov); plasmid_2 (24185bp, 100.0% cov); plasmid_3 (3173bp, 100.0% cov); plasmid_4 (1919bp, 100.0% cov)"
unprocessed-untrimmed,20x,ATCC_25922__202309,hac,0.98,2.32,5129566.0,0.9994828748572744,5050904.5,0.9989562471224392,1.0,1,1,2,0,0,0,,"chromosome (5132220bp, 99.9467% cov); plasmid_1 (48488bp, 98.247% cov); plasmid_2 (24185bp, 100.0% cov); plasmid_3 (3173bp, 100.0% cov); plasmid_4 (1919bp, 100.0% cov)"
unprocessed-untrimmed,100x,ATCC_25922__202309,sup,0.06,0.1,5132218.0,0.999999610305092,5056237.6,1.0000110153449484,1.006,4,1,0,0,0,0,,"chromosome (5132220bp, 99.9999% cov); plasmid_1 (48488bp, 98.3295% cov); plasmid_2 (24185bp, 100.0% cov); plasmid_3 (3173bp, 100.0% cov); plasmid_4 (1919bp, 100.0% cov)"
unprocessed-untrimmed,20x,ATCC_25922__202309,sup,0.19,1.5,5132353.0,1.0000259147113724,5056391.1,1.0000413742210532,1.0,1,3,0,0,0,0,,"chromosome (5132220bp, 99.9958% cov); plasmid_1 (48488bp, 98.2367% cov); plasmid_2 (24185bp, 99.9628% cov); plasmid_3 (3173bp, 100.0% cov); plasmid_4 (1919bp, 100.0% cov)"
unprocessed-untrimmed,100x,ATCC_33560__202309,hac,0.28,0.28,1768447.0,0.999999434532426,1768446.0,0.9999988690648524,1.0,0,0,0,0,0,0,,"chromosome (1768448bp, 99.9998% cov)"
unprocessed-untrimmed,20x,ATCC_33560__202309,hac,3.22,2.94,1768476.0,1.0000158330920672,1768504.0,1.0000316661841344,1.0,0,0,0,0,0,0,,"chromosome (1768448bp, 99.9993% cov)"
unprocessed-untrimmed,100x,ATCC_33560__202309,sup,0.45,0.11,1768445.0,0.9999983035972784,1768442.0,0.9999966071945572,1.0,0,0,0,0,0,0,,"chromosome (1768448bp, 99.9998% cov)"
unprocessed-untrimmed,20x,ATCC_33560__202309,sup,2.32,0.96,1768458.0,1.0000056546757383,1768468.0,1.0000113093514766,1.0,0,0,0,0,0,0,,"chromosome (1768448bp, 99.9998% cov)"
unprocessed-untrimmed,100x,ATCC_35221__202309,hac,0.53,0.4,1513364.0,0.9999973568887408,1513360.0,0.9999947137774816,1.0,0,0,0,0,0,0,,"chromosome (1513368bp, 99.9996% cov)"
unprocessed-untrimmed,20x,ATCC_35221__202309,hac,2.78,1.85,1513377.0,1.000005947000333,1513386.0,1.000011894000666,1.0,0,0,0,0,0,0,,"chromosome (1513368bp, 99.9993% cov)"
unprocessed-untrimmed,100x,ATCC_35221__202309,sup,0.99,0.26,1513362.0,0.9999960353331112,1513356.0,0.9999920706662226,1.0,0,0,0,0,0,0,,"chromosome (1513368bp, 99.9995% cov)"
unprocessed-untrimmed,20x,ATCC_35221__202309,sup,2.84,1.59,1513380.0,1.0000079293337774,1513392.0,1.0000158586675547,1.0,0,0,0,0,0,0,,"chromosome (1513368bp, 99.9995% cov)"
unprocessed-untrimmed,100x,ATCC_35897__202309,hac,0.07,0.14,2814135.0,0.9999992893025464,2814145.9,1.0000031626036685,1.002,0,1,0,0,0,0,,"chromosome (2814137bp, 99.9999% cov)"
unprocessed-untrimmed,20x,ATCC_35897__202309,hac,0.6,1.1,2814119.0,0.9999936037229176,2814113.5,0.99999164930492,1.002,0,1,0,0,0,0,,"chromosome (2814137bp, 99.9992% cov)"
unprocessed-untrimmed,100x,ATCC_35897__202309,sup,0.11,0.04,2814136.0,0.9999996446512732,2814147.7,1.0000038022313769,1.002,0,1,0,0,0,0,,"chromosome (2814137bp, 100% cov)"
unprocessed-untrimmed,20x,ATCC_35897__202309,sup,0.21,0.32,2814132.0,0.999998223256366,2814139.3,1.0000008173020716,1.002,0,1,0,0,0,0,,"chromosome (2814137bp, 99.9998% cov)"
unprocessed-untrimmed,100x,ATCC_BAA-679__202309,hac,0.03,0.2,2944524.0,0.9999979623233588,2944530.3,1.000000101883832,1.002,0,2,0,0,0,0,,"chromosome (2944530bp, 99.9998% cov)"
unprocessed-untrimmed,20x,ATCC_BAA-679__202309,hac,0.44,1.59,2944528.0,0.999999320774453,2944538.9,1.0000030225536842,1.003,0,3,1,0,0,0,,"chromosome (2944530bp, 99.9992% cov)"
unprocessed-untrimmed,100x,ATCC_BAA-679__202309,sup,0.17,0.27,2944529.0,0.9999996603872264,2944540.3,1.000003498011567,1.002,0,1,0,0,0,0,,"chromosome (2944530bp, 99.9999% cov)"
unprocessed-untrimmed,20x,ATCC_BAA-679__202309,sup,0.2,0.81,1788377.0,0.6073556730615752,1540995.5,0.5233417557301165,1.002,1,1,0,0,0,0,,"chromosome (2944530bp, 99.9998% cov)"
unprocessed-untrimmed,100x,BPH2947__202310,hac,0.35,0.19,3049602.0,0.9999996720884652,3020022.0,1.0000679043454688,1.009,2,0,0,0,0,0,,"chromosome (3049603bp, 99.9999% cov); plasmid_1 (27319bp, 100.0% cov); plasmid_2 (3011bp, 100.0% cov)"
unprocessed-untrimmed,20x,BPH2947__202310,hac,4.34,4.21,3049630.0,1.000008853611437,3020853.3,1.0003431859324514,1.018,0,1,1,0,0,0,,"chromosome (3049603bp, 99.9998% cov); plasmid_1 (27319bp, 100.0% cov); plasmid_2 (3011bp, 99.3358% cov)"
unprocessed-untrimmed,100x,BPH2947__202310,sup,0.0,0.06,3049602.0,0.9999996720884652,3019817.9,1.000000317467202,1.001,1,0,0,0,0,0,,"chromosome (3049603bp, 100.0% cov); plasmid_1 (27319bp, 99.9963% cov); plasmid_2 (3011bp, 100.0% cov)"
unprocessed-untrimmed,20x,BPH2947__202310,sup,0.0,0.1,3049604.0,1.0000003279115348,3019819.0,1.0000006817276923,1.0,0,0,0,0,0,0,,"chromosome (3049603bp, 100.0% cov); plasmid_1 (27319bp, 99.9963% cov); plasmid_2 (3011bp, 100.0% cov)"
unprocessed-untrimmed,100x,MMC234__202311,hac,0.68,0.72,2204971.0,0.9999936507504588,2204973.0,0.9999945577861074,1.003,0,1,0,0,0,0,,"chromosome (2204985bp, 99.9992% cov)"
unprocessed-untrimmed,20x,MMC234__202311,hac,2.16,2.75,2180066.0,0.9886987893341678,2155428.6,0.9775252892876822,1.0,0,0,0,0,0,0,,"chromosome (2204985bp, 99.7327% cov)"
unprocessed-untrimmed,100x,MMC234__202311,sup,0.27,0.41,2204972.0,0.9999941042682832,2204974.4,0.9999951927110616,1.003,0,1,0,0,0,0,,"chromosome (2204985bp, 99.9994% cov)"
unprocessed-untrimmed,20x,MMC234__202311,sup,0.63,1.09,2204979.0,0.9999972788930536,2204988.9,1.000001768719515,1.003,0,1,0,0,0,0,,"chromosome (2204985bp, 99.9992% cov)"
unprocessed-untrimmed,100x,RDH275__202311,hac,0.06,0.44,1793501.0,0.999996654599062,1793516.1,1.0000050738580892,1.003,0,2,2,0,0,0,,"chromosome (1793507bp, 99.9996% cov)"
unprocessed-untrimmed,20x,RDH275__202311,hac,0.22,0.83,1793498.0,0.999994981898593,1793509.6,1.0000014496737395,1.003,0,2,2,0,0,0,,"chromosome (1793507bp, 99.9994% cov)"
unprocessed-untrimmed,100x,RDH275__202311,sup,0.0,0.22,1793503.0,0.999997769732708,1793520.1,1.0000073041253812,1.003,0,2,2,0,0,0,,"chromosome (1793507bp, 99.9998% cov)"
unprocessed-untrimmed,20x,RDH275__202311,sup,0.17,0.61,1793500.0,0.999996097032239,1793511.1,1.0000022860239743,1.003,0,2,2,0,0,0,,"chromosome (1793507bp, 99.9996% cov)"
